ff_id,Ext15,Ext15_SE
1,-0.869,0.494
2,1.488,0.276
4,-0.86,0.475
5,0.031,0.425
6,-0.99,0.516
7,0.762,0.34
8,-0.653,0.483
11,-1.34,0.541
13,1.164,0.306
16,-2.048,0.629
19,0.275,0.409
20,0.741,0.331
21,1.037,0.292
22,0.503,0.374
24,-0.999,0.485
26,0.278,0.374
28,2.571,0.295
29,-0.672,0.455
30,1.27,0.313
31,-1.063,0.498
38,-0.919,0.485
41,0.575,0.368
42,-0.204,0.433
43,0.388,0.392
45,-2.048,0.629
47,0.055,0.425
48,1.155,0.297
49,-1.134,0.507
52,0.277,0.409
54,-0.053,0.431
55,-1.369,0.521
58,-0.027,0.429
59,-0.521,0.48
61,-0.174,0.436
63,0.115,0.389
66,-0.819,0.462
68,-1.61,0.576
69,-1.318,0.53
70,-0.173,0.405
71,-2.048,0.629
73,1.739,0.265
74,-1.723,0.576
75,-0.784,0.481
77,-0.784,0.481
78,1.808,0.278
79,0.016,0.401
81,1.184,0.29
82,-1.003,0.507
83,0.577,0.36
84,0.715,0.316
86,0.055,0.425
87,0.281,0.413
88,-0.774,0.478
89,0.047,0.416
91,0.513,0.364
95,-0.473,0.458
96,0.422,0.391
97,0.271,0.41
98,-0.226,0.422
100,1.91,0.276
101,-0.483,0.466
102,-1.065,0.497
103,-0.242,0.434
104,2.313,0.27
105,-0.429,0.432
106,1.319,0.304
107,0.415,0.33
109,0.405,0.401
110,0.325,0.403
112,-0.417,0.46
114,0.089,0.424
116,-0.141,0.449
117,1.988,0.27
118,0.014,0.403
120,-0.824,0.458
122,1.449,0.275
126,0.531,0.382
127,-1.353,0.54
128,1.536,0.292
130,-0.353,0.462
132,-0.31,0.451
133,1.088,0.29
135,0.693,0.36
136,1.098,0.322
137,0.1,0.423
139,1.192,0.294
144,1.233,0.283
146,-0.307,0.44
147,-0.823,0.475
148,0.324,0.397
151,1.45,0.273
156,-0.105,0.43
158,-0.965,0.491
159,0.768,0.355
160,-0.232,0.436
161,0.516,0.409
162,0.718,0.36
164,-1.17,0.502
165,1.567,0.281
166,-0.841,0.492
167,0.123,0.402
168,-0.167,0.429
170,-0.883,0.461
171,-0.314,0.435
172,0.675,0.285
173,1.385,0.278
175,0.57,0.375
178,0.289,0.377
179,1.578,0.27
181,-0.222,0.445
182,-0.384,0.421
185,0.995,0.321
187,0.861,0.31
188,0.921,0.283
190,-1.421,0.559
191,1.571,0.277
194,-1.096,0.497
195,0.481,0.392
197,0.483,0.391
198,1.409,0.293
200,2.195,0.274
202,-0.203,0.436
203,1.947,0.269
204,0.178,0.409
205,0.672,0.346
207,0.678,0.353
209,0.48,0.376
210,0.653,0.357
211,1.163,0.329
212,0.903,0.359
216,0.152,0.411
217,0.071,0.424
218,0.733,0.353
219,-1.39,0.544
221,0.374,0.408
222,-0.139,0.425
227,-0.219,0.417
228,1.327,0.28
231,-2.048,0.629
232,-0.327,0.424
237,-0.104,0.381
238,0.634,0.36
239,1.104,0.311
242,-0.535,0.457
243,1.558,0.273
244,0.18,0.425
245,1.652,0.269
246,1.222,0.307
248,-1.817,0.593
249,1.146,0.281
250,0.93,0.28
251,1.276,0.29
252,0.328,0.433
253,-0.375,0.456
254,-1.13,0.496
255,1.687,0.281
259,0.109,0.423
263,1.457,0.286
267,-0.495,0.441
269,0.834,0.347
271,0.324,0.402
272,0.348,0.406
274,2.301,0.275
275,-0.677,0.459
276,0.841,0.335
277,0.921,0.334
278,1.623,0.267
279,1.528,0.296
280,0.188,0.402
281,0.767,0.303
287,-0.584,0.456
288,0.348,0.406
291,-0.834,0.463
292,1.543,0.284
293,-0.516,0.448
294,0.959,0.335
295,1.922,0.283
296,1.495,0.278
297,1.414,0.311
298,0.396,0.398
299,0.185,0.391
301,0.878,0.284
302,1.002,0.316
304,0.796,0.341
305,-0.036,0.43
306,1.21,0.314
307,-0.141,0.449
309,0.838,0.324
312,-0.86,0.475
313,0.062,0.421
315,1.25,0.295
317,-1.134,0.507
318,-1.178,0.529
319,-0.698,0.442
320,-0.838,0.479
321,0.101,0.411
322,0.735,0.335
325,0.84,0.341
326,0.883,0.333
327,0.614,0.371
330,1.397,0.289
331,-0.699,0.483
332,-1.594,0.564
334,-0.699,0.466
335,0.23,0.395
336,0.961,0.302
337,-1.514,0.55
339,0.68,0.285
340,-0.356,0.431
342,1.792,0.258
343,1.255,0.307
344,-0.636,0.467
346,-0.109,0.415
348,1.14,0.282
349,0.046,0.413
351,0.526,0.372
353,0.279,0.399
354,0.733,0.343
355,1.027,0.305
357,0.98,0.333
358,0.557,0.348
360,0.755,0.345
364,0.502,0.392
366,-2.048,0.629
367,1.058,0.283
368,0.729,0.316
369,0.558,0.36
371,-2.048,0.629
375,0.644,0.373
376,-0.273,0.455
377,-0.484,0.459
378,0.44,0.384
379,0.177,0.415
380,-0.54,0.446
381,-0.8,0.497
383,-0.896,0.493
385,0.229,0.411
386,0.365,0.4
388,-0.643,0.443
389,-0.361,0.469
390,0.433,0.385
391,-0.077,0.431
392,0.521,0.366
395,-0.522,0.447
397,-1.133,0.514
398,2.424,0.284
399,0.396,0.401
401,-0.603,0.485
402,0.024,0.401
403,0.85,0.344
404,0.274,0.397
405,1.179,0.29
407,0.036,0.491
408,1.02,0.281
409,0.225,0.409
410,0.995,0.317
411,-0.31,0.449
412,2.382,0.275
413,0.575,0.379
414,-0.141,0.449
415,-0.018,0.426
417,-1.379,0.523
421,-2.048,0.629
423,0.205,0.417
425,-0.139,0.406
426,1.135,0.302
428,1.014,0.318
429,-0.68,0.478
435,1.335,0.273
437,0.524,0.356
439,-1.061,0.515
441,-0.315,0.425
442,-1.562,0.541
443,0.205,0.417
444,-2.048,0.629
445,-0.032,0.417
446,-0.54,0.446
448,-0.371,0.439
450,0.502,0.391
452,-0.625,0.475
453,0.707,0.367
454,1.231,0.292
455,-0.015,0.404
458,-0.883,0.506
459,-1.213,0.532
460,-0.294,0.453
461,-0.547,0.465
462,0.681,0.331
464,-1.817,0.593
465,-0.959,0.506
470,0.396,0.388
471,-1.425,0.537
472,0.348,0.406
473,-0.555,0.479
474,-0.21,0.455
475,-0.193,0.418
478,-0.089,0.417
479,-1.035,0.49
480,-0.294,0.444
481,-0.356,0.425
482,-0.263,0.452
483,-0.105,0.417
484,-1.353,0.54
487,0.205,0.417
489,-0.711,0.494
491,-1.369,0.521
492,-0.14,0.446
493,0.882,0.32
495,-2.048,0.629
496,-0.485,0.461
499,0.492,0.354
503,-1.065,0.497
504,-2.048,0.629
505,-0.081,0.431
506,-1.003,0.507
507,1.009,0.303
509,0.468,0.394
510,-0.036,0.43
512,1.671,0.263
513,-0.676,0.475
515,1.89,0.279
516,-0.535,0.444
517,-0.321,0.423
518,0.248,0.407
519,0.448,0.383
522,-1.529,0.562
524,0.595,0.373
525,-0.817,0.485
526,-0.053,0.431
527,-0.609,0.444
528,0.072,0.338
532,-1.067,0.492
533,-1.035,0.49
535,0.98,0.317
538,0.287,0.41
539,-2.048,0.629
541,1.298,0.312
542,-1.249,0.518
544,-0.675,0.485
545,1.2,0.297
546,0.388,0.386
548,-1.536,0.552
550,-0.742,0.474
551,-1.514,0.55
552,-0.6,0.469
555,-1.213,0.532
557,2.027,0.267
558,0.602,0.37
560,0.491,0.379
561,0.477,0.362
562,0.179,0.416
564,-1.421,0.559
565,-1.134,0.507
567,0.232,0.416
568,0.205,0.417
570,1.395,0.27
571,-1.334,0.539
573,1.006,0.278
575,-0.949,0.473
576,-0.682,0.468
578,1.626,0.288
579,0.412,0.392
581,-0.163,0.454
582,-1.04,0.496
583,0.423,0.381
584,-0.228,0.441
586,0.177,0.414
587,0.518,0.366
588,-1.178,0.529
589,-1.195,0.522
591,-1.61,0.576
593,0.535,0.354
595,0.252,0.411
596,-0.547,0.465
600,1.172,0.309
601,-0.159,0.429
603,0.029,0.413
604,0.009,0.425
605,0.043,0.415
608,0.91,0.303
609,-0.608,0.466
610,-1.313,0.528
612,0.164,0.401
613,1.666,0.289
614,0.428,0.372
617,-0.137,0.416
619,0.412,0.392
622,-0.475,0.453
623,0.273,0.4
625,1.064,0.331
626,-0.414,0.461
627,0.082,0.44
628,-0.999,0.485
632,0.205,0.417
634,0.385,0.413
635,1.11,0.279
636,-0.275,0.428
637,0.896,0.323
638,-0.335,0.427
640,1.387,0.294
642,-0.548,0.462
643,-0.035,0.424
646,-0.957,0.506
647,0.24,0.426
648,-0.454,0.427
649,0.269,0.41
650,1.25,0.286
651,-0.854,0.493
653,1.152,0.273
656,-1.461,0.54
657,1.117,0.304
658,1.34,0.273
659,1.321,0.299
661,-0.249,0.405
662,0.932,0.349
663,-0.784,0.481
664,1.217,0.304
665,-0.734,0.47
666,0.104,0.426
669,0.195,0.406
671,0.962,0.306
672,-0.056,0.426
673,1.514,0.297
674,-1.61,0.576
675,0.732,0.362
676,0.471,0.358
677,0.531,0.375
679,-0.01,0.433
680,-0.278,0.422
681,1.537,0.28
682,1.632,0.298
685,-0.119,0.441
686,-0.16,0.441
687,0.958,0.326
688,0.52,0.382
690,-0.081,0.428
691,-0.162,0.418
692,1.167,0.304
693,-0.004,0.434
694,0.643,0.318
697,1.122,0.282
699,2.006,0.282
700,-0.22,0.44
701,-0.144,0.417
702,0.801,0.31
703,2.443,0.283
704,-0.172,0.43
706,1.219,0.314
711,0.422,0.391
715,0.495,0.386
717,-0.183,0.447
719,1.406,0.29
720,1.154,0.317
721,-0.011,0.415
722,-2.048,0.629
723,-0.334,0.456
724,1.052,0.335
727,0.522,0.376
733,0.586,0.374
734,-0.696,0.492
735,0.64,0.378
737,0.834,0.299
739,0.502,0.391
740,0.73,0.35
741,0.69,0.363
742,0.809,0.361
743,0.079,0.406
744,-0.232,0.436
746,0.673,0.364
747,1.147,0.28
749,0.651,0.376
750,0.042,0.407
751,0.535,0.381
753,-1.514,0.562
754,-0.37,0.445
759,-1.792,0.591
760,0.443,0.392
761,2.745,0.304
762,0.809,0.361
763,-1.723,0.576
764,0.435,0.371
765,-0.799,0.477
767,-0.01,0.429
768,0.927,0.333
769,-1.21,0.524
770,-0.355,0.44
771,1.12,0.302
772,0.73,0.356
773,0.847,0.328
774,0.257,0.411
780,0.576,0.351
781,0.749,0.341
782,-1.04,0.496
783,-0.226,0.443
784,0.613,0.351
787,-2.048,0.629
789,-1.133,0.514
790,-1.279,0.542
791,-0.081,0.444
798,-0.374,0.458
800,-1.195,0.522
801,-0.807,0.502
802,-1.529,0.562
804,0.202,0.415
805,0.992,0.273
806,-0.033,0.422
807,0.457,0.373
808,-0.479,0.433
809,0.356,0.382
810,0.577,0.358
811,-0.317,0.432
812,1.346,0.288
813,0.751,0.354
814,-1.248,0.503
815,0.689,0.284
816,-1.172,0.509
817,0.446,0.395
818,-0.537,0.477
820,1.184,0.281
821,0.902,0.346
822,-0.63,0.46
823,0.932,0.349
824,1.88,0.283
825,0.835,0.335
826,0.582,0.369
827,0.9,0.323
828,0.304,0.383
829,0.205,0.417
830,-0.911,0.492
831,-0.169,0.432
835,-0.31,0.449
836,0.268,0.388
838,0.556,0.378
839,-0.07,0.397
840,0.761,0.32
841,0.443,0.392
842,0.385,0.383
843,0.644,0.358
844,0.027,0.412
847,0.601,0.355
848,-0.31,0.449
849,0.256,0.413
850,0.779,0.313
851,-1.195,0.522
852,0.412,0.398
853,1.898,0.272
854,-0.249,0.454
855,-0.031,0.406
856,1.778,0.27
858,1.348,0.312
859,-1.594,0.564
860,0.372,0.397
862,-0.978,0.499
863,1.014,0.318
865,1.364,0.274
866,0.086,0.415
867,0.981,0.301
869,1.372,0.295
870,1.344,0.276
871,-0.743,0.47
872,0.256,0.413
873,0.216,0.416
874,0.552,0.381
875,-0.491,0.469
880,0.293,0.372
882,-1.006,0.497
883,0.547,0.358
884,-0.734,0.47
887,0.986,0.336
888,-0.525,0.463
889,1.395,0.284
890,0.225,0.412
10177,-1.562,0.541
892,0.663,0.37
893,0.615,0.355
894,1.022,0.341
895,0.706,0.365
896,0.052,0.415
897,-1.282,0.541
898,1.187,0.279
899,1.529,0.278
900,-0.183,0.427
901,-0.475,0.449
902,0.877,0.341
903,0.055,0.425
905,1.497,0.285
906,1.155,0.326
908,-0.174,0.436
910,-2.048,0.629
911,-0.535,0.47
912,-0.547,0.449
913,-1.461,0.54
914,1.53,0.298
915,-0.203,0.436
917,-0.631,0.446
919,-0.147,0.443
921,-0.26,0.436
922,0.735,0.345
923,-0.649,0.456
924,0.69,0.305
925,1.609,0.277
926,1.149,0.277
928,-2.048,0.629
929,-1.019,0.497
930,1.355,0.286
932,-0.064,0.431
933,1.86,0.283
934,1.602,0.289
935,1.619,0.277
936,-0.825,0.484
937,0.864,0.339
938,1.481,0.293
10184,-2.048,0.629
940,1.253,0.302
941,0.089,0.39
943,-0.577,0.474
945,0.205,0.417
946,1.368,0.279
947,0.417,0.387
948,1.085,0.312
949,-1.163,0.53
950,-0.003,0.43
951,-0.86,0.475
952,1.477,0.295
953,-0.624,0.465
954,0.055,0.425
956,-0.01,0.434
958,0.643,0.38
959,-1.817,0.593
960,0.695,0.371
961,0.585,0.371
962,0.766,0.355
963,2.099,0.284
964,1.208,0.313
965,-0.068,0.43
966,0.181,0.414
967,-1.723,0.576
968,0.93,0.314
969,-0.626,0.452
971,0.185,0.395
972,0.43,0.394
973,-0.828,0.474
975,0.543,0.351
976,-0.215,0.435
977,-2.048,0.629
978,-0.55,0.477
979,0.899,0.327
981,0.013,0.434
982,1.158,0.322
983,0.46,0.392
984,-1.17,0.502
985,0.249,0.374
986,1.65,0.271
987,0.486,0.354
988,-0.664,0.479
989,1.624,0.292
990,0.46,0.381
991,1.207,0.282
992,0.426,0.376
993,1.278,0.288
994,-0.705,0.471
996,0.672,0.37
10019,0.741,0.355
998,-0.437,0.468
10100,0.325,0.403
10153,0,0.439
10023,-0.287,0.449
10033,0.437,0.392
10001,1.441,0.28
10107,-0.903,0.485
10187,0.991,0.341
1011,-0.317,0.432
10014,0.73,0.358
10136,0.183,0.412
10137,0.209,0.38
10018,0.604,0.365
1019,2.078,0.281
10148,0.326,0.407
1022,-0.979,0.483
1025,1.654,0.291
10128,1.039,0.283
1027,0.717,0.346
1028,-1.653,0.581
10115,-0.227,0.443
10021,-0.519,0.451
10185,0.173,0.418
10013,0.945,0.345
10237,2.4,0.274
1035,-1.371,0.553
10047,-1.723,0.576
10064,-0.114,0.433
1039,-0.817,0.464
10015,0.373,0.399
1041,0.205,0.417
10011,-0.983,0.478
10152,0.258,0.379
1045,0.215,0.411
1046,0.793,0.361
10034,0.892,0.344
10050,-0.622,0.466
1051,1.319,0.28
10165,0.533,0.381
1054,-0.743,0.455
10089,0.576,0.373
10055,-0.189,0.448
1058,0.516,0.357
1059,-0.021,0.413
10032,-0.166,0.412
10039,1.617,0.278
1063,0.296,0.403
10012,-0.422,0.452
10063,1.071,0.304
10170,-0.593,0.472
10084,0.37,0.381
10046,-1.163,0.498
10027,-0.141,0.449
1071,0.055,0.425
1072,0.215,0.415
1073,0.443,0.392
1074,2.358,0.268
10009,0.436,0.38
10083,-0.106,0.431
10085,-0.372,0.466
10077,0.46,0.374
10004,1.031,0.322
10104,-1.653,0.581
10081,-1.421,0.559
10054,-0.653,0.483
10076,0.017,0.432
10036,0.125,0.393
10078,0.944,0.322
10088,-0.344,0.444
10030,0.457,0.38
1091,-0.189,0.435
10005,-0.89,0.487
10114,-1.333,0.516
1095,1.028,0.321
10090,0.932,0.337
1099,1.147,0.319
10164,0.629,0.351
1101,0.336,0.497
10048,0.401,0.4
10190,-0.369,0.45
1104,0.554,0.378
1105,-0.687,0.458
10010,-0.869,0.475
1108,0.847,0.317
10201,1.04,0.314
1110,0.716,0.354
1111,1.035,0.305
10154,0.18,0.425
10003,-0.28,0.42
10075,0.032,0.43
10176,0.125,0.381
10038,-1.282,0.541
10053,0.97,0.328
10116,-2.048,0.629
1122,0.335,0.402
10236,0.969,0.318
10096,-0.026,0.418
10043,-0.555,0.479
1128,0.479,0.391
10127,0.068,0.387
10173,0.095,0.431
10074,-0.232,0.436
1133,-0.444,0.46
1134,0.793,0.342
1135,0.477,0.389
10210,0.256,0.413
10024,-0.116,0.42
1139,1.119,0.295
10022,-0.441,0.427
1141,0.813,0.346
1143,-0.004,0.429
10026,-0.53,0.471
10188,0.448,0.383
1146,0.831,0.314
1147,-0.915,0.486
1148,1.227,0.305
1149,0.582,0.369
10007,0.552,0.381
10079,-1.421,0.559
10159,-0.361,0.469
1155,0.555,0.355
1156,0.981,0.332
10131,1.265,0.307
10120,-0.026,0.408
1161,-0.548,0.457
10125,1.472,0.283
1163,-0.204,0.433
10008,-1.529,0.562
10146,-0.753,0.484
10130,0.777,0.342
1171,1.268,0.28
10052,-1.347,0.531
1175,-0.17,0.419
1177,-0.806,0.487
10141,0.543,0.384
10095,0.468,0.394
10045,-0.711,0.494
10037,-0.722,0.468
1183,-0.273,0.455
1184,0.6,0.362
10144,-2.048,0.629
1187,0.457,0.367
1188,-0.838,0.494
10109,-0.351,0.444
10183,-0.914,0.481
1191,0.081,0.418
1193,-0.406,0.438
1194,0.635,0.362
10031,0.031,0.424
10178,-0.49,0.444
10151,-0.169,0.428
10042,1.315,0.313
1199,-0.122,0.432
10117,0.942,0.33
10099,0.001,0.42
1204,0.531,0.366
10020,-0.119,0.434
10069,0.159,0.424
10145,0.078,0.412
10066,1.118,0.295
10025,0.603,0.355
10110,-1.229,0.509
10056,-0.3,0.439
1213,0.089,0.418
1214,0.801,0.359
10098,0.384,0.377
10057,0.308,0.4
10006,-1.178,0.529
10126,1.099,0.297
10162,0.277,0.404
10073,0.502,0.392
10189,-0.159,0.432
10060,-1.076,0.525
10062,-0.177,0.434
10142,1.043,0.328
1230,0.726,0.305
10101,-0.494,0.439
10065,0.005,0.439
10061,0.64,0.357
10103,-0.8,0.497
1236,0.367,0.388
1237,0.599,0.37
1238,-0.411,0.46
10051,0.239,0.413
1240,1.211,0.304
1242,1.09,0.331
1244,0.448,0.383
10093,-0.115,0.446
10092,0.091,0.377
10149,0.682,0.346
10041,0.527,0.383
10169,-0.495,0.443
1252,-2.048,0.629
10070,-0.994,0.5
1255,0.743,0.354
1256,-0.132,0.424
1257,1.316,0.303
1260,0.962,0.328
1261,-0.198,0.453
1262,-0.497,0.467
10059,-0.743,0.455
1264,1.116,0.283
1266,0.721,0.367
10068,0.534,0.364
1268,0.365,0.389
10058,0.572,0.369
1271,0.979,0.32
1273,-0.444,0.46
10168,0.978,0.32
1276,0.802,0.36
10035,0.205,0.417
1278,1.038,0.285
10172,-2.048,0.629
10186,-1.61,0.576
10016,-0.353,0.462
10002,1.073,0.323
10040,0.644,0.363
10080,-0.681,0.468
10071,-0.048,0.43
10191,0.01,0.425
1288,1.017,0.283
1289,0.963,0.316
1290,-0.29,0.455
10028,0.804,0.353
10086,0.448,0.383
10017,0.055,0.425
10067,0.145,0.423
1297,-0.838,0.479
1299,-0.882,0.481
10049,0.005,0.439
10072,-0.055,0.441
1304,-0.166,0.447
1306,-0.292,0.424
1307,1.242,0.317
10155,-0.103,0.432
1309,1.022,0.341
10121,-1.32,0.54
10087,0.215,0.411
10029,-0.338,0.438
10044,0.52,0.385
10082,-0.201,0.428
1316,-0.469,0.462
1317,0.179,0.416
1318,-2.048,0.629
1319,1.087,0.292
1320,0.014,0.381
1321,0.737,0.355
1322,0.53,0.389
1323,-0.203,0.424
1324,0.413,0.328
1325,0.556,0.37
1327,-0.44,0.459
1328,-0.547,0.474
1329,-1.514,0.55
1331,-1.318,0.53
1332,0.644,0.363
1333,0.411,0.381
1335,-0.687,0.486
1336,0.85,0.308
1338,0.436,0.392
1339,-2.048,0.629
1341,0.677,0.35
1342,-0.5,0.472
1343,-0.06,0.421
1344,0.107,0.419
1346,0.064,0.406
1348,0.574,0.379
1349,1.327,0.278
1350,0.611,0.37
1351,-0.838,0.494
1353,-0.243,0.433
1355,1.244,0.301
1356,-1.817,0.593
1357,0.816,0.31
1358,-1.792,0.591
1359,-0.264,0.417
1360,0.445,0.395
1364,0.075,0.426
1365,0.023,0.439
1366,-0.257,0.414
1368,-0.128,0.447
1369,-0.821,0.492
1370,-0.809,0.465
1375,0.644,0.373
1376,-0.581,0.471
1377,0.162,0.416
1378,-1.425,0.537
1379,-0.01,0.429
1380,-0.487,0.442
1383,0.647,0.369
1384,0.259,0.405
1385,-1.817,0.593
1386,-1.271,0.531
1387,1.18,0.315
1388,1.441,0.285
1390,0.036,0.415
1392,0.454,0.393
1393,1.032,0.303
1394,0.966,0.331
1396,-0.064,0.431
1397,0.471,0.392
1398,-0.472,0.442
1400,0.651,0.376
1401,-0.273,0.455
1402,-1.421,0.559
1403,-0.019,0.43
1404,-0.96,0.514
1405,0.089,0.424
1406,-0.093,0.407
1407,-0.11,0.43
1408,-2.048,0.629
1409,-0.751,0.477
1410,-0.559,0.463
1411,-2.048,0.629
1412,-2.048,0.629
1413,-0.833,0.49
1415,-0.679,0.455
1417,0.455,0.381
1418,-2.048,0.629
1419,0.09,0.417
1421,-0.181,0.435
1422,-0.868,0.495
1424,0.972,0.285
1426,0.16,0.423
1427,-1.271,0.531
1428,0.81,0.344
1430,-0.58,0.476
1431,-0.49,0.435
1432,-0.851,0.495
1433,-0.714,0.492
1435,-0.494,0.462
1437,1.38,0.273
1438,-1.34,0.541
1439,-0.978,0.499
1440,-2.048,0.629
1441,-0.387,0.446
1442,-0.675,0.485
1443,-1.163,0.53
1446,0.428,0.388
1447,-0.065,0.448
1448,0.599,0.38
1449,-1.002,0.517
1450,-1.004,0.495
1451,-2.048,0.629
1452,0.352,0.494
1453,-1.044,0.517
1454,-1.653,0.581
1455,-0.232,0.436
1456,0.187,0.413
1457,0.644,0.364
1458,-1.063,0.498
1459,-0.888,0.484
1461,0.018,0.408
1462,0.357,0.39
1463,-0.005,0.395
1464,-1.425,0.537
1465,-0.262,0.448
1468,0.154,0.424
1469,0.445,0.395
1470,-1.817,0.593
1471,-1.723,0.576
1475,0.326,0.407
1476,-0.691,0.501
1478,0.783,0.353
1481,1.636,0.291
1482,-1.653,0.581
1484,-0.126,0.395
1487,-0.298,0.437
1489,1.445,0.277
1490,-1.282,0.541
1493,1.156,0.31
1494,0.162,0.416
1497,2.267,0.278
1499,0.667,0.37
1501,-0.519,0.422
1502,1.066,0.273
1503,-1.554,0.56
1505,0.739,0.354
1507,-2.048,0.629
1508,-0.72,0.47
1509,-2.048,0.629
1511,0.315,0.393
1512,0.326,0.386
1513,-0.264,0.443
1517,-1.425,0.537
1518,1.117,0.304
1519,-1.003,0.507
1521,0.16,0.411
1522,-0.052,0.425
1524,-0.622,0.466
1525,-0.626,0.451
1527,-1.215,0.535
1528,-0.746,0.471
1532,0.846,0.34
1533,0.57,0.351
1534,-1.215,0.535
1535,-0.244,0.436
1537,0.249,0.407
1538,0.433,0.382
1540,0.577,0.365
1541,-0.97,0.496
1542,0.615,0.37
1543,-0.457,0.448
1548,0.205,0.417
1549,-0.643,0.425
1550,0.571,0.352
1551,0.423,0.374
1552,0.029,0.384
1553,0.325,0.387
1554,0.539,0.384
1555,0.714,0.366
1558,1.686,0.292
1559,0.42,0.384
1561,0.586,0.378
1563,-2.048,0.629
1565,0.935,0.284
1566,0.475,0.385
1567,0.001,0.437
1568,0.325,0.403
1569,-1.653,0.581
1571,-1.723,0.576
1572,0.424,0.391
1573,-0.783,0.483
1576,0.576,0.377
1577,-0.626,0.452
1578,-0.669,0.482
1579,1.01,0.322
1580,0.905,0.352
1582,-0.259,0.455
1583,1.317,0.299
1586,0.049,0.423
1587,-0.293,0.446
1588,0.153,0.429
1589,1.015,0.313
1591,-2.048,0.629
1592,-0.451,0.47
1594,-1.421,0.559
1596,-0.613,0.465
1597,-0.457,0.443
1598,-1.255,0.513
1599,-0.916,0.498
1601,0.268,0.41
1602,0.13,0.411
1604,-1.032,0.496
1605,1.485,0.283
1606,-0.593,0.45
1607,-0.334,0.456
1608,0.66,0.35
1609,0.801,0.359
1610,0.205,0.417
1611,-1.653,0.581
1612,0.508,0.331
1614,-0.576,0.472
1616,0.325,0.403
1619,-1.3,0.523
1620,0.055,0.425
1622,1.041,0.332
1623,1.359,0.298
1624,-2.048,0.629
1627,0.854,0.344
1629,-0.178,0.45
1630,1.288,0.305
1632,1.146,0.283
1635,-1.043,0.49
1636,1.588,0.29
1639,1.185,0.32
1641,0.396,0.401
1642,0.598,0.358
1643,-2.048,0.629
1644,-1.817,0.593
1647,-0.294,0.453
1649,-1.536,0.552
1650,-0.306,0.447
1654,0.018,0.417
1655,0.281,0.408
1656,-1.206,0.533
1657,0.767,0.352
1659,-0.345,0.439
1660,0.834,0.35
1661,-0.597,0.445
1664,1.071,0.329
1666,0.774,0.32
1667,-0.001,0.432
1668,-1.109,0.488
1670,-0.288,0.433
1671,-0.424,0.424
1672,0.442,0.5
1675,1.022,0.341
1676,0.325,0.403
1677,0.525,0.387
1680,0.98,0.282
1682,0.448,0.383
1685,-1.653,0.581
1686,-1.379,0.523
1687,0.82,0.337
1690,0.274,0.408
1691,-0.079,0.442
1692,-2.048,0.629
1693,-1.091,0.481
1694,1.37,0.279
1697,0.503,0.361
1698,1.836,0.288
1699,0.867,0.352
1701,1.288,0.289
1702,0.234,0.416
1703,1.286,0.311
1704,-0.424,0.461
1706,0.607,0.369
1708,-0.046,0.396
1710,-0.983,0.478
1711,1.614,0.288
1712,-0.257,0.446
1713,0.748,0.342
1714,0.904,0.344
1715,0.845,0.322
1716,-1.102,0.514
1717,0.18,0.407
1719,-0.514,0.443
1720,-1.17,0.502
1721,1.085,0.328
1722,0.686,0.347
1723,-0.244,0.438
1724,-0.22,0.423
1725,-1.008,0.488
1726,0.071,0.41
1727,-0.081,0.431
1728,-0.244,0.436
1729,1.152,0.306
1730,-1.134,0.507
1731,0.811,0.284
1734,-0.442,0.434
1735,-1.347,0.531
1736,1.203,0.315
1738,-1.817,0.593
1739,0.796,0.344
1741,-1.125,0.523
1742,-1.21,0.524
1744,-0.966,0.497
1745,1.601,0.273
1746,0.108,0.407
1748,0.183,0.412
1749,-2.048,0.629
1751,-0.451,0.448
1752,0.84,0.339
1753,0.662,0.314
1754,-1.529,0.562
1755,-0.723,0.477
1756,1.133,0.312
1758,1.092,0.328
1760,0.095,0.427
1761,-1.355,0.54
1762,0.583,0.378
1764,1.507,0.297
1765,0.349,0.407
1767,-1.817,0.594
1769,-0.322,0.431
1771,-1.723,0.576
1772,-0.463,0.458
1773,-0.26,0.459
1775,0.036,0.428
1776,0.568,0.287
1777,-1.347,0.531
1778,0.527,0.368
1779,1.234,0.31
1780,0.337,0.385
1782,1.22,0.281
1783,0.666,0.371
1784,0.481,0.392
1785,-0.485,0.442
1786,1.123,0.312
1788,-0.213,0.441
1789,-0.472,0.442
1790,1.521,0.29
1791,0.653,0.367
1793,-0.114,0.434
1794,-2.048,0.629
1795,-0.519,0.47
1796,-0.965,0.497
1797,1.181,0.277
1798,0.767,0.338
1799,-0.819,0.467
1801,0.365,0.389
1802,-0.249,0.454
1803,0.302,0.403
1804,-0.122,0.429
1807,1.65,0.265
1808,1.479,0.276
1809,0.706,0.354
1810,1.757,0.285
1811,-0.297,0.436
1813,-0.171,0.411
1814,-0.361,0.439
1815,-0.494,0.462
1816,-1.443,0.554
1817,-0.836,0.472
1819,0.904,0.348
1820,-0.22,0.449
1821,-0.555,0.479
1822,0.426,0.396
1823,0.453,0.372
1826,-0.1,0.437
1827,0.926,0.331
1828,-0.929,0.502
1829,-1.213,0.532
1830,-2.048,0.629
1831,1.36,0.276
1832,0.225,0.382
1833,-0.608,0.466
1836,-0.485,0.431
1837,-0.44,0.454
1838,-1.195,0.522
1839,0.734,0.36
1841,-0.485,0.442
1842,0.448,0.383
1843,1.377,0.297
1845,-0.693,0.444
1846,-1.035,0.49
1847,0.793,0.361
1849,-0.677,0.484
1850,0.631,0.286
1851,0.205,0.417
1852,0.592,0.361
1853,-0.372,0.42
1854,1.372,0.276
1855,0.041,0.403
1856,-0.547,0.462
1857,-0.68,0.474
1858,-0.12,0.422
1859,-1.398,0.525
1860,-0.393,0.446
1861,0.926,0.304
1862,1.105,0.326
1863,-0.705,0.471
1866,1.686,0.284
1867,0.325,0.403
1868,0.395,0.37
1869,0.084,0.419
1872,0.485,0.391
1873,0.636,0.343
1874,1.199,0.308
1875,-0.633,0.487
1876,0.115,0.409
1879,-0.742,0.467
1882,0.325,0.403
1883,-1.792,0.591
1884,-1.594,0.564
1885,0.55,0.369
1886,-0.177,0.415
1888,-0.337,0.453
1890,0.746,0.345
1891,-0.438,0.451
1892,-1.421,0.559
1893,1.593,0.283
1894,-0.1,0.437
1895,2.495,0.276
1897,0.248,0.413
1898,0.802,0.354
1899,0.861,0.334
1900,-0.064,0.392
1901,0.367,0.402
1903,0.055,0.425
1904,-0.047,0.416
1905,-0.077,0.431
1906,-1.067,0.524
1907,0.746,0.363
1909,-0.883,0.506
1910,0.507,0.392
1911,1.406,0.31
1912,0.603,0.356
1913,0.258,0.376
1914,-1.206,0.488
1915,0.224,0.422
1916,1.001,0.326
1919,2.048,0.28
1920,0.852,0.342
1921,-1.792,0.591
1922,0.164,0.409
1923,0.18,0.425
1924,-0.263,0.428
1925,0.406,0.378
1926,0.396,0.381
1927,0.22,0.41
1928,-1.39,0.543
1929,2.6,0.295
1930,-0.396,0.444
1932,-1.002,0.496
1934,-0.923,0.477
1935,-0.57,0.47
1936,-0.185,0.427
1937,0.682,0.344
1938,-2.048,0.629
1939,-0.01,0.429
1941,-0.066,0.418
1942,0.982,0.331
1943,0.545,0.374
1944,0.347,0.371
1945,1.388,0.287
1946,-1.332,0.516
1947,-0.203,0.436
1948,0.576,0.357
1951,0.846,0.34
1952,-0.424,0.436
1953,0.338,0.385
1954,0.042,0.385
1955,-0.141,0.449
1958,-0.684,0.467
1959,-1.031,0.512
1960,-0.174,0.436
1961,1.42,0.283
1962,1.04,0.326
1965,1.228,0.299
1966,0.22,0.387
1967,-0.016,0.441
1969,0.682,0.351
1970,-0.043,0.43
1971,1.039,0.332
1972,1.133,0.291
1973,-0.128,0.448
1974,-1.206,0.488
1975,1.191,0.307
1976,-1.594,0.564
1978,-0.36,0.445
1981,-2.048,0.629
1982,1.133,0.326
1984,0.055,0.425
1985,-1.206,0.488
1987,0,0.434
1989,0.123,0.432
1990,-1.197,0.506
1991,0.688,0.368
1992,-0.554,0.469
1993,1.39,0.3
1994,-0.033,0.435
1995,0.621,0.349
1996,0.473,0.353
1997,1.152,0.328
1998,-0.147,0.443
1999,0.507,0.361
2000,0.189,0.414
2002,-0.322,0.446
2003,-1.34,0.541
2004,-0.493,0.45
2005,0.396,0.401
2006,1.555,0.293
2007,0.801,0.356
2009,0.992,0.302
2010,0.306,0.408
2011,-0.227,0.423
2012,-0.4,0.426
2014,-0.825,0.493
2016,-0.347,0.445
2019,-1.134,0.507
2020,0.504,0.368
2021,0.205,0.417
2022,1.614,0.283
2025,-1.653,0.581
2026,-0.459,0.465
2027,0.517,0.381
2029,-0.334,0.456
2030,0.896,0.333
2031,-0.345,0.439
2032,-0.519,0.458
2034,0.131,0.421
2035,0.095,0.429
2036,-0.845,0.501
2037,-0.171,0.431
2039,0.13,0.403
2040,0.173,0.392
2041,2.574,0.283
2042,-0.841,0.492
2043,-0.338,0.464
2044,0.459,0.382
2045,0.636,0.378
2047,-0.426,0.441
2050,1.604,0.291
2051,-0.062,0.445
2052,0.971,0.33
2054,0.887,0.325
2056,-0.622,0.466
2057,0.401,0.381
2058,0.525,0.387
2059,1.04,0.318
2061,0.618,0.375
2062,-0.174,0.436
2063,-1.371,0.553
2064,0.882,0.331
2067,0.497,0.364
2068,0.32,0.399
2069,-0.464,0.416
2070,0.043,0.409
2072,-0.742,0.48
2074,0.155,0.411
2076,0.571,0.385
2077,0.414,0.398
2079,-0.741,0.472
2080,-0.86,0.475
2082,0.022,0.43
2083,0.945,0.3
2084,-0.524,0.463
2085,0.72,0.367
2088,1.354,0.301
2089,0.393,0.395
2090,0.176,0.426
2092,0.427,0.392
2093,-1.529,0.562
2095,0.663,0.373
2096,-0.475,0.449
2099,0.322,0.388
2102,0.18,0.394
2103,-0.465,0.438
2104,-0.203,0.436
2105,0.889,0.349
2106,-1.653,0.581
2107,1.342,0.297
2109,1.523,0.283
2110,0.521,0.385
2111,-0.577,0.474
2113,-2.048,0.629
2114,1.152,0.314
2115,-0.068,0.43
2116,1.315,0.277
2117,0.169,0.387
2118,-0.078,0.408
2119,-0.611,0.457
2120,0.1,0.423
2121,-0.463,0.458
2122,1.654,0.289
2123,0.703,0.367
2124,0.52,0.388
2126,0.235,0.385
2127,1.386,0.3
2128,1.33,0.297
2129,1.235,0.283
2130,-1.426,0.552
2132,-0.323,0.445
2133,0.647,0.324
2136,0.51,0.381
2137,0.448,0.383
2138,-1.229,0.509
2139,0.345,0.395
2140,0.205,0.417
2141,-0.416,0.453
2142,1.577,0.273
2144,-0.622,0.466
2146,1.166,0.288
2147,-0.637,0.451
2148,-0.597,0.445
2149,1.033,0.291
2150,0.74,0.367
2151,1.804,0.289
2152,-0.604,0.455
2153,1.123,0.322
2160,-0.547,0.475
2161,0.873,0.344
2162,1.022,0.341
2163,0.529,0.381
2164,0.497,0.378
2165,0.269,0.389
2171,-2.048,0.629
2173,-1.035,0.49
2174,1.035,0.299
2175,0.523,0.387
2177,0.104,0.38
2178,-0.424,0.461
2179,1.171,0.328
2180,-0.769,0.48
2181,0.914,0.345
2182,0.677,0.368
2183,-1.213,0.532
2185,0.157,0.416
2187,1.052,0.298
2188,1.061,0.323
2189,-0.516,0.448
2190,-1.723,0.576
2191,1.032,0.321
2192,0.012,0.425
2193,-0.547,0.465
2195,0.726,0.355
2196,-0.264,0.443
2199,-0.346,0.461
2200,1.578,0.295
2202,-1.007,0.501
2204,1.699,0.267
2206,0.187,0.416
2207,-0.743,0.455
2208,0.533,0.353
2209,0.629,0.376
2210,-0.329,0.43
2211,0.94,0.283
2212,-0.601,0.446
2213,-0.394,0.461
2214,2.559,0.294
2216,-1.135,0.495
2217,0.526,0.376
2218,1.022,0.321
2219,1.062,0.336
2221,-1.007,0.501
2222,1.206,0.314
2224,-2.048,0.629
2225,0.169,0.408
2228,-1.104,0.511
2229,-0.555,0.479
2230,0.003,0.375
2232,0.373,0.394
2233,-0.26,0.459
2234,0.066,0.418
2235,-0.743,0.455
2236,1.081,0.285
2237,-0.784,0.481
2239,-0.259,0.455
2240,0.226,0.417
2241,0.1,0.423
2242,1.356,0.297
2244,1.52,0.287
2245,0.648,0.365
2246,1.195,0.319
2247,-0.148,0.427
2248,1.326,0.275
2249,-2.048,0.629
2250,0.022,0.43
2251,1.361,0.276
2253,1.943,0.286
2254,-0.971,0.505
2256,-0.188,0.454
2257,0.63,0.376
2258,1.08,0.333
2259,1.079,0.326
2260,-1.594,0.564
2263,-0.183,0.439
2264,0.082,0.424
2265,2.149,0.289
2268,-1.029,0.515
2269,0.321,0.397
2270,-0.196,0.439
2272,-0.158,0.435
2273,-0.141,0.449
2274,1.022,0.341
2275,0.298,0.387
2277,0.553,0.37
2279,0.954,0.329
2280,-0.014,0.422
2282,1.248,0.282
2283,0.795,0.357
2284,1.355,0.308
2287,0.306,0.408
2288,-0.09,0.406
2290,-0.141,0.449
2291,0.225,0.412
2293,1.279,0.313
2294,1.125,0.297
2296,0.627,0.349
2297,0.936,0.331
2298,0.724,0.348
2300,0.948,0.338
2301,-0.8,0.497
2302,0.055,0.425
2303,0.444,0.397
2304,-0.133,0.441
2306,1.18,0.276
2307,-0.383,0.425
2308,-1.044,0.514
2309,-1.279,0.542
2310,-0.46,0.469
2311,1.068,0.318
2313,-0.495,0.443
2314,0.905,0.352
2315,0.411,0.392
2317,0.385,0.397
2319,0.9,0.299
2320,0.951,0.34
2321,-0.472,0.442
2322,-0.484,0.446
2324,0.643,0.38
2326,1.2,0.309
2327,-0.088,0.429
2328,0.502,0.391
2329,-0.249,0.454
2330,0.479,0.379
2331,-0.199,0.45
2333,2.423,0.385
2334,0.649,0.357
2335,-0.307,0.453
2337,0.414,0.398
2338,0.055,0.409
2339,-0.259,0.442
2340,0.205,0.417
2341,-2.048,0.629
2342,-0.003,0.415
2344,-0.854,0.493
2345,-0.456,0.453
2346,-0.149,0.429
2347,1.997,0.274
2349,-0.116,0.398
2350,-0.883,0.506
2351,-0.371,0.439
2352,0.525,0.387
2353,-0.099,0.444
2355,2.372,0.278
2357,-0.043,0.426
2358,1.848,0.267
2359,0.101,0.398
2360,-0.916,0.486
2363,-0.784,0.481
2364,-0.209,0.441
2365,1.106,0.319
2370,0.638,0.36
2371,0.09,0.417
2372,-0.444,0.446
2375,-1.267,0.52
2378,-0.068,0.43
2379,0.205,0.417
2380,-0.396,0.458
2381,0.842,0.306
2382,-2.048,0.629
2383,-0.699,0.483
2385,-0.842,0.493
2388,2.23,0.282
2389,-0.548,0.457
2392,0.967,0.324
2393,-2.048,0.629
2394,0.82,0.352
2395,0.334,0.386
2396,-0.261,0.439
2397,-1.461,0.54
2398,0.973,0.282
2399,0.615,0.372
2400,-0.071,0.439
2402,0.067,0.402
2403,0.424,0.391
2404,0.006,0.434
2405,-0.495,0.53
2406,0.766,0.318
2408,1.95,0.272
2409,-0.063,0.427
2410,1.22,0.28
2411,0.214,0.405
2412,-0.438,0.453
2414,0.965,0.334
2415,0.405,0.39
2416,0.532,0.312
2417,0.041,0.424
2419,1.949,0.262
2420,-1.421,0.559
2421,-1.02,0.51
2422,0.454,0.384
2423,-1.514,0.55
2425,0.748,0.503
2426,-0.192,0.42
2427,-0.273,0.455
2428,0.367,0.394
2429,-0.93,0.511
2430,2.402,0.28
2431,0.209,0.391
2433,-1.792,0.591
2434,1.073,0.292
2435,-0.064,0.431
2436,-0.883,0.506
2437,0.18,0.425
2438,1.154,0.325
2440,1.647,0.289
2442,0.469,0.381
2443,0.892,0.324
2446,0.53,0.389
2447,-2.048,0.629
2448,-0.636,0.456
2449,-0.597,0.445
2450,0.297,0.402
2451,1.271,0.308
2452,1.022,0.341
2454,0.799,0.285
2455,-0.311,0.465
2456,-0.622,0.466
2457,1.059,0.279
2458,-0.189,0.448
2459,0.055,0.425
2460,-0.05,0.435
2461,1.024,0.317
2462,0.348,0.406
2463,1.555,0.273
2464,1.452,0.304
2465,0.223,0.407
2466,-2.048,0.629
2469,1.082,0.293
2471,0.071,0.423
2472,1.328,0.306
2473,1.831,0.279
2475,0.424,0.391
2476,-0.8,0.497
2477,0.813,0.352
2479,0.205,0.417
2480,0.855,0.334
2482,-0.369,0.459
2483,-0.117,0.435
2485,0.628,0.374
2486,0.671,0.374
2487,0.359,0.403
2490,1.285,0.281
2491,1.071,0.298
2492,-1.34,0.541
2493,0.348,0.406
2494,-0.383,0.44
2495,0.205,0.417
2496,0.877,0.347
2497,0.096,0.417
2498,-0.626,0.452
2499,-0.983,0.484
2500,-0.495,0.443
2501,0.182,0.416
2502,-0.29,0.434
2504,0.325,0.403
2505,-0.062,0.445
2507,-0.881,0.49
2508,-0.259,0.455
2509,0.711,0.358
2510,0.922,0.308
2511,-0.402,0.435
2512,-0.258,0.439
2513,0.718,0.36
2516,0.52,0.385
2517,-2.048,0.629
2518,-2.048,0.629
2519,-1.792,0.591
2520,-0.638,0.453
2521,-0.72,0.47
2522,0.154,0.417
2523,-0.444,0.46
2524,-1.248,0.519
2525,-0.034,0.433
2526,-1.723,0.576
2527,-0.328,0.438
2529,0.348,0.406
2530,-1.515,0.55
2531,0.923,0.348
2533,-1.035,0.49
2534,1.432,0.295
2537,-1.421,0.559
2539,0.225,0.412
2540,1.163,0.32
2541,-0.001,0.432
2542,0.373,0.399
2543,1.47,0.288
2544,-0.731,0.476
2545,-2.048,0.629
2546,-1.684,0.638
2548,-1.134,0.507
2549,-0.292,0.438
2550,0.055,0.425
2551,0.014,0.542
2553,-1.007,0.501
2554,1.176,0.283
2555,1.872,0.27
2556,0.516,0.379
2557,-1.554,0.56
2558,1.054,0.332
2559,-0.361,0.81
2560,0.156,0.414
2561,-1.213,0.532
2562,-0.523,0.476
2563,-0.86,0.475
2567,1.707,0.281
2569,-0.241,0.429
2570,1.104,0.278
2571,0.265,0.4
2572,0.103,0.43
2573,0.205,0.417
2574,-0.176,0.448
2576,0.643,0.38
2577,1.082,0.319
2579,-0.354,0.453
2581,-2.048,0.629
2582,0.057,0.403
2583,0.253,0.392
2584,0.205,0.417
2587,2.03,0.287
2588,-0.555,0.479
2590,0.277,0.401
2591,-0.475,0.472
2592,-1.279,0.542
2594,-0.457,0.443
2595,0.881,0.343
2597,-2.048,0.629
2598,-0.44,0.459
2600,2.213,0.286
2601,-0.364,0.448
2605,0.006,0.434
2607,0.546,0.372
2608,-0.337,0.45
2609,-1.653,0.581
2611,-0.581,0.471
2612,1.382,0.286
2614,-0.336,0.446
2615,0.159,0.413
2618,-1.792,0.591
2619,0.773,0.364
2621,1.222,0.313
2622,0.51,0.314
2623,0.461,0.364
2625,-0.959,0.506
2626,1.66,0.274
2628,1.203,0.293
2629,-0.092,0.445
2631,0.561,0.37
2632,0.447,0.396
2633,-1.279,0.542
2634,0.782,0.34
2635,1.171,0.328
2637,-0.469,0.462
2638,-0.788,0.474
2640,0.985,0.305
2641,0.61,0.381
2642,-0.63,0.446
2644,0.252,0.402
2645,0.054,0.412
2646,-0.472,0.442
2648,-0.229,0.451
2649,0.123,0.426
2650,-0.845,0.501
2651,-1.195,0.522
2652,0.433,0.368
2653,-0.343,0.457
2654,0.504,0.387
2655,1.132,0.318
2656,-0.877,0.509
2657,0.697,0.322
2659,1.428,0.276
2660,0.936,0.346
2661,1.978,0.271
2662,-0.211,0.419
2663,0.822,0.341
2664,-0.903,0.485
2666,1.189,0.284
2667,1.104,0.311
2668,0.436,0.398
2669,-0.156,0.447
2670,0.625,0.368
2671,0.204,0.416
2673,1.051,0.319
2674,-0.746,0.471
2675,-0.42,0.468
2676,-0.963,0.5
2677,-1.421,0.559
2678,-0.386,0.444
2679,1.543,0.276
2680,-0.122,0.432
2681,0.658,0.337
2682,-0.11,0.43
2683,0.574,0.382
2684,0.148,0.389
2686,0.463,0.372
2687,0.297,0.395
2688,-0.334,0.456
2689,-0.569,0.456
2690,0.599,0.324
2691,-1.187,0.503
2692,-0.622,0.466
2693,1.059,0.511
2694,0.486,0.384
2695,-0.209,0.429
2697,-0.699,0.474
2698,-0.421,0.444
2699,-2.048,0.629
2700,-1.035,0.49
2701,0.864,0.311
2703,-0.983,0.484
2704,-0.555,0.479
2706,-0.649,0.474
2707,0.205,0.417
2708,1.029,0.281
2711,1.08,0.322
2712,0.468,0.378
2713,0.071,0.423
2715,-0.172,0.427
2717,0.643,0.38
2719,-1.425,0.537
2720,0.247,0.4
2722,0.353,0.405
2723,-0.114,0.433
2724,-0.322,0.431
2725,0.963,0.34
2726,-0.555,0.479
2729,-1.003,0.507
2730,-0.4,0.446
2731,-0.035,0.424
2732,0.38,0.4
2733,1.166,0.323
2734,-0.469,0.476
2736,-0.144,0.432
2737,0.277,0.401
2738,0.501,0.383
2739,-0.144,0.436
2740,1.431,0.281
2741,0.626,0.356
2742,0.922,0.339
2743,0.383,0.396
2744,1.059,0.325
2745,0.526,0.365
2746,-0.176,0.447
2747,1.24,0.281
2748,1.022,0.341
2750,-0.273,0.455
2751,0.754,0.353
2752,0.888,0.341
2753,1.285,0.3
2754,1.292,0.293
2756,-0.137,0.422
2758,-0.734,0.47
2759,-1.21,0.524
2761,0.284,0.399
2762,1.153,0.274
2763,0.393,0.402
2764,0.975,0.339
2765,0.972,0.321
2766,-0.048,0.43
2767,-0.008,0.437
2768,-0.95,0.496
2769,0.926,0.297
2770,-0.883,0.506
2771,0.171,0.381
2772,1.416,0.279
2773,0.863,0.326
2774,-0.273,0.448
2775,0.265,0.398
2777,0.375,0.389
2779,0.695,0.361
2780,0.739,0.345
2781,0.113,0.406
2782,-0.824,0.458
2784,-0.891,0.474
2785,-1.421,0.559
2786,0.07,0.433
2787,-0.816,0.495
2790,-0.841,0.492
2791,0.225,0.412
2792,-1.529,0.562
2793,-0.606,0.528
2794,1.304,0.304
2795,-0.203,0.433
2796,0.82,0.352
2797,0.658,0.362
2799,0.056,0.389
2800,-1.817,0.593
2801,0.402,0.402
2802,0.448,0.397
2804,-0.881,0.49
2805,0.72,0.37
2806,-2.048,0.629
2807,0.081,0.425
2808,0.834,0.354
2809,-0.055,0.441
2810,-2.048,0.629
2811,0.064,0.405
2812,2.05,0.28
2813,0.806,0.358
2814,-0.738,0.474
2815,-0.355,0.44
2816,-1.102,0.51
2817,0.205,0.417
2818,1.185,0.277
2819,1.118,0.285
2820,0.489,0.372
2821,1.254,0.302
2823,0.581,0.355
2824,-2.048,0.629
2825,0.229,0.391
2827,-1.371,0.553
2828,0.499,0.356
2830,-0.926,0.478
2832,0.16,0.41
2833,1.395,0.285
2835,0.116,0.415
2836,-0.086,0.394
2837,-0.622,0.466
2838,-0.682,0.485
2839,0.043,0.416
2840,-0.397,0.422
2842,1.655,0.29
2843,0.576,0.383
2844,-0.781,0.477
2845,-0.141,0.449
2846,-1.61,0.576
2847,0.922,0.332
2848,0.802,0.334
2849,0.477,0.389
2850,-0.199,0.436
2851,-0.93,0.511
2854,1.318,0.276
2855,-2.048,0.629
2857,0.502,0.391
2858,-0.003,0.429
2859,0.183,0.412
2860,0.46,0.392
2861,1.174,0.3
2862,-0.396,0.446
10197,0.148,0.427
2865,0.281,0.401
2866,-0.142,0.419
2869,-0.343,0.418
2870,-0.748,0.467
2871,-0.059,0.432
2872,-0.513,0.468
2874,-1.353,0.54
2875,0.165,0.375
2876,0.281,0.386
2877,1.71,0.278
2878,-1.061,0.515
2880,0.463,0.395
2881,0.396,0.401
2882,-0.877,0.509
2883,-0.592,0.467
2884,-0.043,0.43
2885,-1.347,0.531
2886,-0.743,0.455
2889,-0.72,0.47
2890,1.223,0.282
2892,0.701,0.359
2893,0.605,0.324
2894,0.275,0.416
2895,1.931,0.271
2896,0.326,0.407
2897,0.065,0.407
2898,-0.417,0.46
2901,1.664,0.283
2904,-0.244,0.436
2906,-1.035,0.49
2907,1.565,0.275
2908,-1.536,0.552
2909,-0.575,0.457
2911,0.208,0.387
2912,-0.508,0.468
2913,-0.881,0.492
2914,-1.421,0.559
2915,0.338,0.401
2916,-1.061,0.515
2917,0.07,0.419
2918,0.172,0.42
2919,-1.035,0.49
2922,-0.442,0.434
2923,0.076,0.398
2924,-1.817,0.593
2925,0.651,0.36
2926,0.747,0.318
2927,0.359,0.403
2928,-0.915,0.486
2929,-0.203,0.436
2930,-1.562,0.541
2931,0.812,0.351
2933,-0.597,0.445
2934,0.1,0.423
2936,0.589,0.317
2937,1.01,0.329
2939,-0.207,0.441
2940,-0.542,0.437
2941,-0.772,0.493
2942,-2.048,0.629
2943,-1.792,0.591
2944,0.786,0.341
2945,0.816,0.344
2946,-0.742,0.48
2947,0.814,0.337
2949,-0.192,0.442
2950,0.558,0.385
2951,0.558,0.373
2952,1.102,0.346
2953,-0.827,0.477
2954,0.023,0.439
2955,-2.048,0.629
2956,-0.653,0.483
2957,-1.61,0.576
2958,-0.888,0.484
2959,0.846,0.354
2960,0.957,0.325
2961,0.424,0.391
2962,0.057,0.403
2963,-0.63,0.436
2964,-0.572,0.449
2965,0.654,0.375
2966,-0.746,0.471
2968,-0.236,0.428
2969,-0.106,0.431
2970,0.236,0.416
2971,0.054,0.421
2972,-2.048,0.629
2973,1.945,0.282
2974,-0.246,0.452
2979,0.212,0.377
2980,1.078,0.327
2981,-1.61,0.576
2982,-0.828,0.474
10182,0.385,0.383
2986,0.989,0.326
2987,-0.597,0.445
2988,0.205,0.417
2989,0.822,0.35
2992,-0.597,0.445
2994,1.047,0.314
2995,-0.102,0.437
2997,1.29,0.305
2998,-2.048,0.629
2999,0.205,0.417
3002,-0.116,0.441
3003,0.726,0.35
3004,0.88,0.31
3005,0.751,0.355
3007,0.175,0.419
3008,-0.29,0.455
3009,0.299,0.387
3010,-0.768,0.499
3011,1.239,0.582
3012,-0.147,0.443
3014,0.448,0.383
3015,2.215,0.27
3016,-0.578,0.474
3017,-0.005,0.427
3018,0.638,0.357
3020,0.324,0.402
3021,-1.195,0.522
3022,-0.01,0.425
3023,-0.869,0.475
3024,0.374,0.408
3026,-1.135,0.514
3027,-2.048,0.629
3028,0.048,0.435
3029,0.872,0.336
3030,1.014,0.329
3031,0.868,0.345
3033,0.155,0.393
3034,0.458,0.367
3036,0.379,0.38
3037,0.313,0.328
3038,0.73,0.35
3039,-0.394,0.461
3040,-0.338,0.439
3041,-2.048,0.629
3042,-1.421,0.559
3043,-0.469,0.462
3044,0.382,0.417
3045,0.187,0.331
3046,-0.147,0.443
3047,0.896,0.35
3048,0.448,0.383
3049,1.316,0.298
3052,0.398,0.398
3053,-0.165,0.424
3054,-0.134,0.437
3055,-0.51,0.463
3056,0.018,0.424
3058,0.331,0.406
3060,0.468,0.378
3061,0.762,0.362
3062,-1.723,0.576
3063,0.41,0.378
3064,0.264,0.404
3065,0.816,0.334
3066,0.532,0.392
3067,0.158,0.428
3068,-0.001,0.432
3071,-1.514,0.55
3072,1.086,0.331
3073,0.541,0.375
3075,-0.376,0.419
3076,-0.979,0.498
3079,-0.843,0.477
3081,0.055,0.425
3082,1.238,0.273
3083,1.681,0.286
3084,-0.232,0.436
3085,-1.443,0.554
3086,-0.112,0.416
3087,-1.063,0.518
3088,-1.21,0.524
3089,0.1,0.423
3090,0.64,0.354
3092,-0.503,0.458
3093,1.462,0.303
3095,0.181,0.414
3097,0.137,0.417
3098,-0.213,0.441
3099,0.905,0.282
3102,0.89,0.341
3107,-0.807,0.502
3108,-2.048,0.629
3109,0.352,0.381
3110,0.799,0.335
3111,-0.378,0.446
3112,0.181,0.407
3113,0.626,0.365
3114,0.685,0.372
3115,0.446,0.395
3116,-0.366,0.435
3117,-0.397,0.44
3118,0.031,0.425
3119,-0.613,0.452
3120,0.1,0.423
3122,0.748,0.349
3123,0.203,0.399
3124,0.201,0.413
3127,0.414,0.398
3128,-2.048,0.629
3130,0.443,0.392
3131,2.209,0.278
3132,0.971,0.33
3133,-0.38,0.444
3134,1.051,0.301
3135,0.173,0.402
3136,1.377,0.295
3138,0.782,0.357
3139,0.978,0.333
3142,0.189,0.395
3143,0.949,0.305
3144,0.17,0.389
3145,-0.393,0.446
3146,0.33,0.398
3147,-0.854,0.493
3148,-0.158,0.414
3150,-0.469,0.462
3151,0.502,0.385
3152,-0.41,0.462
3154,-0.431,0.436
3156,-0.239,0.433
3158,-0.259,0.455
3159,-0.705,0.471
3160,-0.683,0.46
3161,-0.232,0.436
3163,0.779,0.352
3164,-1.004,0.495
3165,-1.723,0.576
3167,-0.581,0.466
3168,0.053,0.423
3169,-0.469,0.462
3170,-0.578,0.448
3171,-0.485,0.442
3172,0.954,0.306
3173,-0.157,0.417
3174,-1.007,0.501
3175,-2.048,0.629
3180,1.528,0.277
3181,-1.792,0.591
3183,0.339,0.393
3184,-0.592,0.467
3185,-0.495,0.443
3186,-1.536,0.552
3187,-0.983,0.484
3190,0.53,0.348
3191,-0.839,0.481
3192,-0.959,0.506
3193,-0.983,0.484
3194,0.205,0.417
3195,-1.347,0.531
3196,0.603,0.34
3197,0.504,0.387
3198,-0.333,0.439
3199,0.367,0.402
3200,1.413,0.304
3201,1.035,0.324
3202,-0.645,0.488
3203,0.609,0.38
3204,1.256,0.289
3206,-1.461,0.54
3207,-1.461,0.54
3209,-0.127,0.429
3210,0.215,0.411
3212,0.71,0.357
3213,1.022,0.341
3214,0.985,0.325
3217,0.323,0.396
3218,-0.42,0.468
3219,-1.135,0.514
3220,0.063,0.414
3221,0.905,0.336
3222,1.817,0.284
3223,0.493,0.362
3225,-0.723,0.477
3226,0.412,0.38
3227,-0.379,0.464
3228,1.364,0.286
3230,0.463,0.395
3231,-0.899,0.466
3232,-0.836,0.471
3233,0.286,0.401
3234,-0.581,0.466
3235,-1.515,0.55
3236,0.628,0.371
3238,-0.334,0.456
3240,1.833,0.286
3242,0.481,0.392
3243,0,0.439
3244,1.037,0.319
3247,-0.957,0.506
3248,0.955,0.333
3249,1.192,0.303
3252,-1.17,0.502
3253,-1.347,0.531
3254,0.084,0.405
3255,0.089,0.424
3256,-0.403,0.444
3257,0.822,0.359
3258,-0.463,0.411
3259,1.563,0.271
3260,0.369,0.364
3261,1.026,0.328
3264,-0.883,0.506
3265,-0.31,0.449
3266,0.325,0.403
3268,-0.899,0.506
3269,0.663,0.363
3271,0.005,0.425
3272,-0.122,0.432
3274,-1.34,0.541
3275,-0.855,0.48
3276,0.654,0.364
3278,-2.048,0.629
3279,-0.036,0.41
3280,0.696,0.322
3281,-1.033,0.496
3282,0.97,0.301
3283,-0.259,0.442
3284,-0.746,0.471
3285,0.763,0.336
3286,-0.634,0.473
3287,-0.424,0.461
3288,-0.472,0.442
3289,-0.854,0.493
3291,0.546,0.386
3292,-2.048,0.629
3294,1.041,0.289
3296,-0.122,0.432
3297,-0.464,0.471
3298,0.356,0.361
3299,-1.261,0.499
3301,0.463,0.395
3302,-0.014,0.443
3305,1.919,0.271
3306,-1.32,0.54
3307,0.603,0.368
3308,-0.883,0.506
3310,1.124,0.319
3311,-0.17,0.45
3312,-0.345,0.439
3313,0.822,0.359
3314,1.13,0.324
3315,0.53,0.389
3316,-0.582,0.457
3318,1.234,0.307
3319,0.306,0.381
3321,-1.514,0.55
3322,-1.536,0.552
3323,0.75,0.306
3324,0.205,0.417
3325,-0.051,0.423
3326,-0.232,0.436
3327,0.871,0.334
3328,0.188,0.403
3330,-0.043,0.43
3331,-0.448,0.446
3332,1.21,0.28
3335,-0.89,0.488
3336,-0.734,0.47
3340,0.055,0.425
3342,-1.3,0.523
3344,-0.653,0.472
3345,-1.102,0.514
3346,-1.536,0.552
3347,0.832,0.343
3350,0.032,0.459
3352,-2.048,0.629
3354,-0.053,0.431
3356,0.905,0.352
3357,0.516,0.361
3358,-0.388,0.468
3360,-0.483,0.465
3361,0.793,0.361
3362,1.194,0.303
3364,1.052,0.318
3366,1.328,0.276
3372,2.757,0.29
3374,0.747,0.318
3375,-1.279,0.542
3377,1.113,0.326
3378,-1.166,0.515
3381,0.483,0.375
3382,0.773,0.364
3384,0.713,0.36
3386,-1.018,0.517
3387,-1.421,0.559
3388,1.176,0.314
3389,0.532,0.392
3390,-1.443,0.554
3397,0.513,0.374
3398,0.333,0.393
3402,0.055,0.425
3404,-0.036,0.437
3405,0.437,0.382
3406,1.145,0.36
3407,-0.004,0.421
3408,-0.798,0.477
3411,0.012,0.431
3412,0.186,0.424
3414,-1.102,0.504
3415,-0.826,0.474
3416,-0.169,0.441
3418,0.081,0.431
3419,0.532,0.383
3420,-2.048,0.629
3422,0.626,0.374
3423,-0.232,0.436
3424,-1.213,0.532
3425,1.104,0.327
3427,-0.232,0.443
3428,0.833,0.283
3429,0.046,0.419
3430,-0.509,0.474
3432,-0.311,0.465
3433,1.699,0.293
3434,-0.43,0.445
3435,1.059,0.297
3437,0.449,0.392
3438,0.414,0.398
3439,0.348,0.406
3440,0.281,0.401
3441,-0.746,0.471
3443,0.875,0.344
3445,0.816,0.318
3446,1.025,0.327
3448,0.42,0.384
3450,0.452,0.4
3451,-0.8,0.497
3455,-1.261,0.5
3457,1.351,0.305
3458,-1.253,0.527
3460,0.928,0.342
3461,-0.54,0.457
3462,1.577,0.303
3463,-1.515,0.55
3464,0.896,0.35
3465,0.137,0.424
3466,0.567,0.357
3469,-0.26,0.436
3516,-0.495,0.443
3519,0.492,0.39
3520,0.508,0.377
3521,0.72,0.367
3522,-0.005,0.439
3523,0.177,0.415
3525,0.691,0.349
3526,-0.86,0.475
3528,-0.845,0.501
3531,-0.016,0.424
3532,-0.05,0.435
3534,0.276,0.384
3535,0.175,0.39
3536,0.891,0.343
3537,1.232,0.311
3538,0.928,0.341
3539,-0.228,0.454
3540,-0.72,0.47
3541,-0.045,0.444
3544,0.013,0.434
3546,0.081,0.388
3548,-1.282,0.541
3549,-0.188,0.453
3551,-2.048,0.629
3553,0.314,0.407
3554,-2.048,0.629
3555,0.719,0.361
3556,-0.738,0.476
3557,0.437,0.394
3558,-0.172,0.427
3559,1.378,0.283
3560,-0.186,0.452
3561,-0.309,0.419
3563,0.502,0.386
3564,-0.068,0.446
3565,0.205,0.417
3566,0.961,0.33
3570,0.32,0.409
3571,-0.472,0.442
3572,0.955,0.312
3573,0.713,0.358
3575,-0.42,0.468
3576,-0.077,0.429
3577,-0.31,0.449
3578,0.348,0.406
3579,0.173,0.399
3582,-0.502,0.467
3583,-0.219,0.428
3584,-1.198,0.533
3585,-0.431,0.445
3587,-0.493,0.45
3588,0.636,0.378
3589,0.665,0.373
3590,0.985,0.27
3591,0.414,0.398
3594,0.032,0.434
3595,-0.883,0.506
3596,0.677,0.35
3597,-1.229,0.509
3598,0.089,0.424
3599,-0.334,0.456
3600,-1.134,0.507
3601,0.481,0.392
3602,-0.502,0.45
3604,0.917,0.33
3607,-0.141,0.449
3610,-0.075,0.423
3611,-0.259,0.455
3615,1.541,0.292
3616,0.022,0.431
3619,-1.048,0.497
3620,0.482,0.322
3622,-0.063,0.424
3624,-0.855,0.48
3625,-0.369,0.459
3626,-1.817,0.593
3627,0.205,0.417
3630,-1.007,0.501
3631,-1.817,0.593
3634,-0.734,0.47
3635,-1.421,0.559
3636,1.814,0.286
3637,-0.383,0.44
3638,-0.073,0.429
3639,-1.282,0.541
3640,0.436,0.398
3642,0.113,0.421
3643,-0.334,0.456
3644,0.164,0.409
3646,0.357,0.391
3647,-1.005,0.507
3650,0.434,0.377
3651,-0.394,0.461
3653,0.828,0.353
3654,-0.019,0.43
10193,0.204,0.416
3658,0.053,0.418
3661,0.72,0.316
3662,0.408,0.392
3663,0.549,0.361
3666,0.446,0.383
3667,0.358,0.404
3671,0.043,0.415
3673,-0.608,0.466
3674,0.4,0.382
3716,0.104,0.407
3717,-1.17,0.502
3718,-0.746,0.471
3719,0.303,0.415
3720,-0.44,0.442
3722,-0.371,0.439
3723,-0.59,0.444
3724,0.353,0.382
3725,0.526,0.378
3726,0.325,0.403
3727,-0.532,0.468
3728,0.274,0.408
3729,-0.678,0.463
3730,-0.259,0.442
3732,-1.723,0.576
3733,-1.723,0.576
3735,2.252,0.289
3736,0.603,0.377
3737,-0.44,0.454
3738,1.708,0.285
3739,0.66,0.368
3741,0.898,0.337
3742,0.905,0.327
3743,-1.21,0.524
3744,0.272,0.398
3747,-0.451,0.47
3750,-2.048,0.629
3751,2.181,0.273
3754,0.377,0.395
3755,0.04,0.422
3756,0.048,0.435
3757,-1.279,0.542
3758,0.325,0.38
3759,1.139,0.308
3760,-0.094,0.429
3762,-0.208,0.403
3763,-1.135,0.514
3765,-1.016,0.495
3766,0.205,0.417
3767,0.787,0.364
3768,0.137,0.424
3769,-0.134,0.437
3770,0.325,0.403
3771,-0.759,0.478
3772,-0.43,0.433
3776,0.444,0.394
3777,0.075,0.425
3778,-0.119,0.434
3779,0.636,0.378
3782,-0.141,0.449
3783,0.303,0.415
3785,-0.331,0.439
3786,-0.103,0.388
3787,-1.371,0.553
3788,0.791,0.358
3789,-0.515,0.442
3790,-2.048,0.629
3791,0.68,0.321
3792,1.145,0.322
3793,-0.001,0.422
3794,1.24,0.276
3796,-0.267,0.45
3798,-1.515,0.55
3799,-1.134,0.507
3801,1.022,0.341
3802,-1.723,0.576
3803,0.664,0.355
3804,0.482,0.393
3805,-1.084,0.493
3806,1.071,0.314
3808,-0.245,0.446
3809,0.05,0.409
3811,-0.383,0.46
3812,0.214,0.393
3813,-0.135,0.432
3814,1.361,0.272
3815,-0.214,0.433
3816,-0.493,0.469
3817,-0.008,0.431
3818,-0.565,0.446
3820,0.101,0.401
3821,-1.792,0.591
3822,-0.86,0.475
3823,0.383,0.389
3824,-1.536,0.552
3826,-0.86,0.475
3829,-1.213,0.532
3832,-0.049,0.352
3833,-0.538,0.448
3834,1.089,0.28
3837,-0.981,0.479
3838,-0.606,0.442
3840,0.424,0.394
3842,-0.317,0.442
3844,1.123,0.314
3845,0.721,0.359
3846,0.125,0.379
3848,-1.723,0.576
3849,0.233,0.376
3850,-0.389,0.445
3851,-0.592,0.467
3852,-0.877,0.509
3853,0.183,0.412
3854,0.399,0.362
3855,-0.026,0.423
3857,-0.195,0.42
3858,-0.273,0.448
3860,0.362,0.378
3861,1.112,0.325
3862,0.748,0.35
3865,0.548,0.374
3866,-0.882,0.481
3868,0.055,0.425
3869,-0.422,0.453
3870,-1.723,0.576
3871,0.34,0.407
3872,1.186,0.278
3873,0.415,0.398
3874,-0.826,0.484
3875,-0.617,0.469
3876,-0.361,0.469
3877,-0.734,0.47
3878,-0.225,0.428
3879,-1.215,0.535
3880,0.312,0.393
3882,0.808,0.34
3883,-1.103,0.51
3884,0.287,0.41
3885,0.832,0.333
3887,0.877,0.31
3889,-1.347,0.531
3890,-1.061,0.515
3891,-0.577,0.479
3893,1.224,0.301
3894,0.84,0.309
3895,1.056,0.319
3896,-0.147,0.443
3897,0.32,0.399
3898,-0.873,0.485
3899,-1.39,0.543
3902,0.247,0.398
3903,-0.405,0.467
3904,-0.118,0.436
3905,1.567,0.266
3906,1.062,0.321
3907,-1.13,0.496
3909,0.073,0.409
3911,-1.163,0.53
3912,-0.087,0.41
3914,0.99,0.324
3915,-0.515,0.473
3916,-0.485,0.431
3917,-0.28,0.451
3918,-1.347,0.531
3919,-0.412,0.431
3920,0.729,0.286
3921,-0.746,0.471
3922,-0.309,0.437
3924,-1.035,0.49
3926,0.129,0.413
3928,0.205,0.417
3929,0.313,0.398
3930,-0.26,0.436
3931,-0.819,0.462
3932,-1.134,0.507
3933,1.996,0.273
3934,0.353,0.386
3937,0.977,0.333
3939,-0.64,0.475
3940,-0.225,0.413
3944,-1.163,0.53
3945,0.556,0.378
3946,-0.055,0.441
3947,0.481,0.392
3949,0.439,0.393
3951,-0.075,0.434
3955,-0.746,0.471
3956,1.594,0.28
3957,-0.244,0.436
3962,0.325,0.403
3963,-0.064,0.431
3966,-1.102,0.51
3970,-0.024,0.41
3973,-0.819,0.489
3975,0.501,0.367
3976,0.597,0.322
3977,0.205,0.417
3979,-0.833,0.49
3983,-0.44,0.459
3985,0.199,0.397
3986,0.689,0.308
3987,-0.702,0.487
3990,-0.206,0.434
3991,0.146,0.408
3992,0.787,0.364
3993,1.955,0.275
3997,-0.379,0.464
3998,0.128,0.397
3999,-1.529,0.562
4003,-0.314,0.439
4005,0.783,0.351
4006,0.164,0.409
4008,-0.658,0.488
4009,-0.081,0.444
4011,-1.321,0.507
4013,-0.334,0.456
4015,-0.416,0.439
4017,0.651,0.325
4018,0.274,0.392
4019,0.338,0.386
4021,0.648,0.339
4022,-0.54,0.465
4024,0.527,0.379
4025,1.356,0.274
4034,-0.283,0.443
4036,-0.789,0.467
4037,0.07,0.419
4038,-0.637,0.453
4039,-0.608,0.466
4040,-0.929,0.502
4041,-0.592,0.467
4042,1.038,0.336
4044,0.878,0.306
4045,-0.707,0.479
4052,0.617,0.37
4058,-0.373,0.464
4059,1.635,0.294
4061,0.353,0.398
4062,-2.048,0.629
4064,-0.371,0.439
4066,-1.063,0.518
4067,-0.848,0.467
4068,-0.826,0.495
4069,-0.355,0.44
4071,0.536,0.391
4074,-0.361,0.439
4075,-2.048,0.629
4076,-0.001,0.432
4079,-0.181,0.435
4080,-0.493,0.45
4081,-0.983,0.478
4082,-0.469,0.476
4083,0.071,0.424
4084,1.082,0.283
4086,-0.915,0.486
4087,-0.331,0.459
4089,-0.024,0.434
4090,-2.048,0.629
4091,0.539,0.384
4092,-0.242,0.457
4093,0.781,0.36
4095,1.946,0.269
4096,-0.743,0.455
4097,0.511,0.375
4098,-0.743,0.455
4102,0.069,0.397
4103,0.064,0.405
4105,-0.873,0.485
4106,-2.048,0.629
4107,-0.064,0.431
4109,0.796,0.334
4110,0.786,0.362
4113,-0.165,0.435
4114,-0.882,0.481
4115,1.507,0.272
4116,0.496,0.364
4117,-0.586,0.449
4118,0.294,0.377
4120,1.498,0.269
4121,-1.61,0.576
4124,0.85,0.346
4125,-0.98,0.49
4126,-1.167,0.516
4127,2.008,0.267
4128,-0.073,0.436
4129,0.018,0.429
4130,0.634,0.285
4131,0.133,0.416
4133,-0.197,0.435
4134,1.003,0.318
4135,0.355,0.397
4136,0.367,0.402
4137,-0.089,0.431
4138,-0.817,0.485
4141,1.619,0.277
4143,-0.84,0.485
4144,0.365,0.4
4145,0.109,0.423
4146,-1.61,0.576
4148,0.83,0.305
4149,0.142,0.411
4150,-1.112,0.489
4152,-0.003,0.427
4153,-0.334,0.456
4155,0.199,0.429
4157,0.842,0.334
4158,0.226,0.41
4160,-0.115,0.446
4161,-0.567,0.465
4163,-0.554,0.448
4164,0.914,0.308
4166,-0.42,0.468
4168,-0.122,0.432
4169,-0.708,0.461
4170,-0.11,0.425
4171,-0.597,0.445
4172,-0.296,0.437
4173,0.299,0.412
4174,0.005,0.405
4175,0.562,0.383
4176,-0.328,0.438
4177,0.223,0.407
4178,-0.999,0.485
4180,-0.734,0.47
4182,1.021,0.334
4183,0.005,0.431
4184,-0.244,0.436
4187,-0.442,0.434
4188,-0.76,0.46
4189,0.077,0.423
4191,1.007,0.324
4192,-0.93,0.511
4194,1.611,0.287
4196,0.424,0.391
4197,0.096,0.417
4198,-0.168,0.442
4199,-0.994,0.5
4200,0.809,0.337
4201,-1.723,0.576
4202,-0.296,0.437
4203,-0.191,0.439
4204,-0.512,0.453
4207,0.279,0.404
4208,0.023,0.439
4209,0.491,0.374
4210,1.338,0.277
4211,0.43,0.393
4212,-0.734,0.47
4213,-0.451,0.449
4214,-1.229,0.509
4215,-0.438,0.451
4217,-0.715,0.452
4220,0.055,0.425
4221,0.593,0.362
4222,0.515,0.383
4224,-0.535,0.473
4226,0.88,0.316
4229,-0.353,0.462
4233,0.65,0.365
4235,1.461,0.289
4238,0.646,0.371
4241,0.545,0.375
4242,-0.746,0.471
4243,-0.608,0.466
10134,0.131,0.418
10091,0.593,0.352
10105,-1.536,0.552
10150,-0.371,0.439
4251,0.053,0.423
4253,-0.275,0.448
4254,-0.394,0.461
10094,-1.333,0.516
4256,-0.089,0.431
10166,-0.567,0.465
10118,-0.485,0.442
4260,-1.371,0.553
4262,-0.28,0.433
4263,-1.334,0.539
4264,-0.793,0.479
10111,0.901,0.323
4267,1.051,0.336
10181,-0.457,0.443
10108,1.369,0.284
4270,0.219,0.38
4272,-0.143,0.451
4275,-0.119,0.441
4276,-0.378,0.446
4277,0.058,0.417
10119,-1.279,0.542
10163,0.647,0.363
10133,1.104,0.293
4281,0.997,0.339
10123,0.325,0.403
10143,-0.143,0.413
10180,1.756,0.286
10160,0.628,0.374
4286,-0.227,0.434
4287,-0.641,0.473
10158,-0.064,0.431
10097,0.318,0.392
10113,0.562,0.384
4291,0.237,0.401
10106,0.804,0.341
4293,0.14,0.428
4294,-0.25,0.445
4296,-0.153,0.435
10135,-0.644,0.465
4299,0.492,0.384
10174,0.801,0.353
4301,0.331,0.406
4302,0.448,0.383
4304,-0.485,0.442
10203,-0.739,0.456
4307,-0.705,0.471
4308,0.205,0.417
4309,0.762,0.362
4310,-0.21,0.433
10102,0.173,0.415
10138,-0.171,0.431
4315,0.534,0.326
10175,-0.275,0.448
4318,0.778,0.349
4319,-0.971,0.505
4321,-0.611,0.45
10171,0.205,0.417
10129,-0.605,0.456
10157,0.5,0.378
10156,-0.546,0.481
10227,-0.452,0.448
10112,0.179,0.416
10147,2.202,0.274
10124,0.704,0.318
4332,0.44,0.366
4334,-0.275,0.448
10139,-0.807,0.502
10122,1.521,0.273
10179,0.046,0.426
10140,0.165,0.407
10132,0.766,0.351
4340,-0.147,0.443
4341,1.293,0.315
4342,-0.431,0.445
10167,0.021,0.401
10161,0.984,0.336
4345,-0.15,0.43
4346,-0.249,0.454
4347,1.083,0.33
4348,0.424,0.391
4349,-2.048,0.629
10202,-1.653,0.581
10192,-0.817,0.485
4353,0.446,0.371
4354,0.297,0.395
4355,0.071,0.43
10232,-0.165,0.435
4357,0.61,0.381
4358,-0.472,0.442
4360,-0.351,0.45
10206,-1.253,0.527
4363,0.634,0.376
10211,-0.217,0.441
10207,-0.209,0.448
4366,0.219,0.415
10230,0.781,0.283
4369,1.111,0.323
10205,-0.746,0.471
10221,-0.301,0.451
4372,0.267,0.415
4373,-0.657,0.449
4374,-1.796,0.597
4375,1.152,0.31
4378,-0.205,0.455
4379,-1.17,0.502
4382,-0.881,0.496
10223,0.277,0.405
4385,-2.048,0.629
10209,1.05,0.334
10198,1.504,0.292
10208,-0.141,0.449
4392,-2.048,0.629
10215,-0.141,0.449
4395,0.205,0.417
4403,1.411,0.295
4404,0.04,0.545
10222,-1.61,0.576
10229,1.128,0.322
4409,0.99,0.307
4412,-0.179,0.441
4413,-1.347,0.531
4414,-1.723,0.576
10200,0.504,0.384
10214,0.823,0.349
4422,0.096,0.407
10199,-0.469,0.433
4426,1.402,0.301
10224,1.307,0.311
10220,0.821,0.286
4430,-0.048,0.43
4433,0.476,0.37
4435,0.913,0.291
4436,1.259,0.293
4438,-0.705,0.471
4439,0.619,0.363
10194,-0.544,0.472
4441,-1.347,0.531
4442,0.476,0.395
10226,0.602,0.366
10212,0.236,0.377
4446,-0.089,0.431
10228,0.205,0.417
4449,-0.181,0.435
10219,0.899,0.331
4451,-0.13,0.438
4452,0.014,0.42
4453,0.916,0.35
4454,-0.114,0.43
10225,-0.373,0.446
10195,0.585,0.379
4460,-0.273,0.455
4461,-0.049,0.414
4463,0.829,0.326
4466,-0.122,0.432
4468,-0.883,0.506
4469,-0.668,0.463
4470,-0.348,0.438
4471,0.094,0.396
4472,-0.645,0.488
4473,0.717,0.345
4476,0.27,0.413
4478,-0.222,0.435
4479,-1.347,0.531
4480,-0.098,0.418
10204,-1.653,0.581
4483,-0.371,0.439
4484,-0.934,0.502
10234,0.183,0.412
4489,0.482,0.381
4490,0.877,0.351
4491,0.055,0.425
10231,-1.282,0.541
4493,-1.313,0.528
10196,-1.379,0.523
10216,-1.005,0.507
4496,-2.048,0.629
4497,0.424,0.391
4499,0.256,0.413
4500,-1.178,0.529
4501,0.504,0.384
4502,-0.92,0.472
4504,-1.21,0.524
4506,-1.408,0.529
4507,0.919,0.275
4508,-0.754,0.481
4509,0.247,0.391
4510,-0.232,0.436
4511,-0.627,0.468
4512,-0.878,0.502
4514,0.892,0.349
4515,0.858,0.335
4516,-0.192,0.442
4518,-1.007,0.501
4519,-0.064,0.431
4520,-0.244,0.436
4521,-0.203,0.436
4522,1.404,0.285
4525,-0.322,0.431
4528,-0.746,0.471
4530,1.479,0.277
4531,-0.658,0.488
4532,0.57,0.363
4534,-0.585,0.434
4536,-1.723,0.576
4538,-1.515,0.55
4539,0.205,0.417
4540,1.187,0.273
4542,0.055,0.425
4543,0.327,0.376
4544,-0.244,0.436
4545,-0.112,0.416
4547,0.399,0.37
4548,-0.394,0.461
4550,0.601,0.366
4551,-0.979,0.483
4553,1.693,0.289
4554,0.408,0.399
4555,0.64,0.378
4556,0.594,0.377
4558,0.422,0.379
4559,0.295,0.372
4560,0.577,0.312
4562,0.006,0.434
4563,-0.451,0.47
4565,0.054,0.431
10235,1.622,0.278
4568,-0.438,0.458
4569,0.775,0.351
4571,-1.792,0.591
4573,0.131,0.418
4574,-0.638,0.453
4575,-0.442,0.434
4576,-1.347,0.531
4577,0.765,0.353
4578,-0.963,0.5
4581,0.022,0.43
4585,2.508,0.286
4586,-0.033,0.421
4587,-0.37,0.429
4589,-0.597,0.445
4590,-1.792,0.591
4591,1.154,0.31
4592,0.145,0.423
4593,-0.134,0.437
4595,0.247,0.39
4596,-0.122,0.432
4597,0.451,0.369
4598,0.993,0.319
4600,1.838,0.278
4601,-0.141,0.449
4602,-0.141,0.449
4606,0.546,0.386
4607,-1.063,0.498
4608,-0.453,0.439
4609,-1.213,0.532
4610,0.556,0.32
4612,1.437,0.272
4613,0.509,0.39
4614,1.022,0.341
4615,-0.087,0.424
4618,1.305,0.297
4619,0.841,0.358
4620,0.786,0.362
4623,-0.14,0.419
4625,1.104,0.274
4626,2.248,0.276
4627,0.445,0.365
4628,-0.596,0.462
4629,0.754,0.365
4630,0.205,0.417
4631,-0.226,0.432
4632,0.737,0.346
4633,0.18,0.425
4634,0.091,0.416
4636,0.311,0.413
4638,-1.421,0.559
4639,0.727,0.285
4640,-0.064,0.431
4641,-0.477,0.446
4643,1.221,0.298
4644,1.643,0.285
4645,0.163,0.398
4646,-0.817,0.464
4647,1.197,0.281
4648,0.767,0.363
4649,-0.383,0.46
4650,-0.485,0.461
4651,-1.723,0.576
4652,0.039,0.417
4653,-1.723,0.576
4654,-0.222,0.459
4656,0.46,0.392
4657,0.517,0.378
4658,-0.316,0.438
4659,0.117,0.394
4661,-0.064,0.431
4662,-0.245,0.448
4663,-0.689,0.48
4664,-0.339,0.446
4665,0.743,0.364
4667,-0.033,0.395
4668,-0.888,0.484
4669,-0.094,0.395
4670,-0.035,0.424
4671,1.303,0.314
4673,0.932,0.349
4675,-1.134,0.507
4676,-0.261,0.439
4677,-0.062,0.42
4678,0.477,0.385
4679,-0.516,0.448
4681,-0.715,0.452
4682,-0.273,0.455
4683,0.606,0.323
4684,0.3,0.403
4685,0.165,0.386
4687,-0.125,0.402
4689,-0.141,0.449
4690,-0.455,0.461
4691,0.054,0.423
4692,0.566,0.366
4693,-0.257,0.446
4694,0.268,0.373
4695,0.613,0.379
4696,-0.957,0.506
4697,-0.237,0.407
4698,0.722,0.355
4699,0.965,0.32
4700,1.175,0.31
4701,0.572,0.359
4702,0.441,0.399
4703,1.116,0.309
4705,0.408,0.378
10217,0.183,0.412
4708,-1.178,0.529
4709,-0.446,0.427
4710,0.68,0.344
4712,1.161,0.318
4714,0.344,0.4
4715,-1.279,0.542
4716,0.724,0.348
4717,-0.122,0.432
4718,0.461,0.385
4719,-1.135,0.514
4720,1.825,0.281
4721,1.806,0.276
4723,-1.334,0.539
4724,1.202,0.274
4726,0.822,0.287
4727,-1.261,0.5
4728,-0.892,0.466
4732,0.946,0.333
4733,-1.421,0.559
4735,0.663,0.301
4736,-1.09,0.508
4737,0.229,0.405
4738,1.291,0.271
4739,-1.817,0.593
4740,1.275,0.302
4741,1.767,0.294
4742,-0.734,0.47
4743,-0.627,0.452
4744,-1.164,0.5
4746,-0.141,0.415
4747,1.443,0.295
4748,0.001,0.424
4750,-0.378,0.446
4752,-0.902,0.485
4753,0.006,0.42
4754,0.391,0.399
4757,0.317,0.402
4759,0.914,0.336
4760,0.269,0.41
4763,-0.249,0.454
4766,0.491,0.374
4767,-0.244,0.436
4768,0.326,0.407
4769,-0.213,0.441
4770,0.245,0.418
4771,-2.048,0.629
4773,2.15,0.256
4775,-0.746,0.471
4776,0.507,0.365
4777,-0.668,0.483
4779,-0.949,0.501
4780,0.75,0.341
4781,-0.492,0.458
4782,0.707,0.334
4783,1.135,0.312
4787,0.636,0.367
4788,0.602,0.37
4789,0.23,0.407
4790,0.184,0.407
4793,-0.413,0.444
4794,0.1,0.423
4796,-0.509,0.454
4798,0.605,0.36
4799,0.081,0.425
4800,0.281,0.412
4801,-0.048,0.43
4802,0.205,0.417
4803,0.452,0.4
4804,0.867,0.355
4805,0.205,0.417
4806,0.704,0.363
4808,0.038,0.437
4809,0.289,0.407
4810,-0.077,0.431
4811,-0.044,0.415
4812,-0.353,0.462
4813,-0.329,0.485
4814,1.596,0.277
4815,0.323,0.38
4816,1.054,0.328
4817,0.382,0.395
4818,-0.735,0.459
4819,1.301,0.311
4820,-0.392,0.453
4821,-0.421,0.425
4822,0.137,0.424
4824,-0.923,0.488
4825,0.001,0.436
4826,-1.279,0.542
4828,-0.008,0.426
4829,0.809,0.361
4830,0.531,0.382
4831,-0.189,0.435
4832,-2.048,0.629
4835,-0.877,0.509
4836,-0.569,0.455
4837,-0.418,0.457
4838,0.43,0.379
4839,0.543,0.32
4840,-1.562,0.541
4841,-0.722,0.493
4843,-0.793,0.479
4844,0.796,0.341
4846,0.879,0.353
4847,-0.452,0.47
4848,0.846,0.331
4850,0.881,0.311
4851,0.555,0.321
4852,1.104,0.327
4853,-1.61,0.576
4854,-0.896,0.493
4855,-0.459,0.471
4856,0.051,0.411
4857,-1.529,0.562
4858,0.845,0.323
4860,0.152,0.408
4861,-0.143,0.451
4862,-0.122,0.432
4863,0.422,0.397
4864,-0.469,0.462
4865,0.341,0.404
4866,0.665,0.355
4867,-1.206,0.533
4868,0.205,0.417
4871,1.028,0.315
4872,-0.324,0.433
4874,0.053,0.422
4876,1.022,0.341
4878,0.9,0.283
4879,-0.869,0.494
4880,0.12,0.373
4881,-0.622,0.466
4882,-0.085,0.413
4883,0.049,0.423
4884,-0.034,0.418
4886,-0.707,0.479
4889,-1.515,0.55
4891,-0.33,0.434
4892,-1.249,0.518
4893,0.205,0.417
4897,1.316,0.295