ff_id,Ext9,Ext9_SE
2,0.975,0.243
4,-0.118,0.332
5,1.61,0.204
6,-0.836,0.471
7,1.333,0.227
8,0.481,0.257
11,-1.12,0.582
19,0.729,0.251
20,0.65,0.264
22,-1.203,0.582
23,-0.11,0.324
24,-0.134,0.328
31,0.655,0.252
34,-0.035,0.311
38,1.033,0.232
42,1.004,0.227
43,-1.203,0.582
44,-0.836,0.471
45,-0.262,0.362
46,-0.25,0.343
47,-1.203,0.582
49,-1.203,0.582
52,-0.078,0.319
56,0.007,0.312
58,0.038,0.308
59,0.614,0.253
63,-0.637,0.423
66,-1.203,0.582
68,-1.203,0.582
69,0.447,0.259
73,1.71,0.211
74,0.458,0.25
75,0.353,0.283
77,0.488,0.27
83,-1.203,0.582
86,0.263,0.281
87,-1.203,0.582
88,0.608,0.256
89,-1.203,0.582
90,0,0.319
91,0.614,0.253
93,0.1,0.308
95,-0.971,0.52
96,-0.695,0.439
97,-0.105,0.325
98,0.254,0.274
*,1.06,0.231
100,1.372,0.228
101,0.959,0.239
102,1.499,0.213
103,0.403,0.276
104,0.846,0.248
105,0.002,0.303
106,-0.474,0.391
107,-0.659,0.417
109,-0.836,0.471
110,0.722,0.334
112,0.169,0.295
116,-0.836,0.471
117,0.897,0.226
118,0.254,0.295
122,0.14,0.287
123,0.475,0.255
125,0.231,0.286
126,-0.499,0.393
127,-1.203,0.582
128,-0.823,0.465
130,-1.203,0.582
132,0.163,0.299
133,-0.769,0.448
135,-1.203,0.582
137,0.012,0.308
139,0.304,0.275
144,-0.991,0.518
146,-1.203,0.582
147,-0.42,0.384
148,-0.078,0.307
149,0.796,0.252
150,0.363,0.285
151,-0.616,0.407
152,-0.42,0.388
156,0.547,0.276
158,0.428,0.277
159,0.853,0.245
160,0.158,0.293
161,0.638,0.257
162,0.33,0.282
164,-0.548,0.397
165,1.111,0.234
166,-0.616,0.426
168,-0.068,0.325
171,0.991,0.243
172,-1.203,0.582
175,0.495,0.276
177,0.834,0.246
179,1.225,0.227
181,0.036,0.3
182,0.609,0.26
183,-1.203,0.582
185,-0.341,0.363
187,-1.203,0.582
191,-1.203,0.582
195,0.655,0.259
197,0.996,0.241
198,0.931,0.235
200,0.736,0.243
202,0.507,0.258
203,-0.156,0.33
204,2.299,0.208
205,1.581,0.215
206,0.556,0.267
207,-1.203,0.582
210,-0.105,0.322
213,-0.269,0.345
216,-1.203,0.582
217,-1.203,0.582
218,0.948,0.245
219,-0.581,0.41
221,-0.654,0.419
222,0.154,0.289
226,-0.082,0.326
228,1.007,0.235
230,-1.203,0.582
231,0.203,0.32
232,1.291,0.227
234,-0.169,0.342
237,-0.239,0.342
238,0.476,0.274
239,0.301,0.282
242,-0.991,0.518
243,1.33,0.219
244,-1.203,0.582
245,0.633,0.262
246,-0.836,0.471
248,0.411,0.275
249,-0.15,0.33
250,0.358,0.271
252,0.578,0.338
253,-1.203,0.582
258,-0.179,0.336
263,0.786,0.248
264,-0.721,0.437
267,0.619,0.27
269,0.345,0.283
271,0.416,0.261
272,-0.454,0.379
274,2.055,0.209
275,-1.203,0.582
276,-0.616,0.407
277,1.466,0.224
278,0.278,0.285
279,-0.067,0.308
280,-0.01,0.322
285,0.28,0.282
287,-0.086,0.334
288,-1.203,0.582
289,0.686,0.256
291,-0.222,0.339
292,1.023,0.239
293,-1.203,0.582
294,-1.203,0.582
295,0.601,0.263
296,0.2,0.286
297,-0.091,0.326
298,-0.182,0.337
299,0.327,0.276
301,0.7,0.233
304,-1.203,0.582
312,-1.203,0.582
313,0.748,0.243
315,-1.203,0.582
317,0.255,0.285
318,1.077,0.239
319,0.897,0.24
320,-1.203,0.582
321,-1.203,0.582
322,2.333,0.208
324,0.144,0.298
325,0.678,0.248
326,1.356,0.224
327,0.095,0.305
331,0.043,0.316
333,-1.203,0.582
335,0.764,0.257
336,0.576,0.262
339,-1.203,0.582
340,1.984,0.211
341,0.412,0.28
342,-0.057,0.307
343,-0.239,0.346
344,-1.203,0.582
345,-0.616,0.407
346,-0.621,0.407
347,-1.203,0.582
348,-0.063,0.322
349,-0.836,0.471
352,0.915,0.244
353,0.472,0.276
354,-0.991,0.518
357,2.131,0.205
358,-0.606,0.423
359,-0.028,0.318
360,0.962,0.246
361,-0.707,0.43
362,0.335,0.279
364,-1.203,0.582
366,0.525,0.273
367,1.222,0.226
368,0.768,0.246
369,-1.203,0.582
371,1.478,0.214
372,0.367,0.275
373,-0.622,0.424
374,0.393,0.256
375,-0.991,0.518
376,-0.299,0.357
377,-0.244,0.331
378,-1.203,0.582
379,0.327,0.281
380,0.013,0.314
381,-1.203,0.582
384,0.025,0.311
385,-0.582,0.413
386,0.115,0.308
388,0.416,0.282
389,0.266,0.279
390,0.117,0.3
391,0.065,0.317
393,0.643,0.253
394,-0.171,0.341
395,-0.203,0.342
396,-0.454,0.384
397,0.194,0.301
398,-0.082,0.326
399,0.979,0.241
401,-0.11,0.312
402,-0.823,0.465
403,0.997,0.228
404,-0.212,0.341
405,0.65,0.261
407,2.572,0.209
408,-0.139,0.322
409,-0.171,0.341
410,0.479,0.263
412,0.865,0.243
413,-0.296,0.354
414,-1.203,0.582
415,-0.178,0.334
417,-0.991,0.518
421,0.473,0.269
423,0.065,0.291
425,0.216,0.282
426,-0.275,0.349
427,1.713,0.209
428,-0.163,0.337
429,0.183,0.292
430,0.3,0.298
438,-0.991,0.518
441,-0.041,0.318
442,-0.449,0.381
443,0.076,0.311
444,1.375,0.22
445,-0.3,0.35
446,0.571,0.26
448,-0.836,0.471
450,-0.014,0.314
451,0.628,0.25
452,-0.078,0.324
453,0.76,0.245
454,0.355,0.281
455,1.57,0.218
458,0.23,0.289
459,-0.174,0.333
460,0.455,0.279
461,0.721,0.257
462,1.644,0.21
464,-0.383,0.368
465,-1.203,0.582
470,-0.356,0.368
472,0.223,0.296
473,0.147,0.289
475,0.152,0.292
479,-0.355,0.357
480,0.766,0.248
481,-0.092,0.322
482,-1.203,0.582
483,0.32,0.287
484,-0.219,0.337
489,-0.622,0.424
491,-0.474,0.391
493,1.424,0.217
495,1.186,0.235
496,0.57,0.263
499,-0.217,0.344
500,0.403,0.275
503,0.577,0.26
504,0.582,0.266
505,-0.65,0.414
506,-1.203,0.582
510,-1.203,0.582
514,0.054,0.311
515,-0.183,0.339
516,0.565,0.27
517,-0.823,0.465
518,0.536,0.263
519,1.157,0.232
522,-1.203,0.582
524,1.444,0.221
525,0.232,0.283
526,0.962,0.243
527,-0.548,0.385
528,1.436,0.213
531,0.698,0.246
532,0.834,0.248
533,0.905,0.247
534,-0.991,0.518
535,0.254,0.289
536,0.158,0.319
537,-0.991,0.518
538,1.204,0.23
539,-0.688,0.427
541,-1.203,0.582
544,0.722,0.258
545,0.027,0.316
550,0.494,0.269
552,0.938,0.236
557,1.332,0.215
558,0.876,0.245
560,1.191,0.23
561,-0.45,0.376
562,0.341,0.285
564,-1.203,0.582
565,-0.663,0.418
566,0.401,0.28
568,0.975,0.229
573,-0.378,0.359
575,-0.391,0.378
578,0.15,0.28
579,-0.721,0.437
582,-0.327,0.355
583,0.661,0.259
584,-1.203,0.582
585,-0.055,0.322
586,-0.836,0.471
587,-1.203,0.582
588,0.201,0.295
589,-0.466,0.381
590,-1.203,0.582
593,-0.823,0.465
595,-0.459,0.379
598,-0.564,0.427
599,-1.203,0.582
600,-0.286,0.357
602,-0.654,0.419
603,0.454,0.273
604,0.033,0.306
605,0.269,0.277
610,0.962,0.241
611,0.393,0.275
613,-1.203,0.582
614,1.537,0.218
616,-0.456,0.378
617,0.95,0.242
619,-1.203,0.582
622,-0.42,0.384
623,0.775,0.248
625,-0.823,0.465
626,0.947,0.24
627,0.215,0.29
628,-0.991,0.518
629,0.643,0.259
632,-1.203,0.582
634,0.066,0.3
635,0.903,0.225
636,0.294,0.294
637,-0.168,0.328
640,0.849,0.254
643,-1.203,0.582
646,0.158,0.301
647,-0.686,0.434
648,-0.21,0.341
649,0.11,0.305
650,0.073,0.293
651,-0.654,0.419
653,0.194,0.302
656,-0.143,0.337
657,0.03,0.303
658,1.057,0.225
659,1.024,0.239
660,-0.023,0.327
661,1.58,0.216
662,-0.333,0.362
663,-1.203,0.582
664,-0.769,0.448
666,-0.427,0.359
667,-0.223,0.341
668,0.21,0.28
669,-0.133,0.327
671,0.321,0.282
672,1.313,0.226
674,0.11,0.305
675,-1.203,0.582
676,0.615,0.249
677,-1.203,0.582
679,0.536,0.258
680,1.792,0.207
682,-0.616,0.407
683,0.155,0.309
685,-0.108,0.316
686,-0.123,0.33
687,0.708,0.247
688,0.442,0.274
690,0.272,0.283
691,0.73,0.25
692,-0.16,0.332
693,0.694,0.254
694,-1.203,0.582
697,-0.686,0.434
699,0.977,0.239
700,-1.203,0.582
701,-0.836,0.471
702,0.942,0.224
703,1.345,0.208
704,0.516,0.271
705,0.646,0.254
706,1.638,0.206
707,-0.227,0.34
710,-1.203,0.582
711,-0.179,0.336
713,1.51,0.22
717,0.117,0.292
718,1.211,0.217
719,0.425,0.276
720,0.81,0.247
721,0.605,0.266
722,-0.641,0.422
723,-1.203,0.582
726,-1.203,0.582
727,0.274,0.281
728,0.906,0.242
729,-0.201,0.342
732,-0.659,0.417
734,-0.54,0.395
735,0.44,0.277
737,1.532,0.235
739,-0.453,0.379
740,-1.203,0.582
741,-0.118,0.323
742,-0.078,0.332
743,-0.991,0.518
744,0.642,0.263
745,0.271,0.274
746,0.04,0.302
747,0.018,0.303
751,0.244,0.298
753,0.581,0.262
754,0.247,0.291
760,0.022,0.307
761,0.843,0.245
762,0.238,0.305
763,0.721,0.249
764,-0.063,0.322
765,0.167,0.298
767,0.134,0.295
769,-1.203,0.582
770,0.178,0.277
771,0.524,0.265
772,-0.659,0.417
773,-1.203,0.582
774,0.325,0.27
776,0.527,0.256
780,0.934,0.23
781,-0.85,0.483
783,-0.377,0.393
784,0.358,0.275
785,0.594,0.267
787,-0.589,0.407
789,-0.126,0.332
791,-0.519,0.404
796,-0.536,0.397
798,-0.65,0.414
799,2.191,0.206
800,-0.236,0.349
802,0.295,0.284
803,0.311,0.286
804,0.057,0.313
805,0.002,0.317
806,-0.456,0.378
807,-0.294,0.353
809,1.754,0.216
810,-0.081,0.324
811,-1.203,0.582
812,0.746,0.25
813,0.107,0.291
814,0.81,0.255
815,1.217,0.229
816,-0.911,0.516
817,0.617,0.243
820,1.934,0.209
821,-0.483,0.38
822,0.337,0.283
824,0.61,0.253
826,-1.203,0.582
827,-0.333,0.362
828,-0.581,0.41
830,-1.203,0.582
831,0.229,0.277
833,-0.823,0.465
835,-0.836,0.471
838,-0.371,0.368
839,-1.203,0.582
840,0.565,0.255
841,-0.582,0.413
842,0.691,0.244
843,-1.203,0.582
844,-1.203,0.582
845,1.963,0.207
846,0.224,0.282
847,0.639,0.266
848,-0.147,0.324
849,0.828,0.246
850,0.45,0.273
851,-0.199,0.343
852,-0.122,0.325
853,-1.203,0.582
854,-0.418,0.374
855,-0.286,0.357
856,2.419,0.206
858,0.818,0.246
859,0.903,0.246
860,-0.318,0.359
862,-0.616,0.407
863,1.144,0.224
865,2.057,0.209
866,1.105,0.234
867,2.405,0.204
868,2.05,0.203
869,0.855,0.25
870,0.686,0.261
871,0.32,0.288
872,0.126,0.304
873,-1.203,0.582
874,0.22,0.29
875,-0.836,0.471
876,0.988,0.24
880,0.547,0.255
882,0.713,0.257
883,-0.027,0.316
885,-0.422,0.374
888,-0.327,0.355
889,-1.203,0.582
890,-1.203,0.582
10177,-0.192,0.333
892,0.22,0.301
896,0,0.308
897,0.458,0.275
898,-1.203,0.582
899,1.257,0.225
900,-1.203,0.582
901,-0.65,0.414
903,0.16,0.295
904,-1.203,0.582
906,1.279,0.221
910,-1.203,0.582
911,-0.583,0.395
912,1.457,0.219
913,-1.203,0.582
914,0.533,0.262
915,-0.991,0.518
917,-1.203,0.582
919,0.725,0.253
922,0.538,0.256
923,-0.012,0.312
924,0.774,0.253
925,1.157,0.228
926,-1.203,0.582
927,2.526,0.207
928,-1.203,0.582
929,0.034,0.291
930,1.064,0.235
932,1.172,0.234
933,0.435,0.26
934,-0.991,0.518
935,-0.454,0.384
936,0.202,0.295
937,-1.203,0.582
938,0.651,0.248
10184,0.832,0.252
940,0.659,0.257
941,0.452,0.267
943,0.095,0.302
945,-0.991,0.518
946,-0.249,0.346
948,0.538,0.266
949,-0.171,0.341
950,2.738,0.213
951,-1.203,0.582
953,0.039,0.299
954,0.395,0.259
956,-0.418,0.374
957,1.801,0.213
958,-1.203,0.582
959,-0.318,0.359
960,-0.492,0.386
961,0.95,0.24
963,-1.203,0.582
964,0.307,0.281
965,-1.203,0.582
967,-0.327,0.369
968,0.348,0.28
969,0.601,0.262
970,-0.65,0.414
972,0.11,0.305
973,0.67,0.283
975,-1.203,0.582
976,0.21,0.29
977,-0.354,0.357
978,-0.392,0.367
979,-1.203,0.582
981,-1.203,0.582
982,-0.044,0.31
984,-0.51,0.39
985,-0.581,0.41
986,0.054,0.303
987,-0.301,0.35
988,1.083,0.241
989,-1.203,0.582
990,0.952,0.233
991,-0.836,0.471
992,0.901,0.235
993,3.61,0.272
994,-0.059,0.314
10019,-0.378,0.359
998,0.315,0.262
10100,0.421,0.267
10153,-1.203,0.582
10023,0.975,0.263
10033,0.071,0.307
1003,0.761,0.251
10001,-0.616,0.407
10107,-0.21,0.342
10187,0.249,0.288
1008,0.706,0.26
10014,0.054,0.311
10136,0.995,0.237
10137,-0.182,0.336
10018,0.771,0.248
1019,0.845,0.221
10148,1.579,0.212
1022,-1.203,0.582
1025,0.675,0.255
10128,1.631,0.221
1027,-0.109,0.328
1028,-0.663,0.418
10115,1.052,0.238
10021,-0.093,0.317
10185,0.175,0.288
10237,0.633,0.262
1035,-0.031,0.323
10047,-0.454,0.384
10064,0.254,0.282
1039,-1.203,0.582
10015,-0.836,0.471
1041,0.603,0.25
10011,-0.583,0.395
10152,-0.301,0.35
10034,1.323,0.228
1048,0.298,0.275
10050,-0.401,0.373
1050,-0.618,0.426
1053,-0.688,0.427
1054,0.013,0.302
10089,0.826,0.251
1056,2.145,0.206
10055,-1.203,0.582
1058,0.761,0.251
1059,-0.454,0.379
10032,0.054,0.311
10039,-0.991,0.518
1063,-1.203,0.582
10012,-0.318,0.359
10063,-0.548,0.397
10170,-1.203,0.582
10084,0.547,0.265
10046,-0.492,0.386
10027,-0.236,0.349
1071,-1.203,0.582
1072,0.57,0.266
1074,0.245,0.275
10009,-0.474,0.391
10083,0.148,0.298
10085,-0.65,0.414
10077,0.217,0.297
10004,0.403,0.275
10104,-1.203,0.582
10081,-0.322,0.358
10054,0.441,0.277
10076,1.527,0.209
10036,0.547,0.246
10078,1.407,0.221
10088,0.516,0.256
10030,0.486,0.256
1091,-1.203,0.582
10005,-1.203,0.582
10114,-0.236,0.349
10090,1.135,0.232
1099,-0.107,0.321
10164,0.482,0.273
10190,-0.823,0.465
1104,-0.267,0.351
1105,0.63,0.264
10010,0.598,0.267
1108,0.915,0.236
10201,-0.422,0.374
1110,0.358,0.284
1111,-0.616,0.407
10154,1.833,0.214
10003,0.934,0.244
10075,-0.26,0.34
10176,0.111,0.299
10038,0.279,0.28
10053,0.664,0.255
10116,-1.203,0.582
1122,-1.203,0.582
10236,0.232,0.302
10096,1.557,0.211
10043,-0.991,0.518
1128,-0.136,0.329
10127,-0.616,0.407
10173,-0.508,0.402
1133,1.547,0.22
1134,-1.203,0.582
1135,1.016,0.236
10210,0.298,0.272
1139,-1.203,0.582
10022,-0.85,0.483
1143,0.461,0.263
10026,-1.203,0.582
10188,0.519,0.269
1146,-0.063,0.322
1147,-1.203,0.582
1148,-0.493,0.4
1149,0.263,0.291
10007,1.559,0.221
1152,0.264,0.287
10079,-0.836,0.471
10159,1.296,0.219
1155,-1.203,0.582
1156,0.104,0.318
10131,0.793,0.243
10218,-0.548,0.397
10120,0.439,0.275
1161,1.002,0.241
10125,1.893,0.207
1163,1.442,0.218
10008,-0.025,0.32
10146,1.153,0.226
1168,0.663,0.261
10130,-1.203,0.582
10052,1.11,0.233
1173,-0.688,0.427
1175,-0.361,0.371
10141,-0.823,0.465
1179,-0.037,0.326
10095,0.242,0.307
10045,0.498,0.268
10037,0.147,0.3
1183,-0.002,0.31
1184,-0.65,0.414
1185,-0.823,0.465
10144,-0.991,0.518
1187,-0.091,0.322
1188,-0.991,0.518
10109,-0.991,0.518
10183,2.299,0.205
1191,-0.157,0.327
1193,0.052,0.305
1194,0.108,0.299
10031,0.642,0.253
10178,0.225,0.294
10151,0.265,0.282
10042,-1.203,0.582
1199,0.242,0.291
10117,1.155,0.233
10099,-1.203,0.582
1204,0.544,0.25
10020,-1.203,0.582
10069,-0.654,0.419
10145,-0.449,0.381
10066,-0.135,0.321
10025,0.776,0.245
10110,0.151,0.303
10056,1.04,0.236
1213,0.07,0.297
1214,-0.654,0.419
10098,0.043,0.315
10057,-0.654,0.419
10006,-1.203,0.582
1219,-1.203,0.582
10126,0.779,0.251
1223,0.039,0.307
10073,-1.203,0.582
10060,0.339,0.266
10062,-0.426,0.376
10142,-0.991,0.518
1229,0.447,0.258
1230,1.091,0.229
10065,0.445,0.273
10061,-1.203,0.582
10103,-0.823,0.465
1236,-1.203,0.582
1237,0.171,0.295
1238,0.68,0.262
10051,0.614,0.26
1240,1.584,0.211
1244,-0.36,0.363
10213,0.11,0.305
10093,0.311,0.281
10092,-0.16,0.332
10149,0.892,0.238
10041,0.862,0.248
1252,-1.203,0.582
10070,-0.659,0.417
1255,0.748,0.25
1256,0.022,0.308
1257,1.814,0.205
1260,0.69,0.243
1262,-0.695,0.439
10059,-0.836,0.471
1264,1.114,0.233
1266,0.673,0.255
10068,-0.281,0.353
1268,-1.203,0.582
10058,0.889,0.246
1271,0.516,0.255
1272,0.136,0.299
1273,-0.823,0.465
10168,0.297,0.278
1276,0.561,0.258
10035,0.851,0.231
1278,0.443,0.259
10172,-0.581,0.41
10186,1.194,0.23
1281,0.757,0.253
10016,-0.634,0.421
10002,0.558,0.254
10040,-1.203,0.582
10080,-0.695,0.439
10071,-0.65,0.414
10191,0.913,0.243
1288,1.403,0.219
1289,-0.991,0.518
1290,-0.65,0.416
10028,-0.36,0.37
10086,-0.454,0.384
10017,0.754,0.251
10067,-0.035,0.319
1297,-1.203,0.582
1299,0.233,0.292
10049,-0.991,0.518
10072,0.392,0.274
1304,-1.203,0.582
1306,0.072,0.302
10155,-0.284,0.357
1309,-0.769,0.448
10121,1.747,0.206
10087,-0.05,0.321
10029,-0.589,0.407
10044,-0.991,0.518
1316,-0.823,0.465
1317,0.532,0.26
1318,-1.203,0.582
1321,-0.991,0.518
1322,-0.063,0.323
1323,-1.203,0.582
1324,-1.199,0.583
1325,-0.836,0.471
1327,-0.178,0.335
1328,-0.991,0.518
1329,-0.699,0.444
1332,-0.122,0.324
1333,0.214,0.297
1335,-1.203,0.582
1336,-0.059,0.314
1337,0.433,0.266
1338,1.446,0.216
1341,1.246,0.221
1342,-0.686,0.434
1343,0.832,0.25
1344,0.354,0.278
1345,0.955,0.231
1346,0.322,0.283
1348,1.571,0.219
1349,0.228,0.37
1350,-1.203,0.582
1351,-0.287,0.348
1353,-0.358,0.366
1354,0.337,0.286
1355,0.732,0.245
1356,-0.991,0.518
1357,-0.063,0.322
1358,0.14,0.289
1359,0.747,0.256
1360,-0.057,0.311
1363,0.376,0.274
1364,0.376,0.278
1365,-0.836,0.471
1366,-0.274,0.346
1368,-1.203,0.582
1369,-0.049,0.313
1370,-1.203,0.582
1371,-0.991,0.518
1374,-1.203,0.582
1375,0.262,0.282
1376,0.695,0.258
1377,-0.148,0.321
1379,0.323,0.28
1380,0.465,0.284
1383,0.054,0.311
1384,-1.203,0.582
1385,0.099,0.288
1386,-0.836,0.471
1387,-0.108,0.329
1390,0.071,0.302
1392,-0.063,0.322
1393,0.35,0.273
1396,0.227,0.293
1397,-0.229,0.338
1398,-1.203,0.582
1400,-0.092,0.321
1401,-0.301,0.35
1402,-1.203,0.582
1403,0.821,0.251
1404,-0.695,0.439
1407,-0.991,0.518
1408,-0.991,0.518
1410,0,0.317
1411,-1.203,0.582
1413,0.857,0.246
1416,1.595,0.218
1417,-0.836,0.471
1418,0.22,0.271
1421,1.506,0.22
1422,-0.65,0.414
1426,0.727,0.25
1427,1.086,0.22
1428,2.299,0.207
1430,0.621,0.267
1431,-0.991,0.518
1432,-1.203,0.582
1437,0.871,0.247
1439,-0.318,0.359
1440,-1.203,0.582
1441,-0.454,0.379
1442,0.502,0.272
1443,-0.544,0.407
1445,-0.454,0.384
1447,1.049,0.238
1448,-0.244,0.331
1449,0.185,0.273
1450,-1.203,0.582
1451,-0.322,0.354
1452,-0.199,0.34
1453,0.11,0.303
1454,0.643,0.26
1455,0.983,0.24
1456,-1.203,0.582
1457,1.258,0.23
1459,-0.823,0.465
1462,-1.203,0.582
1463,-0.695,0.439
1464,0.95,0.238
1465,-1.203,0.582
1469,0.258,0.288
1470,-0.053,0.32
1471,-0.548,0.385
1475,0.53,0.267
1476,0.043,0.306
1478,0.899,0.246
1479,0.199,0.292
1482,-0.002,0.318
1484,0.421,0.271
1487,-0.721,0.437
1489,0.062,0.301
1490,-1.203,0.582
1493,0.084,0.293
1497,2.066,0.209
1499,0.566,0.264
1501,0.691,0.261
1502,0.179,0.298
1503,1.175,0.234
1505,0.616,0.264
1507,1.497,0.219
1508,-1.203,0.582
1509,-0.769,0.448
1510,-1.203,0.582
1511,-0.167,0.334
1512,0.362,0.281
1513,-0.836,0.471
1515,-0.589,0.407
1518,1.06,0.234
1519,0.028,0.313
1521,0.705,0.257
1522,-0.183,0.338
1524,-1.203,0.582
1525,1.006,0.24
1526,-0.018,0.302
1527,-0.279,0.345
1528,-1.203,0.582
1530,0.356,0.272
1532,1.378,0.223
1535,-0.991,0.518
1537,1.122,0.236
1538,1.327,0.227
1542,-1.203,0.582
1545,1.509,0.212
1548,-1.203,0.582
1549,0.165,0.28
1550,0.973,0.242
1551,0.595,0.256
1552,1.385,0.223
1553,-0.991,0.518
1554,-0.083,0.324
1555,0.985,0.238
1557,-0.581,0.41
1558,0.965,0.233
1561,-0.157,0.327
1563,-1.203,0.582
1566,0.457,0.269
1567,-1.203,0.582
1569,0.369,0.27
1571,0.745,0.258
1572,0.802,0.254
1573,-1.203,0.582
1576,0.883,0.243
1577,-0.098,0.333
1579,-1.203,0.582
1582,-1.203,0.582
1583,2.326,0.208
1586,0.481,0.259
1587,-0.45,0.376
1588,-0.659,0.417
1589,0.973,0.237
1591,1.703,0.214
1592,-1.203,0.582
1594,0.061,0.309
1597,0.931,0.245
1598,0.364,0.286
1599,-0.146,0.327
1601,-1.203,0.582
1604,-0.695,0.439
1605,0.136,0.286
1607,-1.203,0.582
1609,0.157,0.297
1610,-0.109,0.33
1612,-1.203,0.582
1614,1.083,0.236
1616,-0.707,0.43
1619,-1.203,0.582
1620,0.365,0.279
1622,0.707,0.242
1623,-0.54,0.396
1624,1.241,0.231
1627,-0.432,0.373
1630,-0.01,0.312
1632,0.071,0.3
1635,-0.707,0.43
1636,0.345,0.279
1638,-1.203,0.582
1639,-0.368,0.365
1641,0.165,0.291
1642,0.328,0.272
1644,-1.203,0.582
1647,0.58,0.265
1649,0.684,0.259
1650,-0.991,0.518
1652,1.695,0.218
1655,-1.203,0.582
1656,-1.203,0.582
1657,-0.179,0.335
1659,1.137,0.237
1660,1.432,0.224
1664,-0.076,0.323
1666,-1.203,0.582
1667,-1.203,0.582
1668,0.492,0.265
1670,0.664,0.265
1671,-1.203,0.582
1672,1.866,0.208
1675,0.693,0.244
1676,0.639,0.256
1677,-0.616,0.407
1679,-0.583,0.395
1680,0.492,0.265
1681,0.274,0.283
1682,-0.492,0.386
1683,0.876,0.245
1685,0.54,0.255
1686,1.44,0.218
1687,1.068,0.237
1690,0.596,0.253
1691,-0.075,0.318
1692,-1.203,0.582
1694,-0.088,0.314
1696,0.611,0.264
1697,0.597,0.261
1698,-0.823,0.465
1699,0.359,0.277
1701,0.289,0.283
1702,-0.418,0.374
1703,-0.581,0.41
1704,0.927,0.24
1706,-0.686,0.434
1710,0.041,0.307
1711,1.557,0.218
1712,1.486,0.218
1713,1.911,0.211
1714,0.366,0.27
1716,-0.991,0.518
1719,1.032,0.237
1720,-1.203,0.582
1721,-0.03,0.311
1722,-0.163,0.334
1723,1,0.243
1724,-0.409,0.36
1725,-0.654,0.419
1726,-0.616,0.407
1727,-0.581,0.41
1728,0.036,0.301
1730,-0.272,0.346
1731,0.5,0.264
1734,-0.65,0.414
1735,-1.203,0.582
1736,1.396,0.209
1739,-0.075,0.316
1742,-1.203,0.582
1744,-0.492,0.386
1745,0.285,0.278
1746,-1.203,0.582
1748,-0.016,0.321
1749,-0.991,0.518
1751,1.789,0.213
1752,0.661,0.251
1753,1.159,0.225
1754,0.016,0.303
1756,0.501,0.272
1757,0.881,0.24
1758,0.001,0.318
1759,-0.063,0.322
1760,0.556,0.257
1761,-1.203,0.582
1762,-0.823,0.465
1764,1.18,0.235
1765,-1.203,0.582
1767,-1.203,0.582
1769,-0.208,0.337
1772,-1.203,0.582
1773,0.359,0.284
1775,0.043,0.301
1776,0.03,0.299
1777,-0.206,0.334
1779,1.284,0.226
1780,1.319,0.227
1781,2.459,0.209
1782,-0.542,0.4
1783,-1.203,0.582
1784,0.263,0.291
1785,-0.454,0.379
1786,0.981,0.239
1787,1.854,0.256
1788,-0.242,0.344
1789,-1.203,0.582
1790,0.088,0.283
1791,0.672,0.24
1793,-0.991,0.518
1794,-1.203,0.582
1796,-0.65,0.414
1797,1.846,0.204
1798,0.731,0.252
1799,-0.54,0.395
1801,0.027,0.319
1802,0.389,0.281
1803,-0.461,0.381
1804,0.289,0.283
1806,-0.365,0.365
1807,1.277,0.226
1808,1.129,0.232
1809,0.617,0.261
1810,0.742,0.247
1811,0.498,0.284
1812,0.3,0.279
1813,-0.082,0.326
1815,-0.54,0.395
1816,-0.836,0.471
1817,0.245,0.283
1820,2.004,0.204
1821,0.085,0.306
1822,-0.616,0.407
1823,1.187,0.231
1826,0.022,0.3
1827,1.713,0.212
1828,-1.203,0.582
1829,-0.769,0.448
1831,-0.275,0.349
1832,0.355,0.282
1836,-1.203,0.582
1837,-1.203,0.582
1838,-0.581,0.41
1841,0.628,0.249
1842,0.5,0.273
1843,2.332,0.205
1845,-0.089,0.316
1846,-1.203,0.582
1847,0.037,0.308
1848,0.949,0.242
1849,-0.991,0.518
1850,-0.293,0.345
1851,0.707,0.262
1852,-0.389,0.363
1853,-0.369,0.36
1854,-0.171,0.341
1855,-1.203,0.582
1856,0.204,0.295
1857,-0.236,0.349
1858,-0.686,0.434
1859,-1.203,0.582
1860,-0.991,0.518
1861,-0.991,0.518
1862,-0.548,0.397
1863,0.267,0.283
1866,-0.548,0.397
1867,-0.075,0.329
1868,-0.288,0.352
1870,0.743,0.255
1872,0.377,0.271
1873,0.72,0.246
1874,0.657,0.254
1875,-0.449,0.381
1876,-0.038,0.31
1883,-1.203,0.582
1884,-0.823,0.465
1885,-0.086,0.328
1886,-0.203,0.347
1890,1.97,0.21
1891,-0.063,0.322
1892,0.086,0.304
1894,0.784,0.256
1895,0.411,0.261
1896,1.641,0.211
1897,-1.203,0.582
1898,-1.203,0.582
1899,-0.85,0.483
1900,1.382,0.212
1901,0.114,0.298
1903,1.304,0.227
1904,-0.124,0.325
1905,2.144,0.204
1906,0.691,0.26
1907,-1.203,0.582
1908,0.63,0.251
1909,1.529,0.22
1910,-0.686,0.434
1911,-0.249,0.343
1912,1.48,0.228
1913,0.048,0.297
1915,-0.112,0.327
1916,1.091,0.226
1919,0.356,0.263
1920,0.959,0.236
1921,-0.836,0.471
1922,1.436,0.221
1923,0.619,0.259
1924,1.058,0.22
1925,-0.128,0.326
1926,1.12,0.286
1927,-0.279,0.339
1929,0.213,0.296
1930,-1.203,0.582
1932,-0.991,0.518
1934,0.494,0.266
1935,0.23,0.288
1936,-0.686,0.434
1937,0.495,0.25
1938,-0.686,0.434
1939,0.938,0.241
1941,-1.203,0.582
1942,0.38,0.278
1943,0.923,0.235
1945,0.171,0.286
1946,-1.203,0.582
1947,-0.836,0.471
1948,0.386,0.271
1949,0.366,0.265
1951,-0.422,0.374
1952,-0.318,0.359
1953,-0.686,0.434
1954,-0.659,0.417
1955,0.975,0.242
1958,1.053,0.232
1959,-0.179,0.336
1960,0.599,0.272
1961,1.057,0.232
1962,-0.057,0.321
1964,-0.24,0.336
1965,2.26,0.207
1966,-0.663,0.418
1967,0.47,0.269
1968,1.608,0.22
1969,0.835,0.248
1970,-0.464,0.382
1971,-0.199,0.34
1972,2.166,0.203
1973,1.3,0.226
1974,-0.548,0.385
1975,1.544,0.217
1976,-0.51,0.39
1978,-1.203,0.582
1981,-1.203,0.582
1982,0.297,0.289
1984,-1.203,0.582
1985,-0.823,0.465
1987,-0.991,0.518
1989,-0.047,0.322
1990,-0.458,0.381
1991,0.239,0.283
1992,0.14,0.29
1993,-0.013,0.313
1994,0.839,0.245
1995,-0.088,0.324
1996,-0.001,0.313
1997,1.581,0.214
1998,1.193,0.236
1999,0.506,0.256
2000,-1.203,0.582
2001,-1.203,0.582
2002,-1.203,0.582
2004,-0.336,0.364
2005,1.1,0.236
2006,2.21,0.204
2007,0.826,0.236
2009,0.49,0.265
2010,-0.42,0.384
2011,-0.246,0.357
2012,-0.156,0.326
2013,1.533,0.214
2014,0.12,0.303
2016,1.292,0.227
2020,1.764,0.211
2021,-0.45,0.376
2022,0.296,0.282
2024,-0.836,0.471
2026,1.632,0.209
2027,-1.203,0.582
2029,-0.266,0.346
2030,-1.203,0.582
2031,-0.991,0.518
2032,-0.991,0.518
2033,-0.301,0.355
2034,-0.228,0.335
2035,0.862,0.237
2036,-0.536,0.397
2039,-0.548,0.385
2040,-0.144,0.329
2041,1.692,0.21
2042,0.08,0.298
2043,0.307,0.286
2044,-0.823,0.465
2045,1.017,0.236
2050,0.932,0.241
2051,0.895,0.233
2052,-0.037,0.323
2053,2.318,0.208
2054,0.082,0.306
2056,-1.203,0.582
2057,-0.695,0.439
2058,-0.188,0.337
2059,1.06,0.229
2061,0.489,0.272
2062,0.727,0.252
2063,-1.203,0.582
2064,0.433,0.257
2067,0.621,0.267
2068,0.5,0.268
2069,0.039,0.3
2070,1.811,0.208
2072,-0.168,0.337
2074,0.526,0.26
2076,1.102,0.239
2080,-0.823,0.465
2082,-1.203,0.582
2084,0.403,0.28
2085,0.473,0.275
2088,-1.203,0.582
2089,-0.237,0.341
2090,2.156,0.211
2092,1.405,0.214
2093,-0.654,0.419
2094,1.763,0.208
2095,0.74,0.253
2096,0.646,0.264
2097,-0.007,0.322
2099,-0.155,0.326
2100,0.76,0.247
2102,1.95,0.211
2103,0.336,0.275
2104,0.41,0.275
2105,0.275,0.288
2106,-0.695,0.439
2107,-0.581,0.41
2109,0.679,0.255
2110,0.444,0.263
2111,-0.769,0.448
2113,-0.836,0.471
2114,0.44,0.256
2115,-0.15,0.329
2116,0.937,0.237
2117,0.199,0.289
2118,-1.203,0.582
2119,-0.324,0.355
2120,0.812,0.251
2121,-0.836,0.471
2122,0.948,0.24
2123,-0.54,0.395
2124,-0.663,0.418
2126,0.935,0.245
2127,-0.823,0.465
2128,0.167,0.298
2129,0.556,0.269
2130,0.023,0.317
2132,0.036,0.312
2133,0.026,0.308
2134,-0.028,0.313
2137,-1.203,0.582
2138,0.448,0.271
2139,-0.548,0.397
2140,-1.203,0.582
2141,-0.099,0.315
2142,1.011,0.243
2144,-1.203,0.582
2146,-1.203,0.582
2148,1,0.224
2149,0.541,0.268
2150,0.957,0.246
2151,1.037,0.241
2152,-0.991,0.518
2153,0.553,0.256
2155,-1.203,0.582
2160,0.331,0.277
2161,0.854,0.249
2162,0.197,0.282
2163,2.521,0.211
2164,0.517,0.264
2165,-0.659,0.417
2168,0.561,0.262
2171,-1.203,0.582
2174,0.267,0.292
2175,0.524,0.265
2177,0.087,0.309
2178,-1.203,0.582
2179,0.148,0.294
2180,0.057,0.307
2181,-1.203,0.582
2183,-0.449,0.381
2185,0.536,0.268
2187,0.992,0.241
2188,1.117,0.235
2189,-0.244,0.331
2190,-0.063,0.322
2191,-0.616,0.407
2193,-0.096,0.325
2195,-0.048,0.319
2196,0.235,0.286
2199,0.04,0.306
2200,1.022,0.236
2201,1.711,0.214
2202,-0.616,0.407
2204,0.115,0.307
2206,-1.203,0.582
2207,-0.312,0.348
2208,1.53,0.212
2209,-0.659,0.417
2210,-0.581,0.41
2211,0.754,0.251
2212,-0.308,0.363
2213,0.194,0.292
2214,1.799,0.211
2217,-0.303,0.344
2218,0.11,0.305
2219,-0.065,0.324
2221,-1.203,0.582
2222,-1.203,0.582
2223,-0.686,0.434
2224,-0.823,0.465
2225,-0.318,0.359
2228,-1.203,0.582
2229,-0.123,0.328
2230,-1.203,0.582
2232,0.641,0.26
2233,0.761,0.257
2234,1.474,0.224
2236,-0.85,0.483
2237,-1.203,0.582
2238,1.442,0.216
2239,-1.203,0.582
2240,-0.388,0.364
2241,0.373,0.278
2242,-0.991,0.518
2243,-0.836,0.471
2244,0.225,0.294
2245,0.428,0.276
2246,-0.616,0.407
2247,0.099,0.303
2248,0.092,0.301
2249,0.669,0.252
2250,0.321,0.275
2253,0.887,0.242
2254,-0.223,0.341
2256,-0.03,0.316
2257,-1.199,0.584
2258,-0.05,0.307
2259,0.355,0.277
2262,-0.005,0.317
2263,1.424,0.218
2264,0.071,0.309
2265,1.243,0.223
2267,-0.823,0.465
2268,1.067,0.232
2269,0.563,0.259
2270,2.115,0.21
2272,0.809,0.254
2273,-0.064,0.32
2274,0.085,0.311
2275,-0.078,0.319
2277,0.026,0.314
2279,0.085,0.293
2280,-0.167,0.327
2282,-1.203,0.582
2283,2.48,0.209
2284,-1.203,0.582
2285,0.578,0.27
2287,-0.198,0.329
2288,-1.203,0.582
2290,1.092,0.223
2291,0.604,0.256
2293,0.824,0.243
2294,-0.055,0.323
2296,-0.208,0.337
2297,0.259,0.287
2300,-0.616,0.407
2301,-0.474,0.391
2302,-0.644,0.415
2303,0.607,0.266
2306,0.555,0.265
2307,-1.203,0.582
2308,0.325,0.271
2310,1.666,0.21
2311,0.357,0.285
2312,-0.616,0.407
2313,-0.432,0.373
2314,0.079,0.304
2315,0.413,0.274
2317,-0.823,0.465
2319,-0.318,0.359
2320,2.894,0.212
2321,-0.211,0.338
2322,0.493,0.273
2323,1.28,0.228
2324,0.558,0.253
2326,0.868,0.24
2327,1.125,0.233
2328,-0.336,0.364
2331,-0.606,0.423
2333,0.636,0.248
2334,-0.836,0.471
2337,-0.097,0.329
2338,0.003,0.306
2340,0.326,0.276
2341,-0.991,0.518
2342,-0.492,0.386
2343,-1.203,0.582
2344,-0.836,0.471
2346,1.709,0.214
2347,1.836,0.215
2349,0.055,0.31
2350,0.127,0.296
2351,-1.203,0.582
2352,0.188,0.303
2353,0.845,0.252
2355,0.092,0.306
2357,-0.294,0.362
2358,0.642,0.268
2359,0.966,0.243
2360,0.267,0.285
2363,-1.203,0.582
2364,-1.203,0.582
2365,1.341,0.215
2366,0.147,0.297
2369,-0.02,0.313
2370,1.324,0.222
2371,-0.378,0.359
2372,0.086,0.312
2373,1.153,0.233
2374,-1.203,0.582
2375,-0.175,0.331
2378,-1.203,0.582
2379,0.292,0.268
2380,1.025,0.238
2381,0.889,0.24
2382,3.62,0.268
2383,1.214,0.227
2385,-1.203,0.582
2388,0.766,0.252
2389,-0.991,0.518
2392,-0.836,0.471
2393,0.323,0.269
2394,1.341,0.222
2395,0.661,0.254
2396,0.35,0.267
2398,-0.459,0.378
2399,-1.203,0.582
2400,1.41,0.223
2402,1.437,0.224
2403,0.224,0.283
2404,-0.492,0.386
2406,0.87,0.246
2408,1.397,0.227
2409,-1.203,0.582
2410,-1.203,0.582
2411,-0.098,0.333
2412,-1.203,0.582
2414,-1.203,0.582
2415,0.873,0.248
2416,1.633,0.216
2417,-1.203,0.582
2419,0.93,0.247
2420,-0.836,0.471
2421,-0.377,0.362
2422,-0.204,0.335
2423,-1.203,0.582
2425,-0.474,0.392
2426,0.905,0.242
2427,-1.203,0.582
2428,-0.306,0.339
2429,0.086,0.303
2431,-0.836,0.471
2433,-1.203,0.582
2434,-1.203,0.582
2435,1.222,0.216
2436,-0.836,0.471
2437,-0.581,0.41
2438,0.823,0.241
2440,0.82,0.252
2442,-0.542,0.4
2443,1.27,0.229
2446,-1.203,0.582
2447,-0.823,0.465
2448,0.082,0.292
2449,-1.203,0.582
2450,-1.203,0.582
2451,0.434,0.259
2452,2.095,0.205
2454,-0.216,0.344
2455,1.155,0.224
2456,0.388,0.28
2457,0.439,0.276
2458,-0.548,0.385
2460,1.355,0.225
2461,-1.203,0.582
2462,0.469,0.265
2464,1.272,0.227
2465,1.269,0.223
2466,0.482,0.268
2469,0.453,0.262
2471,-0.474,0.391
2472,-0.991,0.518
2473,1.192,0.219
2475,0.104,0.313
2476,0.338,0.284
2477,0.693,0.26
2478,0.033,0.307
2479,-0.291,0.353
2480,-0.823,0.465
2481,0.912,0.236
2482,0.811,0.243
2483,0.198,0.292
2485,0.889,0.235
2486,0.413,0.282
2487,0.765,0.257
2489,-0.035,0.318
2490,0.258,0.287
2491,0.417,0.273
2492,0.199,0.282
2493,0.765,0.255
2494,0.581,0.252
2495,-1.203,0.582
2496,-0.542,0.4
2497,-0.836,0.471
2498,0.862,0.246
2499,0.373,0.28
2500,-1.203,0.582
2501,-1.203,0.582
2502,0.269,0.292
2504,-1.203,0.582
2505,-1.203,0.582
2507,0.187,0.294
2508,0.893,0.245
2509,-0.707,0.43
2510,0.468,0.276
2511,0.722,0.244
2512,-0.461,0.381
2513,0.723,0.252
2515,-1.203,0.582
2516,-0.836,0.471
2517,-1.203,0.582
2518,1.006,0.236
2520,0.172,0.301
2521,-0.991,0.518
2522,-0.493,0.4
2523,-0.301,0.35
2524,-1.203,0.582
2525,-0.581,0.41
2526,-1.203,0.582
2527,-0.991,0.518
2530,-1.203,0.582
2531,-1.203,0.582
2540,1.28,0.227
2541,1.5,0.221
2542,0.748,0.247
2543,0.523,0.259
2544,-0.336,0.364
2545,0.083,0.314
2546,-0.016,0.308
2547,-0.581,0.41
2548,-0.171,0.341
2549,-0.073,0.329
2550,-1.203,0.582
2551,0.028,0.309
2552,-0.185,0.342
2553,0.263,0.295
2554,0.301,0.285
2555,0.56,0.267
2556,0.588,0.267
2557,-0.836,0.471
2558,1.041,0.229
2559,0.429,0.269
2560,-0.616,0.407
2561,1.162,0.227
2562,-0.016,0.315
2563,0.214,0.297
2566,0.506,0.263
2567,0.461,0.273
2568,-0.419,0.369
2569,-1.149,0.574
2570,1.327,0.216
2571,-0.336,0.352
2573,-0.033,0.317
2574,-0.048,0.32
2576,0.437,0.274
2577,0.056,0.308
2579,0.503,0.259
2581,-1.203,0.582
2583,0.904,0.245
2584,1.643,0.21
2587,-0.018,0.315
2588,-0.11,0.324
2590,0.753,0.25
2591,1.992,0.208
2592,1.11,0.232
2593,-0.836,0.471
2594,-1.203,0.582
2595,1.999,0.207
2596,0.049,0.289
2598,0.126,0.297
2600,-0.991,0.518
2601,1.496,0.213
2605,-0.025,0.31
2607,1.122,0.235
2608,0.207,0.29
2611,0.357,0.279
2612,2.016,0.209
2614,-0.836,0.471
2615,-0.383,0.349
2617,0.652,0.263
2618,0.135,0.299
2619,-0.695,0.439
2621,0.092,0.304
2622,-0.136,0.321
2623,-0.034,0.307
2625,-1.203,0.582
2628,0.498,0.273
2629,-1.203,0.582
2631,0.989,0.225
2632,-0.201,0.342
2634,-0.012,0.303
2635,0.656,0.254
2636,0.419,0.274
2637,-0.654,0.419
2640,-1.203,0.582
2641,-0.836,0.471
2642,-0.461,0.381
2643,1.614,0.222
2644,-0.695,0.439
2645,0.079,0.314
2646,-0.186,0.332
2648,-0.823,0.465
2649,-1.203,0.582
2650,0.411,0.275
2651,-1.203,0.582
2652,-0.721,0.437
2653,0.394,0.269
2654,-0.616,0.407
2655,1.381,0.226
2656,-1.203,0.582
2657,1.48,0.21
2658,0.161,0.302
2659,-0.171,0.341
2660,0.872,0.247
2662,0.657,0.255
2663,0.678,0.252
2664,-0.688,0.427
2666,0.357,0.283
2667,1.126,0.234
2668,0.088,0.309
2669,0.191,0.305
2670,0.243,0.286
2671,0.555,0.255
2673,1.979,0.207
2674,0.076,0.315
2675,-0.654,0.419
2676,0.39,0.277
2677,-0.823,0.465
2678,0.054,0.312
2679,0.835,0.246
2680,0.213,0.291
2681,0.355,0.278
2682,1.049,0.238
2683,1.479,0.221
2686,-0.081,0.318
2687,0.067,0.309
2688,-0.203,0.347
2689,-0.36,0.37
2690,0.04,0.302
2691,-0.098,0.333
2692,1.146,0.238
2693,1.901,0.214
2694,0.545,0.249
2695,1.135,0.235
2698,-0.289,0.352
2700,-0.581,0.41
2701,0.745,0.255
2703,0.593,0.259
2704,0.701,0.26
2706,-0.401,0.373
2707,0.13,0.391
2708,-0.099,0.329
2710,-0.242,0.343
2711,2.616,0.21
2712,-0.36,0.37
2713,-0.161,0.321
2715,0.702,0.258
2716,0.136,0.306
2717,0.173,0.303
2719,-1.203,0.582
2720,-1.203,0.582
2721,-0.111,0.342
2722,-0.542,0.4
2723,-0.695,0.439
2724,-0.695,0.439
2725,0.235,0.289
2726,-1.203,0.582
2728,0.248,0.292
2729,-1.203,0.582
2730,1.529,0.214
2731,-1.203,0.582
2732,0.04,0.31
2733,0.993,0.248
2734,0.545,0.266
2735,1.007,0.242
2736,1.105,0.242
2737,-1.203,0.582
2738,0.173,0.3
2739,0.67,0.245
2740,1.668,0.205
2741,0.654,0.256
2743,0.392,0.264
2744,0.609,0.253
2745,-0.273,0.357
2746,-0.991,0.518
2747,0.297,0.278
2748,0.32,0.282
2750,0.143,0.295
2751,-0.325,0.37
2752,0.054,0.312
2753,1.186,0.235
2754,1.185,0.233
2755,-0.36,0.37
2756,0.099,0.304
2758,-0.068,0.325
2759,0.024,0.317
2762,0.987,0.242
2763,0.847,0.247
2764,0.086,0.342
2765,0.002,0.317
2766,0.81,0.255
2767,-1.203,0.582
2768,-0.237,0.352
2769,1.616,0.217
2770,-0.991,0.518
2771,0.629,0.263
2772,-0.686,0.434
2773,-0.388,0.364
2774,0.136,0.295
2775,1.312,0.229
2776,1.486,0.219
2777,-0.063,0.322
2779,-1.203,0.582
2780,0.703,0.254
2781,0.11,0.302
2784,1.387,0.222
2785,1.084,0.219
2786,0.592,0.263
2787,0.248,0.289
2789,0.364,0.271
2790,0.29,0.284
2791,-0.449,0.381
2792,-1.203,0.582
2793,-0.069,0.321
2794,1.368,0.225
2795,-0.019,0.312
2796,-1.203,0.582
2797,0.391,0.288
2798,0.442,0.284
2799,0.3,0.288
2800,1.073,0.237
2801,2.547,0.204
2802,-0.707,0.43
2804,-0.266,0.362
2805,1.492,0.222
2806,-0.288,0.342
2807,-0.991,0.518
2808,-0.015,0.308
2809,-1.12,0.582
2810,-0.542,0.4
2811,-0.088,0.319
2812,-0.075,0.319
2813,1.103,0.235
2814,-1.203,0.582
2815,-0.654,0.419
2816,0.434,0.268
2817,0.065,0.307
2818,-0.464,0.382
2819,-0.171,0.341
2820,-1.203,0.582
2821,-1.203,0.582
2823,0.356,0.272
2824,0.343,0.273
2825,-0.823,0.465
2826,-0.098,0.32
2827,0.247,0.291
2828,1.114,0.222
2829,1.467,0.22
2830,-0.025,0.32
2832,0.404,0.27
2833,0.225,0.284
2835,-0.034,0.319
2836,1.193,0.23
2837,-0.087,0.318
2838,0.315,0.288
2839,0.086,0.312
2840,2.262,0.204
2842,2.315,0.206
2843,1.081,0.239
2844,0.747,0.26
2845,1.383,0.228
2847,0.874,0.248
2848,1.565,0.22
2849,1.013,0.232
2850,-0.017,0.309
2851,1.381,0.22
2853,-0.616,0.407
2854,0.32,0.283
2855,-0.383,0.361
2857,0.377,0.277
2858,-0.464,0.382
2859,0.464,0.271
2861,1.803,0.213
2862,0.404,0.276
2865,1.247,0.223
2866,1.659,0.214
2867,-0.172,0.423
2869,1.517,0.215
2870,-0.206,0.346
2871,0.171,0.306
2872,-0.584,0.415
2874,-0.051,0.321
2875,-1.203,0.582
2876,-0.209,0.34
2880,1.27,0.224
2881,0.027,0.309
2882,-0.51,0.39
2883,0.368,0.284
2884,-0.203,0.342
2885,0.788,0.254
2886,-0.068,0.325
2889,-1.203,0.582
2890,1.744,0.214
2891,0.023,0.317
2892,0.275,0.289
2893,1.275,0.226
2894,0.958,0.227
2895,0.484,0.272
2896,0.425,0.279
2897,1.377,0.218
2898,-0.836,0.471
2901,0.243,0.298
2903,-1.203,0.582
2904,0.912,0.233
2906,0.448,0.274
2907,0.668,0.253
2908,-0.17,0.34
2909,0.136,0.306
2911,-0.161,0.347
2912,-0.288,0.352
2913,-0.654,0.419
2914,1.099,0.229
2915,1.168,0.233
2916,-1.203,0.582
2917,-0.581,0.41
2918,0.443,0.276
2919,-0.201,0.342
2920,-0.654,0.419
2922,-0.171,0.341
2923,-1.203,0.582
2925,0.544,0.264
2926,-0.589,0.407
2927,0.548,0.265
2928,-0.454,0.384
2929,-0.282,0.381
2930,0.312,0.29
2931,-0.654,0.419
2933,-0.001,0.314
2934,1.804,0.211
2936,0.219,0.298
2937,2.296,0.207
2939,-0.091,0.326
2940,-1.203,0.582
2941,0.854,0.242
2942,-1.203,0.582
2943,-0.991,0.518
2944,0.595,0.265
2945,0.853,0.25
2946,-1.203,0.582
2947,0.083,0.314
2949,0.054,0.308
2950,0.178,0.293
2951,-0.355,0.357
2952,0.72,0.261
2955,-0.991,0.518
2956,-0.462,0.384
2957,-0.284,0.357
2958,-1.203,0.582
2959,-0.193,0.334
2960,0.319,0.287
2962,0.701,0.261
2963,0.213,0.295
2964,-1.203,0.582
2965,0.573,0.261
2966,0.662,0.255
2968,-0.263,0.351
2969,0.582,0.269
2970,-0.551,0.398
2971,0.529,0.27
2973,-0.333,0.362
2974,0.552,0.261
2976,-0.135,0.331
2977,0.688,0.255
2979,-0.293,0.347
2980,0.796,0.248
2981,0.784,0.25
2982,0.427,0.278
10182,1.333,0.231
2985,1.542,0.213
2986,0.352,0.278
2987,-0.135,0.328
2988,3.193,0.237
2989,0.913,0.242
2992,-0.014,0.314
2993,-0.548,0.385
2994,0.782,0.253
2995,0.861,0.246
2997,0.384,0.281
2998,0.108,0.301
2999,1.377,0.222
3002,-0.686,0.434
3003,-0.449,0.377
3005,-0.454,0.384
3006,-0.508,0.402
3009,-0.991,0.518
3010,2.204,0.205
3011,1.367,0.226
3012,-0.326,0.35
3014,0.272,0.286
3015,1.31,0.225
3016,0.062,0.301
3017,-0.663,0.418
3018,-1.203,0.582
3020,1.882,0.208
3021,-1.203,0.582
3022,0.403,0.268
3023,-0.663,0.418
3024,-0.991,0.518
3026,-0.008,0.316
3027,-1.203,0.582
3029,0.126,0.294
3030,0.407,0.282
3031,-0.616,0.407
3033,0.148,0.294
3034,0.341,0.289
3036,1.317,0.221
3037,0.018,0.308
3039,-0.329,0.356
3040,0.486,0.269
3041,-1.203,0.582
3043,-0.836,0.471
3044,0.263,0.291
3045,0.794,0.248
3046,1.032,0.24
3047,-0.327,0.355
3048,0.74,0.251
3049,-0.474,0.391
3052,-1.203,0.582
3054,2.129,0.21
3055,-0.581,0.41
3056,0.727,0.257
3057,-0.195,0.334
3058,0.363,0.258
3059,-1.203,0.582
3060,0.559,0.264
3061,2.971,0.221
3062,0.338,0.271
3063,-0.206,0.336
3064,0.398,0.275
3066,-0.991,0.518
3067,0.11,0.305
3068,-0.369,0.359
3069,-0.54,0.396
3071,1.728,0.209
3072,1.583,0.212
3075,0.571,0.254
3076,0.744,0.256
3077,-0.595,0.431
3081,-0.54,0.395
3082,1.9,0.209
3083,0.929,0.242
3084,-0.616,0.407
3085,-0.542,0.4
3088,0.614,0.265
3089,-0.119,0.323
3090,0.451,0.265
3091,1.016,0.234
3093,0.974,0.233
3095,1.876,0.208
3096,2.076,0.207
3097,-1.203,0.582
3098,-0.461,0.368
3099,0.894,0.238
3107,0.469,0.269
3109,0.05,0.302
3110,0.202,0.292
3111,0.71,0.244
3113,1.191,0.234
3114,-0.991,0.518
3115,-0.06,0.297
3116,-1.203,0.582
3119,-0.409,0.36
3120,1.381,0.226
3122,-0.035,0.316
3123,0.435,0.272
3124,0.933,0.238
3127,-1.203,0.582
3128,-1.203,0.582
3130,1.3,0.227
3131,2.356,0.208
3132,-0.063,0.322
3133,0.023,0.317
3134,0.266,0.291
3135,0.59,0.262
3136,-0.007,0.316
3138,2.344,0.206
3139,-0.464,0.382
3142,-0.078,0.328
3143,1.338,0.219
3144,0.403,0.26
3145,-0.159,0.335
3147,-1.203,0.582
3148,0.689,0.25
3150,-1.203,0.582
3151,1.661,0.209
3152,-0.099,0.329
3154,0.895,0.243
3156,-1.203,0.582
3159,-0.836,0.471
3160,-0.336,0.364
3161,-1.203,0.582
3163,-1.203,0.582
3164,-0.453,0.371
3165,1.068,0.237
3167,-0.201,0.342
3168,0.23,0.283
3169,0.798,0.241
3170,0.508,0.261
3171,-0.318,0.359
3172,-0.329,0.356
3173,-0.695,0.439
3174,-1.203,0.582
3175,-0.207,0.334
3177,0.191,0.276
3181,-0.127,0.334
3183,-0.397,0.371
3184,0.285,0.287
3185,-0.581,0.41
3186,-0.542,0.4
3187,-1.203,0.582
3190,-0.329,0.356
3191,-0.441,0.383
3192,-0.581,0.41
3193,0.489,0.262
3194,1.193,0.228
3195,0.747,0.257
3196,-0.418,0.374
3197,0.392,0.269
3198,0.873,0.252
3199,-1.203,0.582
3200,0.678,0.276
3201,0.148,0.298
3202,-1.203,0.582
3203,1.015,0.238
3204,0.077,0.3
3206,1.849,0.21
3209,-0.991,0.518
3212,0.612,0.265
3213,0.223,0.298
3214,1.66,0.214
3215,0.512,0.272
3217,0.76,0.25
3218,-0.54,0.395
3220,-1.203,0.582
3221,1.165,0.229
3222,3.252,0.237
3223,-0.294,0.354
3225,0.353,0.283
3226,-0.136,0.329
3227,0.086,0.302
3228,0.864,0.251
3230,-0.654,0.419
3231,-0.454,0.379
3232,0.054,0.312
3233,-1.203,0.582
3234,-1.203,0.582
3235,0.265,0.288
3236,1.357,0.228
3238,0.162,0.302
3239,-0.836,0.471
3240,1.305,0.217
3242,-1.203,0.582
3243,2.015,0.209
3244,1.598,0.216
3245,0.344,0.284
3247,0.572,0.264
3248,1.899,0.208
3249,-0.076,0.322
3253,-0.616,0.407
3254,0.807,0.25
3256,0.552,0.261
3257,-1.203,0.582
3258,0.253,0.284
3259,-0.991,0.518
3260,1.557,0.222
3261,0.228,0.284
3264,-0.65,0.416
3265,-1.203,0.582
3266,-1.203,0.582
3268,0.196,0.298
3270,2.095,0.209
3271,-0.179,0.336
3272,-1.203,0.582
3273,1.255,0.227
3274,-1.203,0.582
3275,0.149,0.304
3276,-0.823,0.465
3279,0.026,0.311
3280,2.444,0.209
3281,1.373,0.211
3282,1.433,0.223
3283,0.476,0.272
3284,-0.991,0.518
3285,1.826,0.208
3286,-0.04,0.326
3287,0.081,0.299
3288,-0.606,0.42
3289,0.026,0.308
3290,-0.454,0.384
3291,0.772,0.255
3292,0.301,0.291
3294,-1.203,0.582
3295,0.067,0.308
3296,0.323,0.28
3297,-0.823,0.465
3298,0.065,0.317
3299,-0.499,0.393
3301,-0.063,0.322
3306,-1.203,0.582
3307,0.238,0.288
3310,0.984,0.222
3311,0.918,0.233
3312,-0.721,0.437
3313,0.73,0.254
3314,0.472,0.283
3315,-1.203,0.582
3316,0.529,0.269
3318,1.852,0.203
3319,0.12,0.302
3321,-0.823,0.465
3322,-0.449,0.382
3324,-1.203,0.582
3326,0.925,0.239
3327,1.556,0.218
3330,-0.125,0.332
3336,0.596,0.253
3340,-0.695,0.439
3341,1.152,0.232
3342,-0.65,0.414
3344,-0.003,0.309
3345,0.001,0.318
3346,-0.07,0.326
3347,0.076,0.301
3350,0.137,0.296
3352,-0.836,0.471
3354,-0.654,0.419
3355,-0.294,0.354
3358,-0.464,0.382
3360,1.305,0.222
3361,1.26,0.224
3362,0.389,0.269
3364,0.538,0.268
3366,1.817,0.203
3372,-0.318,0.359
3374,-1.203,0.582
3377,-0.108,0.312
3378,-0.769,0.448
3382,0.214,0.297
3384,-0.449,0.381
3386,-0.641,0.422
3387,-0.426,0.376
3388,-1.149,0.574
3389,1.059,0.235
3390,-0.458,0.381
3392,-0.454,0.384
3394,-1.203,0.582
3397,-0.695,0.439
3398,-0.581,0.41
3399,0.447,0.274
3402,-1.203,0.582
3404,0.805,0.248
3405,-0.068,0.325
3406,-0.09,0.321
3407,-0.836,0.471
3408,0.922,0.239
3411,0.001,0.31
3412,-1.203,0.582
3414,-1.203,0.582
3415,0.545,0.253
3416,-0.991,0.518
3418,0.104,0.3
3419,0.358,0.273
3420,0.322,0.296
3421,-1.203,0.582
3422,0.583,0.265
3423,0.95,0.237
3424,0.202,0.309
3428,-1.203,0.582
3430,-0.654,0.419
3432,-0.991,0.518
3433,0.218,0.291
3434,-1.203,0.582
3435,1.432,0.225
3437,-1.203,0.582
3438,0.226,0.283
3439,-0.823,0.465
3440,0.293,0.289
3441,-1.203,0.582
3443,1.086,0.235
3445,0.472,0.268
3446,-0.51,0.39
3448,0.894,0.248
3450,-1.203,0.582
3451,-0.453,0.371
3452,-0.29,0.342
3455,-0.104,0.323
3456,-0.695,0.439
3457,2.424,0.208
3458,-0.474,0.391
3460,-0.184,0.33
3461,-1.203,0.582
3462,0.779,0.25
3463,-0.025,0.302
3464,1.364,0.224
3465,-0.991,0.518
3466,-0.39,0.376
3467,-1.203,0.582
3469,0.953,0.241
3516,-0.444,0.376
3517,-0.426,0.368
3519,-0.203,0.347
3520,-0.378,0.359
3521,-1.203,0.582
3522,1.494,0.224
3523,-1.203,0.582
3525,2.367,0.21
3526,0.363,0.277
3528,-0.296,0.35
3531,0.75,0.257
3532,-0.823,0.465
3534,-0.182,0.337
3536,-0.449,0.381
3537,0.924,0.245
3538,2.063,0.206
3539,-1.203,0.582
3540,-0.823,0.465
3541,1.56,0.208
3544,-0.991,0.518
3546,-0.695,0.439
3548,-0.21,0.331
3549,-0.606,0.423
3551,-1.203,0.582
3552,1.014,0.231
3553,4.276,0.391
3555,0.261,0.29
3556,-0.284,0.34
3557,0.054,0.312
3559,-0.418,0.374
3560,0.466,0.258
3561,-1.203,0.582
3562,-1.203,0.582
3563,0.218,0.299
3564,-1.203,0.582
3569,-1.057,0.585
3570,0.628,0.24
3571,-1.203,0.582
3572,1.653,0.213
3575,0.43,0.274
3576,-0.021,0.316
3577,-0.404,0.367
3578,0.682,0.246
3579,1,0.243
3582,-1.203,0.582
3583,0.408,0.278
3584,0.671,0.251
3585,-0.059,0.32
3587,-0.135,0.327
3588,0.217,0.288
3589,1.087,0.235
3590,-0.125,0.327
3594,-0.418,0.374
3595,0.487,0.263
3596,-0.26,0.353
3597,0.073,0.308
3598,-0.067,0.318
3599,-0.455,0.382
3600,0.306,0.292
3601,-0.386,0.374
3602,-0.157,0.327
3604,-0.836,0.471
3607,-0.695,0.439
3610,0.116,0.301
3611,0.653,0.253
3615,0.337,0.285
3616,1.548,0.216
3617,-1.203,0.582
3619,-0.695,0.439
3620,-0.823,0.465
3622,-0.474,0.391
3624,0.56,0.269
3625,0.568,0.278
3626,-0.365,0.365
3630,-0.823,0.465
3634,0.763,0.249
3635,-0.836,0.471
3636,0.408,0.284
3637,0.103,0.304
3638,-1.203,0.582
3640,-0.378,0.359
3643,-0.542,0.4
3644,-0.148,0.328
3646,0.586,0.268
3647,1.129,0.234
3650,-0.616,0.407
3651,-0.823,0.465
3653,-0.318,0.359
3654,1.422,0.205
10193,-0.4,0.364
3658,0.136,0.304
3661,-0.474,0.391
3662,0.499,0.273
3663,0.879,0.235
3666,1.755,0.211
3667,0.331,0.269
3673,-1.203,0.582
3716,-0.426,0.376
3717,0.115,0.307
3718,1.422,0.213
3719,1.366,0.224
3720,-0.401,0.373
3722,-0.356,0.368
3723,1.071,0.231
3724,1.197,0.228
3725,0.141,0.289
3726,-1.203,0.582
3727,-0.695,0.439
3728,-1.203,0.582
3729,1.035,0.226
3730,-1.203,0.582
3733,-0.695,0.439
3735,0.448,0.276
3737,-0.344,0.359
3738,0.78,0.243
3739,0.233,0.287
3740,0.895,0.247
3741,-1.203,0.582
3742,0.073,0.304
3744,1.859,0.212
3747,0.843,0.247
3748,2.604,0.209
3751,0.596,0.246
3754,-0.083,0.328
3755,0.408,0.278
3756,0.636,0.266
3757,-0.659,0.417
3758,0.348,0.281
3759,-0.836,0.471
3760,-0.215,0.343
3761,0.915,0.241
3762,-1.203,0.582
3763,-0.542,0.4
3766,0.71,0.258
3767,-1.203,0.582
3768,-0.063,0.322
3769,-1.203,0.582
3770,0.435,0.272
3771,1.803,0.213
3772,-1.203,0.582
3773,-0.324,0.355
3776,-0.076,0.327
3777,0.93,0.249
3778,0.232,0.295
3779,0.054,0.315
3780,-1.203,0.582
3782,1.006,0.222
3783,-0.836,0.471
3785,-0.707,0.43
3786,0.692,0.258
3787,0.243,0.282
3788,-0.542,0.4
3790,-0.582,0.413
3791,1.206,0.223
3792,0.341,0.287
3793,1.39,0.216
3794,1.679,0.218
3795,0.138,0.293
3796,1.74,0.213
3798,-0.223,0.341
3799,-0.04,0.326
3802,-0.823,0.465
3803,0.03,0.311
3805,1.557,0.218
3806,0.347,0.275
3807,0.225,0.296
3809,-0.499,0.39
3811,-1.203,0.582
3812,-0.281,0.345
3813,0.444,0.276
3815,0.114,0.307
3816,0.63,0.261
3817,0.118,0.298
3820,-1.203,0.582
3821,-1.203,0.582
3822,-0.991,0.518
3823,0.027,0.309
3829,-0.836,0.471
3833,-1.203,0.582
3834,-0.447,0.37
3837,-1.203,0.582
3838,0.273,0.285
3840,-0.426,0.376
3842,0.417,0.272
3844,-1.203,0.582
3845,1.264,0.231
3846,-0.273,0.354
3847,-1.203,0.582
3849,-0.621,0.407
3850,-0.021,0.316
3851,0.268,0.293
3852,1.067,0.226
3853,0.428,0.273
3854,-0.04,0.326
3855,0.908,0.248
3858,0.785,0.252
3860,1.091,0.247
3862,-0.293,0.347
3865,0.621,0.256
3866,0.695,0.266
3868,0.123,0.306
3869,-0.65,0.416
3870,0.547,0.253
3871,-0.686,0.434
3872,0.225,0.295
3873,-0.707,0.43
3874,-1.203,0.582
3875,0.86,0.243
3876,-0.528,0.411
3877,0.208,0.272
3878,-1.203,0.582
3879,-0.54,0.395
3880,1.269,0.223
3882,-0.054,0.319
3883,-0.654,0.419
3884,-0.185,0.338
3885,0.26,0.289
3886,-1.203,0.582
3887,0.963,0.236
3889,0.284,0.28
3890,-1.203,0.582
3891,-0.695,0.439
3893,-0.272,0.346
3894,-0.542,0.4
3895,-1.203,0.582
3896,0.82,0.25
3898,0.623,0.258
3899,-0.707,0.43
3900,-0.273,0.357
3901,-1.203,0.582
3902,0.372,0.284
3903,0.995,0.227
3904,-0.171,0.341
3905,0.93,0.233
3906,0.578,0.252
3907,-1.203,0.582
3909,0.369,0.276
3911,0.633,0.242
3912,0.044,0.298
3914,0.349,0.273
3915,-0.991,0.518
3916,0.366,0.276
3917,-0.769,0.448
3918,-1.203,0.582
3919,-0.571,0.404
3920,0.366,0.276
3921,-1.203,0.582
3922,0.965,0.243
3924,-0.332,0.362
3926,-0.836,0.471
3927,0.407,0.28
3928,-1.203,0.582
3929,-0.325,0.355
3930,-0.769,0.448
3932,-1.203,0.582
3933,-0.283,0.357
3934,0.644,0.262
3935,0.223,0.271
3936,1.064,0.241
3937,0.208,0.287
3939,-0.252,0.351
3940,-1.203,0.582
3942,-0.721,0.437
3943,0.007,0.304
3944,-1.203,0.582
3945,0.66,0.249
3946,-0.388,0.364
3947,-0.032,0.326
3949,-0.349,0.361
3950,-0.654,0.419
3951,0.826,0.244
3953,-1.203,0.582
3955,-0.695,0.439
3956,0.056,0.304
3957,-0.04,0.324
3958,0.233,0.285
3962,-0.338,0.365
3963,0.77,0.25
3965,0.582,0.266
3966,0.595,0.261
3970,0.238,0.291
3973,-0.047,0.313
3974,-0.654,0.419
3975,0.389,0.271
3976,0.886,0.247
3977,-1.203,0.582
3979,0.108,0.304
3983,0.081,0.293
3985,-0.325,0.355
3986,0.927,0.238
3987,-0.827,0.473
3990,-0.654,0.419
3991,-0.077,0.319
3993,0.277,0.29
3996,0.17,0.286
3998,-0.581,0.41
3999,-1.203,0.582
4002,-0.836,0.471
4003,-0.068,0.325
4004,-0.65,0.414
4005,0.792,0.238
4006,-1.203,0.582
4008,0.752,0.244
4009,0.958,0.237
4011,0.474,0.265
4013,1.527,0.22
4015,-0.616,0.407
4017,-1.203,0.582
4018,-1.203,0.582
4019,0.087,0.31
4020,0.222,0.296
4021,1.45,0.218
4022,1.119,0.235
4024,-1.203,0.582
4025,-0.126,0.319
4028,1.278,0.225
4034,-0.32,0.347
4036,0.666,0.261
4037,-0.183,0.338
4038,-0.823,0.465
4039,-0.991,0.518
4041,-1.203,0.582
4042,-0.836,0.471
4043,-1.203,0.582
4044,1.126,0.229
4045,-1.203,0.582
4052,2.534,0.211
4058,0.233,0.297
4059,0.892,0.244
4060,1.049,0.234
4061,0.446,0.269
4062,-0.654,0.419
4063,0.35,0.272
4067,0.843,0.235
4068,-0.85,0.483
4069,0.279,0.269
4071,1.75,0.209
4072,-0.836,0.471
4074,0.88,0.251
4075,-1.203,0.582
4076,-1.203,0.582
4078,-0.363,0.378
4079,-0.05,0.322
4080,1.128,0.234
4081,-0.171,0.341
4082,0.241,0.27
4083,0.92,0.243
4084,0.399,0.271
4086,-0.356,0.368
4087,0.759,0.247
4089,1.308,0.222
4090,-0.461,0.381
4091,0.18,0.278
4093,0.687,0.262
4095,-0.024,0.303
4096,0.682,0.261
4097,1.062,0.231
4098,-1.203,0.582
4100,0.25,0.296
4102,0.42,0.266
4103,0.054,0.311
4105,-0.369,0.36
4106,-1.203,0.582
4107,0.148,0.298
4109,0.115,0.307
4112,0.371,0.284
4113,0.182,0.294
4114,0.28,0.274
4115,0.504,0.249
4116,0.615,0.252
4117,-0.287,0.354
4118,0.523,0.259
4120,0.247,0.284
4121,-0.836,0.471
4124,-0.721,0.437
4125,-0.545,0.405
4126,-0.002,0.319
4127,0.347,0.279
4129,-0.358,0.366
4130,0.396,0.274
4131,-0.21,0.341
4133,-0.769,0.448
4134,-0.584,0.415
4135,0.788,0.25
4136,1.549,0.217
4137,-0.983,0.519
4138,0.517,0.265
4143,0.255,0.283
4144,1.355,0.218
4145,0.602,0.26
4146,-1.203,0.582
4148,1.338,0.225
4149,-1.203,0.582
4150,-1.203,0.582
4152,1.739,0.212
4153,0.942,0.243
4155,-1.203,0.582
4157,1.061,0.234
4158,-0.242,0.344
4160,-0.75,0.455
4161,0.081,0.301
4163,0.166,0.3
4164,0.156,0.286
4166,-1.203,0.582
4168,-1.203,0.582
4169,-0.461,0.381
4171,-0.229,0.338
4172,0.539,0.26
4173,0.809,0.249
4174,0.268,0.293
4175,-0.152,0.325
4176,1.403,0.226
4177,-0.055,0.325
4178,-0.836,0.471
4180,-0.85,0.483
4182,0.054,0.311
4183,-0.621,0.407
4184,0.833,0.252
4185,0.987,0.239
4187,-0.836,0.471
4188,0.979,0.237
4189,-0.616,0.407
4191,0.947,0.243
4192,1.071,0.233
4194,0.496,0.269
4196,-0.018,0.316
4197,0.619,0.263
4198,-0.513,0.422
4199,-0.201,0.342
4200,0.197,0.293
4201,-1.203,0.582
4202,-0.836,0.471
4203,-1.203,0.582
4204,0.623,0.265
4207,-0.654,0.419
4208,-0.454,0.384
4210,0.732,0.227
4211,0.701,0.256
4212,0.611,0.265
4213,-1.203,0.582
4214,-0.663,0.418
4215,-0.461,0.381
4216,-0.124,0.338
4217,-0.359,0.363
4220,1.033,0.235
4221,-0.836,0.471
4222,0.27,0.287
4224,-0.022,0.341
4226,-1.203,0.582
4229,0.981,0.246
4230,1.922,0.209
4233,-0.991,0.518
4238,0.174,0.29
4240,0.444,0.27
4241,-0.139,0.328
4242,0.11,0.306
4243,-0.823,0.465
10134,-0.85,0.483
10091,-0.474,0.391
10105,-0.169,0.342
4251,0.63,0.264
4253,-0.36,0.37
4254,-0.014,0.316
10094,-0.006,0.321
4256,-0.991,0.518
10233,0.345,0.278
10166,-0.836,0.471
10118,-1.203,0.582
4260,0.298,0.286
4262,-0.349,0.361
4264,0.294,0.274
10111,1.392,0.223
4267,1.743,0.217
10181,0.583,0.258
10108,-0.046,0.317
4270,0.276,0.29
4272,0.318,0.262
4274,0.192,0.299
4275,-0.103,0.326
4276,-1.203,0.582
4277,0.054,0.312
10119,-0.028,0.32
10163,0.555,0.269
10133,0.43,0.273
4281,1.234,0.23
10123,-1.203,0.582
10143,-0.239,0.346
10180,0.948,0.227
10160,0.433,0.289
4287,-1.203,0.582
10158,-0.836,0.471
10097,1.151,0.232
10113,-0.084,0.317
4291,-1.203,0.582
10106,-1.203,0.582
4294,0.17,0.294
4296,-0.301,0.35
10135,-0.078,0.319
4299,-0.272,0.346
10174,0.912,0.246
4301,-1.203,0.582
4304,2.141,0.209
4306,-0.686,0.434
4308,-0.659,0.417
4309,-0.836,0.471
10102,0.123,0.306
10138,0.558,0.271
4314,-0.449,0.381
4315,1.024,0.232
10175,0.653,0.262
4318,-0.091,0.322
4319,0.087,0.31
4320,1.464,0.215
4321,0.931,0.244
10171,1.334,0.222
4324,-0.695,0.439
10129,-0.332,0.357
10156,-0.695,0.439
10227,-0.318,0.359
10112,-0.048,0.319
10147,0.724,0.256
10124,0.8,0.252
4333,-0.695,0.439
4334,0.522,0.266
10139,0.455,0.263
10122,0.167,0.299
10179,0.373,0.282
10140,-1.203,0.582
10132,-0.424,0.378
4340,-0.01,0.306
4341,-0.426,0.376
4342,1.617,0.217
10167,-1.203,0.582
10161,0.957,0.248
4345,0.444,0.276
4346,-0.122,0.331
4347,1.252,0.23
4348,-0.192,0.33
4349,-1.203,0.582
10202,0.302,0.283
10192,-1.203,0.582
4353,0.328,0.274
4354,-0.616,0.407
4355,-1.203,0.582
10232,0.523,0.254
4358,0.668,0.255
4360,0.997,0.24
10206,0.351,0.273
4363,1.52,0.22
10211,-0.148,0.325
10207,-0.09,0.321
4366,-0.122,0.328
10230,-1.203,0.582
10205,-0.127,0.334
10221,-0.318,0.359
4372,0.081,0.292
4373,0.054,0.312
4374,0.748,0.256
4375,-0.991,0.518
4378,1.683,0.234
4382,0.602,0.259
4385,-1.203,0.582
10209,0.973,0.242
10198,0.42,0.262
10208,0.85,0.25
4392,-0.185,0.342
10215,0.8,0.247
4395,-0.097,0.329
4403,0.054,0.312
4404,-0.459,0.378
10229,-0.287,0.348
4409,1.28,0.232
4411,-0.063,0.322
4413,-1.203,0.582
4414,-0.663,0.418
10200,0.11,0.305
10214,1.023,0.239
4422,-1.203,0.582
10199,0.582,0.269
4426,0.584,0.263
10224,1.159,0.227
10220,0.317,0.273
4430,-1.203,0.582
4433,0.966,0.235
4435,0.514,0.268
4436,0.435,0.269
4438,-0.454,0.384
4439,0.171,0.292
10194,0.061,0.306
4441,-1.203,0.582
10226,0.32,0.282
10212,-0.192,0.336
4447,-0.695,0.439
10228,-0.04,0.326
4449,-0.178,0.338
10219,-1.203,0.582
4451,-0.156,0.33
4452,1.053,0.233
4453,-1.203,0.582
4454,4.276,0.391
4458,-0.147,0.332
10195,0.861,0.248
4460,-1.203,0.582
4461,-0.329,0.356
4466,-1.12,0.582
4468,-0.079,0.321
4469,-0.174,0.333
4470,-1.203,0.582
4471,0.02,0.308
4472,-0.047,0.31
4473,0.702,0.256
4474,0.319,0.273
4476,0.879,0.248
4478,-0.392,0.367
10204,0.173,0.302
4483,-0.304,0.361
10234,0.392,0.28
4490,1.288,0.225
10231,-1.203,0.582
10196,-0.018,0.316
10216,-0.836,0.471
4497,0.317,0.287
4499,-1.203,0.582
4500,-0.449,0.381
4502,0.668,0.262
4504,0.473,0.269
4506,-1.203,0.582
4507,-0.154,0.335
4508,0.474,0.277
4509,1.723,0.21
4510,-0.363,0.365
4511,0.391,0.281
4512,-0.193,0.334
4514,0.346,0.285
4515,1.215,0.227
4516,-0.688,0.427
4518,0.267,0.287
4519,-1.203,0.582
4520,-0.253,0.341
4521,-0.548,0.385
4522,1.42,0.23
4524,2.113,0.208
4525,-0.095,0.323
4528,-0.991,0.518
4530,1.918,0.21
4531,0.551,0.265
4532,-0.581,0.41
4534,1.719,0.212
4535,0.398,0.284
4536,-0.836,0.471
4538,-0.207,0.33
4539,-0.36,0.37
4540,-1.203,0.582
4541,-0.622,0.424
4542,-1.203,0.582
4543,-0.136,0.329
4544,-0.294,0.351
4545,-0.581,0.41
4547,-0.04,0.326
4548,1.479,0.215
4550,-0.695,0.439
4551,0.757,0.25
4552,0.782,0.247
4553,1.59,0.214
4554,-0.362,0.364
4555,-0.464,0.382
4556,1.837,0.209
4558,0.5,0.261
4559,1.36,0.222
4560,-0.695,0.439
4562,-0.616,0.407
4563,-1.203,0.582
4565,-0.057,0.324
4566,-0.686,0.434
10235,1.376,0.216
4568,-0.837,0.521
4569,0.44,0.279
4570,-0.695,0.439
4571,1.501,0.211
4573,1.305,0.212
4574,1.323,0.233
4575,0.669,0.264
4576,-1.203,0.582
4577,-0.542,0.4
4578,-0.823,0.465
4581,2.371,0.209
4582,0.173,0.302
4584,-1.203,0.582
4585,-0.329,0.356
4586,-1.203,0.582
4587,-0.085,0.314
4588,0.427,0.277
4590,-0.014,0.314
4591,0.639,0.253
4592,1.837,0.215
4593,0.027,0.316
4595,0.928,0.246
4596,0.148,0.292
4597,-0.545,0.398
4598,-1.203,0.582
4599,0.372,0.273
4600,-0.301,0.358
4602,-1.203,0.582
4606,0.99,0.224
4607,-1.203,0.582
4608,-0.397,0.371
4609,1.245,0.223
4610,0.618,0.265
4612,0.32,0.286
4613,0.027,0.316
4614,1.11,0.228
4615,-0.26,0.34
4616,-0.54,0.396
4618,1.521,0.216
4619,0.527,0.27
4620,-1.203,0.582
4623,0.22,0.291
4625,-0.249,0.346
4626,0.83,0.246
4627,1.719,0.213
4628,0.083,0.302
4629,2.513,0.209
4630,0.835,0.243
4631,-0.115,0.324
4632,-1.203,0.582
4633,0.55,0.269
4634,-0.162,0.334
4635,1.709,0.215
4636,-0.189,0.344
4638,0.861,0.248
4639,-0.707,0.43
4640,0.786,0.248
4641,-0.091,0.322
4643,-0.107,0.312
4644,0.291,0.274
4645,0.344,0.284
4646,0.003,0.305
4647,-0.374,0.356
4648,1.273,0.229
4650,-0.454,0.384
4651,0.134,0.301
4652,0.581,0.263
4653,0.701,0.255
4654,1.715,0.211
4656,-0.397,0.371
4657,0.798,0.249
4658,0.476,0.264
4659,-0.213,0.331
4661,-0.581,0.41
4662,-0.663,0.418
4663,0.575,0.256
4664,-0.454,0.384
4665,0.633,0.265
4667,-0.688,0.427
4668,0.126,0.304
4670,0.111,0.305
4671,-0.616,0.407
4673,-0.091,0.326
4676,-1.203,0.582
4677,-0.205,0.337
4678,-0.338,0.359
4679,0.364,0.278
4681,-0.029,0.32
4682,1.044,0.233
4683,0.419,0.274
4684,-0.422,0.374
4685,0.468,0.268
4686,-1.203,0.582
4687,-0.836,0.471
4688,2.401,0.342
4690,-0.991,0.518
4692,0.624,0.264
4693,-1.203,0.582
4694,-1.203,0.582
4696,-1.203,0.582
4697,-0.616,0.407
4698,1.706,0.209
4699,1.219,0.228
4700,0.896,0.237
4701,-1.203,0.582
4702,0.581,0.255
4703,1.64,0.218
4704,1.911,0.21
4705,0.005,0.314
10217,-1.203,0.582
4707,0.69,0.259
4709,-0.21,0.331
4710,0.016,0.314
4712,-1.203,0.582
4714,-0.769,0.448
4715,0.683,0.257
4717,-0.432,0.373
4718,0.056,0.31
4719,-0.04,0.326
4720,0.819,0.249
4721,1.125,0.223
4722,-0.823,0.465
4723,-0.334,0.352
4724,0.58,0.263
4726,0.918,0.246
4727,1.15,0.226
4728,0.054,0.312
4732,2.302,0.208
4733,-0.616,0.407
4735,0.849,0.248
4736,-0.991,0.518
4738,-1.203,0.582
4739,0.595,0.26
4740,0.939,0.239
4741,1.077,0.222
4742,0.562,0.264
4743,0.018,0.308
4744,0.391,0.273
4746,-1.203,0.582
4747,0.917,0.232
4748,-0.616,0.407
4749,-0.287,0.354
4750,-1.203,0.582
4751,0.974,0.238
4752,-1.203,0.582
4753,-1.203,0.582
4754,0.268,0.294
4756,0.136,0.306
4757,-1.203,0.582
4759,-0.454,0.384
4761,-1.203,0.582
4763,0.632,0.259
4765,-0.318,0.359
4766,1.685,0.209
4767,0.187,0.294
4768,1.107,0.237
4769,-1.203,0.582
4770,0.817,0.24
4771,-1.203,0.582
4773,0.376,0.265
4775,0.099,0.304
4776,0.957,0.232
4777,-1.203,0.582
4779,-1.203,0.582
4780,0.192,0.299
4781,-1.203,0.582
4783,1.161,0.228
4787,0.473,0.276
4788,0.582,0.253
4790,-0.063,0.322
4793,-0.201,0.342
4794,-0.383,0.349
4796,-0.836,0.471
4800,-0.003,0.308
4801,-1.203,0.582
4802,0.548,0.249
4803,-0.836,0.471
4804,0.387,0.282
4805,1.05,0.234
4806,-0.836,0.471
4808,-0.369,0.367
4809,-0.836,0.471
4810,0.625,0.252
4811,-1.203,0.582
4812,-1.203,0.582
4813,0.054,0.312
4815,0.813,0.254
4816,1.69,0.215
4817,2.451,0.209
4818,-0.295,0.356
4819,-0.058,0.325
4821,-0.432,0.373
4822,-1.203,0.582
4824,-0.695,0.439
4825,1.75,0.214
4826,-1.203,0.582
4829,1.514,0.223
4830,1.256,0.224
4831,0.455,0.275
4832,-0.663,0.418
4833,0.153,0.297
4835,-0.991,0.518
4836,1.954,0.21
4837,-1.203,0.582
4838,-0.108,0.316
4839,-0.011,0.305
4840,-0.301,0.35
4841,-1.203,0.582
4843,0.3,0.285
4844,-0.151,0.324
4845,-0.695,0.439
4846,-1.203,0.582
4847,0.783,0.248
4848,1.514,0.22
4850,2.582,0.211
4851,0.422,0.262
4852,-0.991,0.518
4853,1.287,0.231
4855,-0.836,0.471
4856,0.211,0.292
4857,0.413,0.269
4858,-0.171,0.341
4859,-0.097,0.332
4860,-1.203,0.582
4861,-1.203,0.582
4862,0.33,0.277
4863,-0.65,0.416
4864,0.29,0.289
4865,0.535,0.261
4866,-0.616,0.407
4867,0.739,0.257
4868,-1.203,0.582
4871,-0.185,0.338
4872,0.097,0.307
4874,-1.203,0.582
4876,-0.54,0.395
4878,-0.836,0.471
4879,0.157,0.282
4880,-0.108,0.327
4881,0.824,0.234
4883,-0.991,0.518
4884,0.828,0.252
4885,-0.589,0.407
4886,-0.581,0.41
4888,-1.203,0.582
4889,-0.418,0.374
4891,-0.686,0.434
4892,-0.551,0.398
4893,-1.203,0.582
4895,0.893,0.247
4897,1.072,0.23