ff_id,Ext,Ext_SE
1,-0.884,0.508
2,1.578,0.254
4,-0.875,0.489
5,-0.006,0.429
6,-1.001,0.53
7,0.755,0.329
8,-0.676,0.495
11,-1.354,0.558
13,1.082,0.296
16,-2.049,0.642
19,0.225,0.41
20,0.771,0.318
21,1.038,0.281
22,0.492,0.367
24,-1.014,0.501
26,0.279,0.37
28,2.339,0.259
29,-0.645,0.459
30,1.202,0.3
31,-1.077,0.514
38,-0.907,0.496
41,0.567,0.359
42,-0.231,0.44
43,0.355,0.389
45,-2.049,0.642
47,0.015,0.428
48,1.503,0.257
49,-1.147,0.523
52,0.224,0.41
54,-0.086,0.435
55,-1.253,0.514
58,-0.062,0.433
59,-0.541,0.49
61,-0.204,0.442
63,0.162,0.383
66,-0.711,0.457
68,-1.621,0.592
69,-1.335,0.548
70,-0.135,0.404
71,-2.049,0.642
73,1.788,0.246
74,-1.73,0.592
75,-0.803,0.494
77,-0.803,0.494
78,1.846,0.252
79,0.282,0.373
81,1.148,0.28
82,-1.022,0.523
83,0.578,0.351
84,0.874,0.293
86,0.015,0.428
87,0.24,0.412
88,-0.764,0.488
89,0.331,0.378
91,0.532,0.353
95,-0.426,0.457
96,0.4,0.385
97,0.261,0.404
98,0.319,0.36
100,2.328,0.236
101,-0.504,0.476
102,-0.975,0.495
103,-0.267,0.441
104,2.302,0.243
105,-0.326,0.427
106,1.373,0.281
107,0.435,0.325
109,0.604,0.357
110,0.283,0.402
112,-0.441,0.469
114,0.046,0.427
116,-0.175,0.454
117,2.073,0.245
118,0.064,0.396
120,-0.838,0.473
122,1.492,0.257
126,0.682,0.348
127,-1.368,0.557
128,1.463,0.277
130,-0.38,0.47
132,-0.338,0.459
133,1.174,0.273
135,0.665,0.352
136,1.168,0.297
137,0.058,0.426
139,1.157,0.282
144,1.19,0.271
146,-0.282,0.441
147,-0.751,0.474
148,0.328,0.389
151,1.607,0.249
156,-0.136,0.435
158,-0.98,0.506
159,0.728,0.347
160,-0.257,0.443
161,0.439,0.407
162,0.684,0.352
164,-1.184,0.519
165,1.773,0.251
166,-0.855,0.506
167,0.141,0.398
168,-0.143,0.428
170,-0.813,0.463
171,-0.319,0.441
172,0.69,0.279
173,1.442,0.26
175,0.72,0.343
178,0.538,0.34
179,1.788,0.243
181,-0.246,0.452
182,-0.266,0.412
185,1.244,0.281
187,0.963,0.291
188,1.02,0.27
190,-1.434,0.575
191,1.755,0.251
194,-1.055,0.504
195,0.415,0.391
197,0.418,0.39
198,1.338,0.279
200,2.351,0.243
202,-0.231,0.442
203,2.126,0.241
204,0.172,0.405
205,0.852,0.313
207,0.675,0.343
209,0.479,0.367
210,0.831,0.323
211,1.065,0.32
212,0.813,0.356
216,0.125,0.412
217,0.031,0.427
218,0.85,0.325
219,-1.4,0.56
221,0.311,0.409
222,-0.142,0.428
227,-0.139,0.412
228,1.365,0.263
231,-2.049,0.642
232,0.231,0.365
237,-0.003,0.373
238,0.602,0.354
239,1.246,0.282
242,-0.552,0.467
243,1.588,0.255
244,0.13,0.427
245,1.571,0.254
246,1.166,0.295
248,-1.825,0.609
249,1.126,0.27
250,0.928,0.272
251,1.219,0.277
252,0.263,0.431
253,-0.366,0.459
254,-1.145,0.512
255,1.681,0.261
259,0.066,0.425
263,1.54,0.259
267,-0.016,0.394
269,0.959,0.315
271,0.284,0.401
272,0.292,0.406
274,2.274,0.246
275,-0.672,0.469
276,1.084,0.292
277,0.859,0.327
278,1.722,0.248
279,1.687,0.265
280,0.166,0.4
281,0.79,0.293
287,-0.531,0.456
288,0.292,0.406
291,-0.724,0.458
292,1.46,0.268
293,-0.536,0.459
294,0.918,0.324
295,2.1,0.25
296,1.727,0.247
297,1.473,0.28
298,0.356,0.395
299,0.189,0.388
301,0.861,0.276
302,1.169,0.282
304,0.774,0.331
305,-0.071,0.434
306,1.235,0.292
307,-0.175,0.454
309,1.055,0.29
312,-0.875,0.489
313,0.063,0.418
315,1.201,0.283
317,-1.147,0.523
318,-1.19,0.544
319,-0.663,0.447
320,-0.853,0.493
321,0.106,0.407
322,0.744,0.325
325,0.822,0.33
326,0.856,0.323
327,0.586,0.364
330,1.536,0.261
331,-0.717,0.496
332,-1.606,0.581
334,-0.713,0.478
335,0.249,0.389
336,1.141,0.273
337,-1.525,0.567
339,0.684,0.279
340,-0.339,0.435
342,1.892,0.238
343,1.194,0.295
344,-0.579,0.466
346,-0.061,0.411
348,1.213,0.266
349,0.563,0.349
351,0.818,0.318
353,0.482,0.366
354,0.95,0.308
355,1.02,0.293
357,0.917,0.325
358,0.587,0.337
360,0.723,0.337
364,0.437,0.392
366,-2.049,0.642
367,1.145,0.267
368,0.874,0.292
369,0.796,0.324
371,-2.049,0.642
375,0.578,0.371
376,-0.302,0.462
377,-0.504,0.469
378,0.757,0.326
379,0.132,0.418
380,-0.454,0.442
381,-0.816,0.51
383,-0.913,0.507
385,0.219,0.406
386,0.322,0.398
388,-0.508,0.434
389,-0.385,0.478
390,0.407,0.381
391,-0.108,0.435
392,0.527,0.357
395,-0.504,0.453
397,-1.147,0.53
398,2.342,0.249
399,0.336,0.401
401,-0.621,0.496
402,0.06,0.396
403,0.812,0.335
404,0.246,0.395
405,1.464,0.259
407,0.037,0.51
408,1.139,0.267
409,0.193,0.409
410,0.98,0.305
411,-0.333,0.456
412,2.365,0.246
413,0.52,0.375
414,-0.175,0.454
415,-0.023,0.426
417,-1.395,0.541
421,-2.049,0.642
423,0.156,0.418
425,-0.067,0.401
426,1.199,0.282
428,0.984,0.307
429,-0.698,0.49
435,1.449,0.253
437,0.518,0.349
439,-1.074,0.53
441,-0.306,0.429
442,-1.577,0.559
443,0.156,0.418
444,-2.049,0.642
445,-0.015,0.415
446,-0.454,0.442
448,-0.391,0.448
450,0.435,0.39
452,-0.646,0.487
453,0.636,0.364
454,1.176,0.28
455,0.063,0.395
458,-0.901,0.52
459,-1.223,0.548
460,-0.294,0.457
461,-0.568,0.476
462,0.726,0.317
464,-1.825,0.609
465,-0.972,0.52
470,0.368,0.384
471,-1.399,0.548
472,0.292,0.406
473,-0.574,0.49
474,-0.242,0.461
475,-0.165,0.418
478,-0.091,0.419
479,-1.052,0.506
480,-0.268,0.444
481,-0.274,0.421
482,-0.291,0.459
483,-0.104,0.419
484,-1.368,0.557
487,0.156,0.418
489,-0.734,0.507
491,-1.253,0.514
492,-0.174,0.451
493,1.026,0.292
495,-2.049,0.642
496,-0.506,0.471
499,0.491,0.348
503,-0.975,0.495
504,-2.049,0.642
505,-0.114,0.436
506,-1.022,0.523
507,1.084,0.286
509,0.403,0.394
510,-0.071,0.434
512,1.63,0.248
513,-0.695,0.488
515,1.795,0.26
516,-0.516,0.45
517,-0.31,0.427
518,0.214,0.407
519,0.406,0.38
522,-1.536,0.578
524,0.566,0.366
525,-0.832,0.499
526,-0.086,0.435
527,-0.567,0.447
528,0.132,0.331
532,-0.987,0.493
533,-1.05,0.506
535,0.966,0.305
538,0.233,0.411
539,-2.049,0.642
541,1.326,0.29
542,-1.231,0.53
544,-0.692,0.497
545,1.137,0.286
546,0.447,0.373
548,-1.549,0.569
550,-0.674,0.472
551,-1.525,0.567
552,-0.599,0.478
555,-1.223,0.548
557,2.094,0.244
558,0.58,0.362
560,0.446,0.376
561,0.474,0.356
562,0.136,0.418
564,-1.434,0.575
565,-1.147,0.523
567,0.183,0.417
568,0.156,0.418
570,1.539,0.249
571,-1.345,0.555
573,1.339,0.25
575,-0.962,0.489
576,-0.678,0.478
578,1.692,0.261
579,0.374,0.389
581,-0.195,0.46
582,-0.997,0.503
583,0.396,0.376
584,-0.2,0.439
586,0.134,0.416
587,0.512,0.358
588,-1.19,0.544
589,-1.211,0.539
591,-1.621,0.592
593,0.543,0.346
595,0.204,0.412
596,-0.568,0.476
600,1.121,0.298
601,-0.106,0.423
603,0.022,0.413
604,-0.027,0.428
605,0.076,0.409
608,0.996,0.285
609,-0.625,0.477
610,-1.293,0.539
612,0.159,0.398
613,1.57,0.272
614,0.409,0.368
617,-0.087,0.412
619,0.374,0.389
622,-0.427,0.452
623,0.248,0.397
625,1.344,0.281
626,-0.444,0.471
627,0.046,0.445
628,-1.014,0.501
632,0.156,0.418
634,0.331,0.414
635,1.411,0.25
636,-0.189,0.42
637,0.888,0.312
638,-0.299,0.428
640,1.327,0.281
642,-0.565,0.472
643,-0.054,0.426
646,-0.972,0.52
647,0.184,0.426
648,-0.38,0.425
649,0.218,0.411
650,1.533,0.253
651,-0.868,0.507
653,1.144,0.263
656,-1.472,0.557
657,1.064,0.294
658,1.932,0.232
659,1.248,0.287
661,-0.2,0.403
662,0.832,0.345
663,-0.803,0.494
664,1.287,0.28
665,-0.751,0.483
666,0.058,0.429
669,0.201,0.4
671,0.911,0.297
672,-0.09,0.431
673,1.41,0.282
674,-1.621,0.592
675,0.665,0.358
676,0.68,0.324
677,0.486,0.371
679,-0.049,0.437
680,-0.27,0.425
681,1.946,0.241
682,1.518,0.282
685,-0.137,0.443
686,-0.136,0.439
687,1.238,0.281
688,0.473,0.379
690,-0.083,0.429
691,-0.147,0.418
692,1.133,0.292
693,-0.041,0.437
694,0.635,0.309
697,1.087,0.272
699,1.884,0.26
700,-0.217,0.442
701,-0.092,0.413
702,0.917,0.29
703,2.592,0.252
704,0.193,0.388
706,1.131,0.304
711,0.4,0.385
715,0.448,0.384
717,-0.214,0.453
719,1.334,0.277
720,1.085,0.306
721,0.003,0.413
722,-2.049,0.642
723,-0.359,0.464
724,0.956,0.329
727,0.511,0.368
733,0.767,0.335
734,-0.711,0.504
735,0.563,0.376
737,0.837,0.289
739,0.435,0.39
740,0.69,0.342
741,0.638,0.358
742,0.719,0.358
743,0.084,0.404
744,-0.257,0.443
746,0.613,0.36
747,1.113,0.269
749,0.573,0.374
750,0.066,0.403
751,0.501,0.375
753,-1.526,0.579
754,-0.331,0.444
759,-1.802,0.606
760,0.392,0.39
761,2.652,0.259
762,0.719,0.358
763,-1.73,0.592
764,0.425,0.364
765,-0.816,0.491
767,-0.047,0.433
768,0.877,0.324
769,-1.222,0.54
770,-0.377,0.449
771,1.06,0.291
772,0.674,0.35
773,0.972,0.302
774,0.205,0.412
780,0.844,0.31
781,0.73,0.332
782,-0.997,0.503
783,-0.219,0.445
784,0.61,0.342
787,-2.049,0.642
789,-1.147,0.53
790,-1.293,0.558
791,-0.117,0.449
798,-0.381,0.464
800,-1.208,0.538
801,-0.819,0.515
802,-1.536,0.578
804,0.424,0.376
805,1.001,0.265
806,-0.016,0.419
807,0.684,0.334
808,-0.464,0.438
809,0.329,0.38
810,0.563,0.35
811,-0.309,0.435
812,1.296,0.275
813,0.694,0.348
814,-1.159,0.502
815,0.698,0.278
816,-1.184,0.525
817,0.382,0.395
818,-0.558,0.487
820,1.361,0.26
821,0.842,0.338
822,-0.606,0.466
823,0.832,0.345
824,1.959,0.252
825,0.805,0.326
826,0.543,0.364
827,0.875,0.313
828,0.298,0.379
829,0.156,0.418
830,-0.924,0.506
831,-0.144,0.43
835,-0.333,0.456
836,0.248,0.386
838,0.506,0.375
839,-0.006,0.392
840,0.715,0.314
841,0.392,0.39
842,0.388,0.376
843,0.642,0.348
844,0.466,0.35
847,0.585,0.347
848,-0.333,0.456
849,0.206,0.413
850,0.746,0.307
851,-1.211,0.539
852,0.352,0.398
853,1.778,0.254
854,-0.279,0.46
855,-0.036,0.407
856,1.914,0.242
858,1.251,0.299
859,-1.606,0.581
860,0.351,0.391
862,-0.991,0.514
863,0.984,0.307
865,1.362,0.261
866,0.586,0.346
867,0.947,0.291
869,1.402,0.275
870,1.392,0.259
871,-0.76,0.483
872,0.206,0.413
873,0.165,0.418
874,0.517,0.374
875,-0.515,0.479
880,0.292,0.368
882,-0.98,0.507
883,0.523,0.352
884,-0.751,0.483
887,1.064,0.307
888,-0.525,0.471
889,1.505,0.256
890,0.176,0.414
10177,-1.577,0.559
892,0.785,0.34
893,0.596,0.347
894,0.914,0.337
895,0.656,0.359
896,0.038,0.414
897,-1.29,0.557
898,1.413,0.257
899,1.492,0.266
900,-0.193,0.432
901,-0.496,0.459
902,0.825,0.333
903,0.015,0.428
905,1.861,0.244
906,1.072,0.316
908,-0.204,0.442
910,-2.049,0.642
911,-0.556,0.48
912,-0.527,0.454
913,-1.472,0.557
914,1.453,0.283
915,-0.231,0.442
917,-0.606,0.452
919,-0.177,0.448
921,-0.284,0.443
922,0.88,0.317
923,-0.594,0.456
924,0.697,0.298
925,1.723,0.254
926,1.497,0.249
928,-2.049,0.642
929,-1.036,0.513
930,1.41,0.266
932,-0.099,0.436
933,2.003,0.251
934,1.726,0.258
935,1.642,0.258
936,-0.842,0.498
937,0.81,0.332
938,1.422,0.278
10184,-2.049,0.642
940,1.211,0.289
941,0.114,0.386
943,-0.599,0.485
945,0.156,0.418
946,1.326,0.266
947,0.628,0.346
948,1.059,0.3
949,-1.178,0.546
950,-0.041,0.434
951,-0.875,0.489
952,1.675,0.26
953,-0.041,0.41
954,0.015,0.428
956,-0.046,0.438
958,0.563,0.379
959,-1.825,0.609
960,0.613,0.37
961,0.866,0.316
962,0.728,0.347
963,1.928,0.26
964,1.162,0.301
965,-0.1,0.435
966,0.134,0.417
967,-1.73,0.592
968,1.282,0.267
969,-0.643,0.464
971,0.22,0.388
972,0.367,0.395
973,-0.844,0.488
975,0.542,0.343
976,-0.24,0.442
977,-2.049,0.642
978,-0.578,0.489
979,0.88,0.316
981,-0.023,0.437
982,1.198,0.299
983,0.409,0.389
984,-1.184,0.519
985,0.311,0.364
986,1.584,0.257
987,0.554,0.34
988,-0.686,0.491
989,1.606,0.269
990,0.429,0.375
991,1.27,0.266
992,0.431,0.368
993,1.218,0.276
994,-0.722,0.483
996,0.611,0.367
10019,0.705,0.347
998,-0.461,0.477
10100,0.283,0.402
10153,-0.041,0.443
10023,-0.311,0.457
10033,0.378,0.392
10001,1.385,0.266
10107,-0.921,0.5
10187,0.901,0.335
1011,-0.309,0.435
10014,0.664,0.354
10136,0.152,0.412
10137,0.238,0.373
10018,0.564,0.36
1019,1.935,0.258
10148,0.27,0.407
1022,-0.994,0.499
1025,1.737,0.262
10128,1.018,0.273
1027,0.702,0.336
1028,-1.662,0.597
10115,-0.202,0.441
10021,-0.539,0.462
10185,0.123,0.421
10013,1.023,0.315
10237,2.596,0.234
1035,-1.387,0.57
10047,-1.73,0.592
10064,-0.117,0.434
1039,-0.831,0.478
10015,0.329,0.397
1041,0.156,0.418
10011,-0.996,0.493
10152,0.266,0.374
1045,0.18,0.41
1046,0.703,0.359
10034,0.84,0.335
10050,-0.64,0.478
1051,1.284,0.267
10165,0.501,0.375
1054,-0.758,0.468
10089,0.551,0.366
10055,-0.219,0.454
1058,0.72,0.323
1059,0.019,0.408
10032,-0.163,0.415
10039,1.802,0.255
1063,0.27,0.401
10012,-0.425,0.459
10063,1.004,0.296
10170,-0.614,0.484
10084,0.378,0.373
10046,-1.065,0.495
10027,-0.175,0.454
1071,0.015,0.428
1072,0.165,0.416
1073,0.392,0.39
1074,2.397,0.236
10009,0.408,0.375
10083,-0.136,0.436
10085,-0.398,0.474
10077,0.46,0.366
10004,0.988,0.312
10104,-1.662,0.597
10081,-1.434,0.575
10054,-0.176,0.429
10076,-0.008,0.433
10036,0.144,0.388
10078,0.928,0.311
10088,-0.31,0.443
10030,0.459,0.371
1091,-0.217,0.441
10005,-0.88,0.498
10114,-1.349,0.533
1095,0.975,0.311
10090,0.868,0.33
1099,1.207,0.295
10164,0.638,0.34
1101,0.339,0.517
10048,0.339,0.4
10190,-0.334,0.449
1104,0.506,0.374
1105,-0.705,0.471
10010,-0.884,0.489
1108,0.867,0.305
10201,1.014,0.303
1110,0.873,0.319
1111,0.973,0.297
10154,0.13,0.427
10003,-0.256,0.422
10075,0.044,0.425
10176,0.14,0.379
10038,-1.29,0.557
10053,0.928,0.318
10116,-2.049,0.642
1122,0.278,0.403
10236,0.956,0.306
10096,0.3,0.375
10043,-0.574,0.49
1128,0.415,0.391
10127,0.086,0.384
10173,0.051,0.434
10074,-0.257,0.443
1133,-0.466,0.47
1134,0.767,0.332
1135,0.423,0.387
10210,0.206,0.413
10024,-0.119,0.421
1139,1.087,0.285
10022,-0.368,0.425
1141,0.767,0.338
1143,-0.024,0.431
10026,-0.554,0.482
10188,0.406,0.38
1146,0.793,0.307
1147,-0.93,0.501
1148,1.167,0.294
1149,0.543,0.364
10007,0.517,0.374
10079,-1.434,0.575
10159,-0.385,0.478
1155,0.585,0.343
1156,0.912,0.324
10131,1.21,0.294
10120,0.002,0.405
1161,-0.566,0.468
10125,1.385,0.268
1163,-0.231,0.44
10008,-1.536,0.578
10146,-0.772,0.497
10130,0.737,0.334
1171,1.234,0.268
10052,-1.362,0.548
1175,0.125,0.392
1177,-0.796,0.497
10141,0.473,0.383
10095,0.403,0.394
10045,-0.734,0.507
10037,-0.716,0.478
1183,-0.302,0.462
1184,0.576,0.354
10144,-2.049,0.642
1187,0.47,0.359
1188,-0.853,0.508
10109,-0.375,0.453
10183,-0.836,0.48
1191,0.067,0.418
1193,-0.365,0.439
1194,0.639,0.35
10031,-0.005,0.427
10178,-0.441,0.444
10151,-0.18,0.432
10042,1.214,0.302
1199,-0.152,0.437
10117,0.898,0.32
10099,-0.016,0.422
1204,0.522,0.358
10020,-0.151,0.439
10069,0.108,0.427
10145,0.064,0.412
10066,1.217,0.274
10025,0.573,0.35
10110,-1.246,0.526
10056,-0.323,0.447
1213,0.05,0.421
1214,0.722,0.355
10098,0.38,0.37
10057,0.277,0.397
10006,-1.19,0.544
10126,1.16,0.278
10162,0.252,0.402
10073,0.437,0.392
10189,-0.184,0.438
10060,-1.092,0.541
10062,-0.204,0.441
10142,0.987,0.318
1230,0.733,0.296
10101,-0.458,0.442
10065,-0.036,0.442
10061,0.609,0.35
10103,-0.816,0.51
1236,0.351,0.382
1237,0.557,0.365
1238,-0.434,0.469
10051,0.188,0.414
1240,1.152,0.293
1242,1.016,0.321
1244,0.406,0.38
10093,-0.15,0.451
10092,0.184,0.368
10149,0.667,0.336
10041,0.469,0.381
10169,-0.513,0.453
1252,-2.049,0.642
10070,-1.008,0.515
1255,0.704,0.346
1256,-0.132,0.426
1257,1.229,0.292
1260,1.184,0.286
1261,-0.231,0.459
1262,-0.499,0.475
10059,-0.758,0.468
1264,1.201,0.267
1266,0.668,0.361
10068,0.697,0.332
1268,0.33,0.386
10058,0.531,0.364
1271,0.961,0.308
1273,-0.466,0.47
10168,1.435,0.262
1276,0.714,0.358
10035,0.156,0.418
1278,0.998,0.276
10172,-2.049,0.642
10186,-1.621,0.592
10016,-0.38,0.47
10002,1.167,0.296
10040,0.597,0.358
10080,-0.697,0.481
10071,-0.083,0.435
10191,0.012,0.423
1288,1.008,0.273
1289,0.958,0.304
1290,-0.318,0.462
10028,0.732,0.348
10086,0.406,0.38
10017,0.015,0.428
10067,0.097,0.425
1297,-0.853,0.493
1299,-0.897,0.496
10049,-0.036,0.442
10072,-0.093,0.445
1304,-0.195,0.453
1306,-0.258,0.424
1307,1.16,0.306
10155,-0.135,0.437
1309,0.914,0.337
10121,-1.334,0.556
10087,0.18,0.41
10029,-0.302,0.438
10044,0.463,0.382
10082,-0.197,0.43
1316,-0.491,0.472
1317,0.136,0.418
1318,-2.049,0.642
1319,1.311,0.266
1320,0.068,0.375
1321,0.717,0.345
1322,0.461,0.388
1323,-0.149,0.42
1324,0.402,0.326
1325,0.517,0.366
1327,-0.462,0.468
1328,-0.571,0.485
1329,-1.525,0.567
1331,-1.335,0.548
1332,0.597,0.358
1333,0.398,0.376
1335,-0.704,0.498
1336,0.951,0.288
1338,0.386,0.39
1339,-2.049,0.642
1341,0.639,0.344
1342,-0.523,0.482
1343,-0.045,0.419
1344,0.066,0.422
1346,0.051,0.406
1348,0.514,0.377
1349,1.288,0.266
1350,0.557,0.366
1351,-0.853,0.508
1353,-0.25,0.439
1355,1.211,0.288
1356,-1.825,0.609
1357,0.795,0.302
1358,-1.802,0.606
1359,-0.249,0.419
1360,0.383,0.395
1364,0.034,0.429
1365,-0.017,0.442
1366,-0.249,0.418
1368,-0.163,0.452
1369,-0.845,0.507
1370,-0.778,0.47
1375,0.578,0.371
1376,-0.599,0.482
1377,0.114,0.419
1378,-1.399,0.548
1379,-0.047,0.433
1380,-0.471,0.446
1383,0.614,0.361
1384,0.275,0.397
1385,-1.825,0.609
1386,-1.283,0.547
1387,1.092,0.305
1388,1.371,0.27
1390,0.331,0.373
1392,0.4,0.391
1393,0.981,0.295
1394,0.928,0.321
1396,-0.099,0.436
1397,0.426,0.389
1398,-0.49,0.452
1400,0.573,0.374
1401,-0.302,0.462
1402,-1.434,0.575
1403,-0.056,0.434
1404,-0.979,0.529
1405,0.046,0.427
1406,0.745,0.314
1407,-0.141,0.435
1408,-2.049,0.642
1409,-0.769,0.491
1410,-0.577,0.474
1411,-2.049,0.642
1412,-2.049,0.642
1413,-0.848,0.504
1415,-0.656,0.462
1417,0.449,0.374
1418,-2.049,0.642
1419,0.064,0.418
1421,-0.209,0.441
1422,-0.888,0.509
1424,0.942,0.276
1426,0.128,0.423
1427,-1.283,0.547
1428,0.757,0.337
1430,-0.6,0.487
1431,-0.443,0.436
1432,-0.868,0.509
1433,-0.732,0.505
1435,-0.52,0.473
1437,1.486,0.253
1438,-1.354,0.558
1439,-0.991,0.514
1440,-2.049,0.642
1441,-0.41,0.455
1442,-0.692,0.497
1443,-1.178,0.546
1446,0.389,0.385
1447,-0.1,0.452
1448,0.525,0.379
1449,-1.018,0.532
1450,-1.019,0.511
1451,-2.049,0.642
1452,0.356,0.514
1453,-1.062,0.532
1454,-1.662,0.597
1455,-0.257,0.443
1456,0.142,0.415
1457,0.628,0.354
1458,-1.077,0.514
1459,-0.902,0.499
1461,0.325,0.368
1462,0.324,0.387
1463,0.039,0.39
1464,-1.399,0.548
1465,-0.287,0.455
1468,0.109,0.427
1469,0.383,0.395
1470,-1.825,0.609
1471,-1.73,0.592
1475,0.27,0.407
1476,-0.708,0.513
1478,0.739,0.345
1481,1.518,0.276
1482,-1.662,0.597
1484,-0.085,0.393
1487,-0.27,0.436
1489,1.385,0.263
1490,-1.29,0.557
1493,1.11,0.299
1494,0.118,0.418
1497,2.19,0.249
1499,0.607,0.366
1501,-0.45,0.421
1502,1.058,0.264
1503,-1.508,0.568
1505,0.717,0.345
1507,-2.049,0.642
1508,-0.736,0.483
1509,-2.049,0.642
1511,0.518,0.36
1512,0.514,0.356
1513,-0.269,0.448
1517,-1.399,0.548
1518,1.188,0.283
1519,-1.022,0.523
1521,0.149,0.407
1522,-0.056,0.425
1524,-0.64,0.478
1525,-0.579,0.453
1527,-1.231,0.552
1528,-0.762,0.484
1532,1.018,0.306
1533,0.988,0.296
1534,-1.231,0.552
1535,-0.27,0.444
1537,0.253,0.4
1538,0.417,0.375
1540,0.546,0.359
1541,-0.986,0.511
1542,0.573,0.365
1543,-0.441,0.453
1548,0.156,0.418
1549,-0.577,0.425
1550,0.557,0.346
1551,0.424,0.367
1552,0.068,0.381
1553,0.552,0.348
1554,0.469,0.384
1555,0.664,0.36
1558,1.985,0.254
1559,0.417,0.376
1561,0.525,0.375
1563,-2.049,0.642
1565,0.936,0.275
1566,0.444,0.38
1567,-0.041,0.441
1568,0.283,0.402
1569,-1.662,0.597
1571,-1.73,0.592
1572,0.4,0.385
1573,-0.803,0.497
1576,0.523,0.374
1577,-0.643,0.464
1578,-0.688,0.494
1579,1.096,0.298
1580,0.807,0.348
1582,-0.288,0.461
1583,1.44,0.272
1586,0.01,0.427
1587,-0.3,0.452
1588,0.105,0.431
1589,1.004,0.301
1591,-2.049,0.642
1592,-0.481,0.48
1594,-1.434,0.575
1596,-0.557,0.464
1597,-0.476,0.453
1598,-1.205,0.518
1599,-0.882,0.507
1601,0.216,0.411
1602,0.106,0.412
1604,-1.05,0.512
1605,1.541,0.263
1606,-0.57,0.455
1607,-0.359,0.464
1608,0.669,0.338
1609,0.722,0.355
1610,0.156,0.418
1611,-1.662,0.597
1612,0.486,0.327
1614,-0.595,0.483
1616,0.283,0.402
1619,-1.312,0.54
1620,0.015,0.428
1622,0.963,0.324
1623,1.545,0.264
1624,-2.049,0.642
1627,0.797,0.338
1629,-0.209,0.456
1630,1.21,0.293
1632,1.111,0.273
1635,-1.058,0.506
1636,1.729,0.254
1639,1.221,0.297
1641,0.336,0.401
1642,0.575,0.351
1643,-2.049,0.642
1644,-1.825,0.609
1647,-0.319,0.461
1649,-1.549,0.569
1650,-0.313,0.453
1654,0.01,0.417
1655,0.243,0.407
1656,-1.223,0.549
1657,0.713,0.346
1659,-0.368,0.448
1660,0.76,0.345
1661,-0.613,0.457
1664,0.988,0.321
1666,1.126,0.272
1667,-0.038,0.435
1668,-1.122,0.504
1670,-0.23,0.43
1671,-0.36,0.422
1672,0.446,0.519
1675,0.914,0.337
1676,0.283,0.402
1677,0.455,0.387
1680,1.16,0.26
1682,0.406,0.38
1685,-1.662,0.597
1686,-1.395,0.541
1687,0.806,0.326
1690,0.221,0.41
1691,-0.114,0.447
1692,-2.049,0.642
1693,-1.034,0.485
1694,1.314,0.266
1697,0.529,0.35
1698,1.717,0.269
1699,0.783,0.347
1701,1.241,0.277
1702,0.197,0.415
1703,1.193,0.3
1704,-0.449,0.47
1706,0.781,0.331
1708,0.016,0.391
1710,-0.996,0.493
1711,1.527,0.272
1712,-0.266,0.451
1713,0.75,0.331
1714,0.868,0.333
1715,0.852,0.31
1716,-1.115,0.529
1717,0.16,0.406
1719,-0.475,0.445
1720,-1.187,0.519
1721,1.019,0.318
1722,0.684,0.337
1723,-0.25,0.443
1724,-0.216,0.425
1725,-0.997,0.5
1726,0.102,0.404
1727,-0.114,0.436
1728,-0.27,0.444
1729,1.13,0.293
1730,-1.147,0.523
1731,0.827,0.276
1734,-0.441,0.442
1735,-1.362,0.548
1736,1.232,0.293
1738,-1.825,0.609
1739,0.748,0.337
1741,-1.135,0.539
1742,-1.222,0.54
1744,-0.954,0.508
1745,1.54,0.259
1746,0.109,0.405
1748,0.152,0.412
1749,-2.049,0.642
1751,-0.411,0.448
1752,0.983,0.307
1753,0.823,0.291
1754,-1.536,0.578
1755,-0.739,0.489
1756,1.089,0.301
1758,1.168,0.299
1760,0.049,0.43
1761,-1.331,0.55
1762,0.811,0.332
1764,1.701,0.263
1765,0.293,0.407
1767,-1.825,0.609
1769,-0.325,0.437
1771,-1.73,0.592
1772,-0.485,0.468
1773,-0.294,0.466
1775,-0.008,0.432
1776,0.589,0.281
1777,-1.362,0.548
1778,0.736,0.329
1779,1.179,0.298
1780,0.341,0.378
1782,1.283,0.265
1783,0.614,0.368
1784,0.415,0.391
1785,-0.503,0.453
1786,1.204,0.287
1788,-0.242,0.447
1789,-0.49,0.452
1790,1.631,0.263
1791,0.596,0.363
1793,-0.126,0.437
1794,-2.049,0.642
1795,-0.541,0.48
1796,-0.952,0.507
1797,1.297,0.257
1798,0.762,0.328
1799,-0.728,0.464
1801,0.33,0.386
1802,-0.279,0.46
1803,0.263,0.402
1804,-0.151,0.435
1807,1.908,0.236
1808,1.433,0.262
1809,0.67,0.347
1810,1.64,0.268
1811,-0.289,0.439
1813,-0.155,0.412
1814,-0.381,0.447
1815,-0.446,0.46
1816,-1.456,0.57
1817,-0.828,0.483
1819,0.816,0.344
1820,-0.246,0.455
1821,-0.574,0.49
1822,0.362,0.396
1823,0.441,0.365
1826,-0.134,0.441
1827,0.901,0.32
1828,-0.918,0.513
1829,-1.223,0.548
1830,-2.049,0.642
1831,1.329,0.264
1832,0.237,0.377
1833,-0.625,0.477
1836,-0.45,0.434
1837,-0.461,0.463
1838,-1.208,0.538
1839,0.699,0.352
1841,-0.503,0.453
1842,0.406,0.38
1843,1.655,0.259
1845,-0.575,0.437
1846,-1.052,0.506
1847,0.703,0.359
1849,-0.673,0.492
1850,0.647,0.28
1851,0.156,0.418
1852,0.562,0.355
1853,-0.35,0.423
1854,1.341,0.263
1855,0.033,0.403
1856,-0.135,0.423
1857,-0.697,0.487
1858,-0.104,0.42
1859,-1.414,0.542
1860,-0.414,0.455
1861,0.89,0.295
1862,1.007,0.319
1863,-0.722,0.483
1866,1.68,0.262
1867,0.283,0.402
1868,0.382,0.365
1869,0.09,0.415
1872,0.418,0.391
1873,0.659,0.332
1874,1.174,0.294
1875,-0.648,0.498
1876,0.101,0.408
1879,-0.657,0.464
1882,0.283,0.402
1883,-1.802,0.606
1884,-1.606,0.581
1885,0.744,0.332
1886,-0.16,0.416
1888,-0.361,0.461
1890,0.894,0.313
1891,-0.439,0.458
1892,-1.434,0.575
1893,1.721,0.253
1894,-0.134,0.441
1895,2.78,0.238
1897,0.198,0.414
1898,0.741,0.348
1899,0.83,0.324
1900,0.033,0.382
1901,0.308,0.403
1903,0.015,0.428
1904,-0.03,0.414
1905,-0.108,0.435
1906,-1.084,0.54
1907,0.671,0.36
1909,-0.901,0.52
1910,0.44,0.391
1911,1.302,0.298
1912,0.637,0.343
1913,0.319,0.365
1914,-1.158,0.493
1915,0.172,0.424
1916,1.102,0.298
1919,1.983,0.255
1920,0.812,0.333
1921,-1.802,0.606
1922,0.142,0.408
1923,0.13,0.427
1924,-0.238,0.43
1925,0.389,0.373
1926,0.407,0.373
1927,0.176,0.412
1928,-1.403,0.56
1929,2.52,0.258
1930,-0.397,0.451
1932,-1.019,0.512
1934,-0.912,0.489
1935,-0.59,0.481
1936,-0.133,0.422
1937,0.684,0.333
1938,-2.049,0.642
1939,-0.047,0.433
1941,-0.023,0.413
1942,0.915,0.323
1943,0.507,0.368
1944,0.365,0.364
1945,1.635,0.255
1946,-1.346,0.533
1947,-0.231,0.442
1948,0.575,0.348
1951,0.794,0.332
1952,-0.357,0.434
1953,0.379,0.373
1954,0.087,0.381
1955,-0.175,0.454
1958,-0.699,0.479
1959,-1.016,0.522
1960,-0.204,0.442
1961,1.358,0.269
1962,1.308,0.282
1965,1.196,0.286
1966,0.216,0.383
1967,-0.061,0.446
1969,0.648,0.344
1970,-0.078,0.434
1971,0.977,0.322
1972,1.444,0.254
1973,-0.165,0.453
1974,-1.158,0.493
1975,1.123,0.297
1976,-1.606,0.581
1978,-0.384,0.454
1981,-2.049,0.642
1982,1.283,0.287
1984,0.015,0.428
1985,-1.158,0.493
1987,-0.035,0.438
1989,0.078,0.435
1990,-1.169,0.518
1991,0.64,0.361
1992,-0.574,0.48
1993,1.332,0.286
1994,-0.072,0.439
1995,0.951,0.3
1996,0.688,0.32
1997,1.063,0.319
1998,-0.177,0.448
1999,0.524,0.352
2000,0.159,0.414
2002,-0.328,0.452
2003,-1.354,0.558
2004,-0.514,0.46
2005,0.336,0.401
2006,1.977,0.25
2007,0.752,0.348
2009,0.961,0.291
2010,0.25,0.409
2011,-0.224,0.426
2012,-0.292,0.419
2014,-0.841,0.506
2016,-0.369,0.453
2019,-1.147,0.523
2020,0.768,0.329
2021,0.156,0.418
2022,1.729,0.254
2025,-1.032,0.512
2026,-0.479,0.475
2027,0.47,0.378
2029,-0.359,0.464
2030,0.844,0.325
2031,-0.368,0.448
2032,-0.503,0.463
2034,0.084,0.424
2035,0.056,0.432
2036,-0.861,0.515
2037,-0.199,0.438
2039,0.127,0.401
2040,0.163,0.39
2041,2.667,0.245
2042,-0.855,0.506
2043,-0.364,0.472
2044,0.607,0.352
2045,0.56,0.377
2047,-0.412,0.445
2050,1.61,0.269
2051,-0.104,0.45
2052,1.063,0.301
2054,0.87,0.314
2056,-0.64,0.478
2057,0.378,0.377
2058,0.455,0.387
2059,1.2,0.286
2061,0.565,0.371
2062,0.088,0.408
2063,-1.387,0.57
2064,0.856,0.321
2067,0.477,0.358
2068,0.54,0.36
2069,-0.4,0.416
2070,0.049,0.407
2072,-0.761,0.493
2074,0.13,0.41
2076,0.497,0.384
2077,0.351,0.398
2079,-0.721,0.481
2080,-0.875,0.489
2082,-0.017,0.434
2083,0.95,0.29
2084,-0.547,0.473
2085,0.649,0.363
2088,1.458,0.274
2089,0.353,0.393
2090,0.121,0.429
2092,0.582,0.36
2093,-1.536,0.578
2095,0.586,0.372
2096,-0.496,0.459
2099,0.581,0.346
2102,0.233,0.383
2103,-0.418,0.438
2104,-0.231,0.442
2105,0.82,0.343
2106,-1.662,0.597
2107,1.382,0.276
2109,1.469,0.268
2110,0.466,0.383
2111,-0.599,0.485
2113,-2.049,0.642
2114,1.214,0.289
2115,-0.1,0.435
2116,1.288,0.265
2117,0.471,0.346
2118,-0.065,0.408
2119,-0.555,0.457
2120,0.058,0.426
2121,-0.485,0.468
2122,1.649,0.267
2123,0.633,0.364
2124,0.451,0.388
2126,0.244,0.379
2127,1.314,0.286
2128,1.386,0.274
2129,1.179,0.271
2130,-1.439,0.569
2132,-0.346,0.453
2133,0.62,0.319
2136,0.479,0.376
2137,0.406,0.38
2138,-1.246,0.526
2139,0.325,0.39
2140,0.156,0.418
2141,-0.437,0.462
2142,1.897,0.241
2144,-0.64,0.478
2146,1.347,0.261
2147,-0.615,0.458
2148,-0.613,0.457
2149,1.043,0.28
2150,0.656,0.365
2151,1.661,0.27
2152,-0.59,0.463
2153,1.064,0.311
2160,-0.567,0.486
2161,0.982,0.313
2162,0.914,0.337
2163,0.731,0.339
2164,0.46,0.373
2165,0.29,0.381
2171,-2.049,0.642
2173,-1.052,0.506
2174,0.986,0.29
2175,0.455,0.387
2177,0.195,0.37
2178,-0.449,0.47
2179,1.065,0.32
2180,-0.785,0.493
2181,0.832,0.34
2182,0.617,0.364
2183,-1.223,0.548
2185,0.115,0.418
2187,1.18,0.275
2188,1.019,0.312
2189,-0.536,0.459
2190,-1.734,0.592
2191,0.988,0.311
2192,0.028,0.421
2193,-0.568,0.476
2195,0.69,0.347
2196,-0.256,0.447
2199,-0.373,0.47
2200,1.46,0.281
2202,-1.021,0.516
2204,1.947,0.237
2206,0.139,0.418
2207,-0.76,0.468
2208,0.691,0.326
2209,0.577,0.372
2210,-0.316,0.434
2211,0.922,0.274
2212,-0.587,0.455
2213,-0.419,0.469
2214,2.428,0.256
2216,-1.015,0.489
2217,0.488,0.371
2218,0.98,0.311
2219,0.968,0.329
2221,-1.021,0.516
2222,1.26,0.288
2224,-2.049,0.642
2225,0.149,0.406
2228,-1.085,0.521
2229,-0.574,0.49
2230,0.103,0.365
2232,0.334,0.392
2233,-0.294,0.466
2234,0.043,0.419
2235,-0.758,0.468
2236,1.037,0.275
2237,-0.803,0.494
2239,-0.288,0.461
2240,0.176,0.418
2241,0.058,0.426
2242,1.642,0.257
2244,1.578,0.26
2245,0.602,0.359
2246,1.122,0.308
2247,-0.16,0.431
2248,1.291,0.263
2249,-2.049,0.642
2250,-0.017,0.434
2251,1.303,0.264
2253,1.805,0.264
2254,-0.994,0.521
2256,-0.219,0.461
2257,0.557,0.375
2258,1.001,0.324
2259,1.128,0.302
2260,-1.606,0.581
2263,-0.194,0.443
2264,0.039,0.427
2265,2.053,0.261
2268,-1.045,0.53
2269,0.288,0.395
2270,-0.225,0.445
2272,-0.187,0.441
2273,-0.175,0.454
2274,0.914,0.337
2275,0.324,0.378
2277,0.529,0.363
2279,0.896,0.321
2280,-0.033,0.425
2282,1.191,0.27
2283,0.752,0.349
2284,1.423,0.277
2287,0.251,0.409
2288,-0.052,0.402
2290,-0.175,0.454
2291,0.176,0.414
2293,1.199,0.302
2294,1.086,0.286
2296,0.604,0.342
2297,0.884,0.322
2298,0.693,0.339
2300,0.874,0.331
2301,-0.816,0.51
2302,0.015,0.428
2303,0.38,0.397
2304,-0.164,0.446
2306,1.306,0.257
2307,-0.37,0.429
2308,-1.056,0.529
2309,-1.293,0.558
2310,-0.459,0.476
2311,1.028,0.306
2313,-0.513,0.453
2314,0.807,0.348
2315,0.371,0.389
2317,0.346,0.394
2319,0.898,0.29
2320,0.865,0.335
2321,-0.49,0.452
2322,-0.501,0.456
2324,0.563,0.379
2326,1.139,0.298
2327,-0.118,0.434
2328,0.435,0.39
2329,-0.279,0.46
2330,0.471,0.371
2331,-0.228,0.456
2333,2.499,0.356
2334,0.631,0.348
2335,-0.332,0.461
2337,0.351,0.398
2338,0.071,0.407
2339,-0.287,0.449
2340,0.156,0.418
2341,-2.049,0.642
2342,-0.011,0.416
2344,-0.868,0.507
2345,-0.475,0.463
2346,-0.147,0.43
2347,2.143,0.243
2349,-0.09,0.399
2350,-0.901,0.52
2351,-0.391,0.448
2352,0.455,0.387
2353,-0.136,0.449
2355,2.269,0.249
2357,-0.075,0.43
2358,1.835,0.246
2359,0.132,0.392
2360,-0.933,0.501
2363,-0.803,0.494
2364,-0.237,0.447
2365,1.029,0.31
2370,0.622,0.351
2371,0.064,0.418
2372,-0.464,0.456
2375,-1.246,0.531
2378,-0.1,0.435
2379,0.156,0.418
2380,-0.42,0.467
2381,1.103,0.275
2382,-2.049,0.642
2383,-0.717,0.496
2385,-0.833,0.503
2388,2.224,0.249
2389,-0.566,0.468
2392,0.946,0.313
2393,-2.049,0.642
2394,0.747,0.347
2395,0.316,0.383
2396,-0.267,0.444
2397,-1.472,0.557
2398,0.95,0.274
2399,0.558,0.368
2400,-0.107,0.444
2402,0.057,0.403
2403,0.4,0.385
2404,-0.018,0.435
2405,-0.5,0.551
2406,0.735,0.312
2408,2.021,0.251
2409,-0.096,0.432
2410,1.409,0.256
2411,0.21,0.4
2412,-0.458,0.462
2414,1.057,0.305
2415,0.372,0.387
2416,0.576,0.305
2417,0.004,0.427
2419,2.373,0.231
2420,-1.434,0.575
2421,-1.036,0.525
2422,0.638,0.35
2423,-1.525,0.567
2425,0.753,0.523
2426,-0.187,0.423
2427,-0.302,0.462
2428,0.329,0.391
2429,-0.948,0.525
2430,2.269,0.251
2431,0.242,0.383
2433,-1.802,0.606
2434,1.167,0.272
2435,-0.099,0.436
2436,-0.901,0.52
2437,0.13,0.427
2438,1.056,0.316
2440,1.852,0.256
2442,0.46,0.373
2443,0.889,0.311
2446,0.461,0.388
2447,-2.049,0.642
2448,-0.58,0.457
2449,-0.613,0.457
2450,0.256,0.401
2451,1.304,0.284
2452,0.914,0.337
2454,0.806,0.277
2455,-0.342,0.474
2456,-0.64,0.478
2457,1.145,0.265
2458,-0.219,0.454
2459,0.015,0.428
2460,-0.086,0.439
2461,0.984,0.307
2462,0.292,0.406
2463,1.595,0.254
2464,1.345,0.291
2465,0.198,0.406
2466,-2.049,0.642
2469,1.164,0.275
2471,0.033,0.426
2472,1.256,0.293
2473,1.795,0.257
2475,0.4,0.385
2476,-0.816,0.51
2477,0.769,0.344
2479,0.156,0.418
2480,1.177,0.281
2482,-0.395,0.467
2483,-0.147,0.44
2485,0.562,0.371
2486,0.593,0.373
2487,0.302,0.404
2490,1.231,0.269
2491,1.25,0.271
2492,-1.354,0.558
2493,0.292,0.406
2494,-0.404,0.449
2495,0.156,0.418
2496,0.826,0.338
2497,0.071,0.418
2498,-0.643,0.464
2499,-0.998,0.5
2500,-0.513,0.453
2501,0.135,0.418
2502,-0.231,0.43
2504,0.283,0.402
2505,-0.104,0.45
2507,-0.896,0.504
2508,-0.288,0.461
2509,0.664,0.352
2510,1.016,0.286
2511,-0.379,0.437
2512,-0.266,0.444
2513,0.684,0.352
2516,0.463,0.382
2517,-2.049,0.642
2518,-2.049,0.642
2519,-1.802,0.606
2520,-0.655,0.465
2521,-0.736,0.483
2522,0.123,0.417
2523,-0.466,0.47
2524,-1.228,0.53
2525,-0.072,0.437
2526,-1.734,0.592
2527,-0.35,0.447
2529,0.292,0.406
2530,-1.528,0.567
2531,0.833,0.343
2533,-1.05,0.506
2534,1.443,0.275
2537,-1.434,0.575
2539,0.176,0.414
2540,1.1,0.309
2541,-0.038,0.435
2542,0.318,0.399
2543,1.395,0.274
2544,-0.751,0.489
2545,-2.049,0.642
2546,-1.68,0.65
2548,-1.147,0.523
2549,-0.316,0.446
2550,0.015,0.428
2551,-0.038,0.536
2553,-1.021,0.516
2554,1.319,0.259
2555,1.922,0.247
2556,0.48,0.374
2557,-1.508,0.568
2558,1.117,0.307
2559,-0.387,0.788
2560,0.138,0.412
2561,-1.223,0.548
2562,-0.543,0.486
2563,-0.875,0.489
2567,1.611,0.264
2569,-0.219,0.429
2570,1.08,0.268
2571,0.259,0.395
2572,0.055,0.433
2573,0.156,0.418
2574,-0.208,0.454
2576,0.563,0.379
2577,1.024,0.31
2579,-0.315,0.451
2581,-2.049,0.642
2582,0.046,0.403
2583,0.269,0.385
2584,0.156,0.418
2587,2.257,0.248
2588,-0.574,0.49
2590,0.25,0.399
2591,-0.474,0.479
2592,-1.293,0.558
2594,-0.106,0.413
2595,1.004,0.311
2597,-2.049,0.642
2598,-0.462,0.468
2600,2.034,0.259
2601,-0.35,0.451
2605,-0.018,0.435
2607,0.508,0.367
2608,-0.338,0.456
2609,-1.662,0.597
2611,-0.599,0.482
2612,1.411,0.266
2614,-0.362,0.454
2615,0.131,0.413
2618,-1.802,0.606
2619,0.687,0.362
2621,1.242,0.292
2622,0.762,0.291
2623,0.51,0.351
2625,-0.972,0.52
2626,1.812,0.246
2628,1.156,0.282
2629,-0.126,0.45
2631,0.534,0.364
2632,0.381,0.397
2633,-1.293,0.558
2634,0.748,0.331
2635,1.065,0.32
2637,-0.491,0.472
2638,-0.757,0.48
2640,1.089,0.285
2641,0.538,0.38
2642,-0.607,0.452
2644,0.265,0.394
2645,0.044,0.412
2646,-0.49,0.452
2648,-0.261,0.458
2649,0.087,0.428
2650,-0.861,0.515
2651,-1.208,0.538
2652,0.449,0.36
2653,-0.373,0.466
2654,0.449,0.385
2655,1.069,0.307
2656,-0.896,0.523
2657,0.659,0.317
2659,1.614,0.249
2660,0.846,0.341
2661,2.109,0.24
2662,-0.19,0.421
2663,0.802,0.331
2664,-0.921,0.5
2666,1.148,0.273
2667,1.073,0.299
2668,0.375,0.397
2669,-0.187,0.453
2670,0.569,0.364
2671,0.157,0.417
2673,0.992,0.309
2674,-0.762,0.484
2675,-0.447,0.477
2676,-0.977,0.515
2677,-1.434,0.575
2678,-0.388,0.451
2679,1.722,0.248
2680,-0.152,0.437
2681,0.697,0.324
2682,-0.141,0.435
2683,0.502,0.382
2684,0.208,0.379
2686,0.475,0.363
2687,0.297,0.389
2688,-0.359,0.464
2689,-0.566,0.464
2690,0.569,0.32
2691,-1.201,0.52
2692,-0.64,0.478
2693,1.07,0.531
2694,0.756,0.336
2695,-0.217,0.434
2697,-0.694,0.483
2698,-0.408,0.449
2699,-2.049,0.642
2700,-1.05,0.506
2701,1.074,0.278
2703,-0.998,0.5
2704,-0.574,0.49
2706,-0.669,0.486
2707,0.156,0.418
2708,1.017,0.272
2711,1.027,0.311
2712,0.437,0.373
2713,0.03,0.426
2715,-0.181,0.431
2717,0.907,0.32
2719,-1.399,0.548
2720,0.219,0.398
2722,0.306,0.404
2723,-0.117,0.434
2724,-0.325,0.437
2725,1.037,0.314
2726,-0.574,0.49
2729,-1.022,0.523
2730,-0.357,0.445
2731,-0.054,0.426
2732,0.32,0.401
2733,1.21,0.297
2734,0.878,0.291
2736,-0.121,0.43
2737,0.25,0.399
2738,0.454,0.38
2739,-0.165,0.444
2740,1.459,0.264
2741,0.892,0.307
2742,0.849,0.333
2743,0.338,0.395
2744,1.138,0.298
2745,0.507,0.358
2746,-0.183,0.45
2747,1.298,0.264
2748,0.914,0.337
2750,-0.302,0.462
2751,0.705,0.346
2752,1.018,0.308
2753,1.242,0.287
2754,1.333,0.272
2756,-0.089,0.417
2758,-0.751,0.483
2759,-1.225,0.54
2761,0.276,0.394
2762,1.245,0.26
2763,0.33,0.402
2764,0.887,0.333
2765,1.161,0.284
2766,-0.083,0.435
2767,0.312,0.389
2768,-0.935,0.506
2769,0.907,0.288
2770,-0.901,0.52
2771,0.216,0.373
2772,1.371,0.265
2773,0.853,0.315
2774,-0.298,0.456
2775,0.244,0.395
2777,0.371,0.382
2779,0.664,0.353
2780,0.703,0.337
2781,0.428,0.359
2782,-0.838,0.473
2784,-0.823,0.476
2785,-1.434,0.575
2786,0.024,0.437
2787,-0.837,0.509
2790,-0.855,0.506
2791,0.176,0.414
2792,-1.536,0.578
2793,-0.622,0.537
2794,1.215,0.291
2795,-0.229,0.44
2796,0.747,0.347
2797,0.629,0.354
2799,0.106,0.382
2800,-1.825,0.609
2801,0.345,0.402
2802,0.395,0.395
2804,-0.896,0.504
2805,0.638,0.368
2806,-2.049,0.642
2807,0.037,0.428
2808,0.955,0.32
2809,-0.093,0.445
2810,-2.049,0.642
2811,0.318,0.375
2812,2.21,0.243
2813,0.746,0.351
2814,-0.753,0.486
2815,-0.377,0.449
2816,-1.085,0.521
2817,0.156,0.418
2818,1.383,0.257
2819,1.231,0.267
2820,0.48,0.365
2821,1.282,0.28
2823,0.614,0.342
2824,-2.049,0.642
2825,0.238,0.385
2827,-1.387,0.57
2828,0.515,0.347
2830,-0.897,0.489
2832,0.153,0.405
2833,1.415,0.267
2835,0.101,0.414
2836,-0.059,0.393
2837,-0.64,0.478
2838,-0.703,0.497
2839,0.029,0.415
2840,-0.331,0.419
2842,1.645,0.267
2843,0.504,0.382
2844,-0.774,0.487
2845,-0.175,0.454
2846,-1.621,0.592
2847,0.901,0.32
2848,0.789,0.324
2849,0.423,0.387
2850,-0.226,0.442
2851,-0.948,0.525
2854,1.494,0.256
2855,-2.049,0.642
2857,0.435,0.39
2858,-0.037,0.433
2859,0.152,0.412
2860,0.409,0.389
2861,1.106,0.289
2862,-0.354,0.445
10197,0.415,0.379
2865,0.251,0.399
2866,-0.09,0.415
2869,-0.247,0.413
2870,-0.681,0.466
2871,-0.043,0.428
2872,-0.512,0.476
2874,-1.368,0.557
2875,0.186,0.371
2876,0.291,0.38
2877,1.62,0.261
2878,-1.074,0.53
2880,0.399,0.394
2881,0.336,0.401
2882,-0.896,0.523
2883,-0.611,0.478
2884,-0.078,0.434
2885,-1.362,0.548
2886,-0.758,0.468
2889,-0.736,0.483
2890,1.187,0.271
2892,0.842,0.325
2893,0.863,0.294
2894,0.22,0.418
2895,1.821,0.253
2896,0.27,0.407
2897,0.088,0.403
2898,-0.441,0.469
2901,1.579,0.267
2904,-0.27,0.444
2906,-1.05,0.506
2907,1.503,0.26
2908,-1.549,0.569
2909,-0.59,0.468
2911,0.207,0.385
2912,-0.53,0.478
2913,-0.848,0.501
2914,-1.434,0.575
2915,0.294,0.4
2916,-1.077,0.531
2917,0.045,0.42
2918,0.126,0.422
2919,-1.052,0.506
2922,-0.441,0.442
2923,0.092,0.394
2924,-1.825,0.609
2925,0.635,0.351
2926,0.865,0.297
2927,0.342,0.398
2928,-0.93,0.501
2929,-0.231,0.442
2930,-1.577,0.559
2931,0.75,0.345
2933,-0.613,0.457
2934,0.058,0.426
2936,0.606,0.311
2937,0.94,0.321
2939,-0.209,0.444
2940,-0.493,0.439
2941,-0.79,0.506
2942,-2.049,0.642
2943,-1.802,0.606
2944,0.755,0.333
2945,0.772,0.337
2946,-0.761,0.493
2947,0.776,0.329
2949,-0.224,0.448
2950,0.488,0.384
2951,0.76,0.333
2952,0.994,0.34
2953,-0.819,0.488
2954,-0.017,0.442
2955,-2.049,0.642
2956,-0.676,0.495
2957,-1.621,0.592
2958,-0.902,0.499
2959,0.765,0.35
2960,0.908,0.316
2961,0.4,0.385
2962,0.046,0.403
2963,-0.59,0.441
2964,-0.589,0.461
2965,0.576,0.374
2966,-0.762,0.484
2968,-0.244,0.434
2969,-0.136,0.436
2970,0.187,0.417
2971,0.016,0.425
2972,-2.049,0.642
2973,2.192,0.244
2974,-0.243,0.455
2979,0.45,0.347
2980,1.012,0.317
2981,-1.621,0.592
2982,-0.844,0.488
10182,0.388,0.376
2986,0.958,0.314
2987,-0.613,0.457
2988,0.156,0.418
2989,0.768,0.343
2992,-0.613,0.457
2994,1.004,0.304
2995,-0.134,0.441
2997,1.339,0.283
2998,-2.049,0.642
2999,0.156,0.418
3002,-0.151,0.446
3003,0.686,0.344
3004,1.145,0.278
3005,0.704,0.348
3007,0.128,0.421
3008,-0.318,0.462
3009,0.296,0.382
3010,-0.783,0.511
3011,1.246,0.602
3012,-0.177,0.448
3014,0.406,0.38
3015,2.167,0.243
3016,-0.601,0.485
3017,-0.015,0.427
3018,0.609,0.349
3020,0.284,0.401
3021,-1.208,0.538
3022,-0.045,0.429
3023,-0.884,0.489
3024,0.311,0.409
3026,-1.147,0.53
3027,-2.049,0.642
3028,0.005,0.438
3029,0.825,0.328
3030,0.962,0.319
3031,0.972,0.315
3033,0.146,0.392
3034,0.451,0.36
3036,0.374,0.374
3037,0.321,0.325
3038,0.69,0.342
3039,-0.419,0.469
3040,-0.36,0.448
3041,-2.049,0.642
3042,-1.434,0.575
3043,-0.491,0.472
3044,0.318,0.416
3045,0.22,0.328
3046,-0.177,0.448
3047,0.808,0.346
3048,0.406,0.38
3049,1.269,0.285
3052,0.338,0.399
3053,-0.141,0.423
3054,-0.166,0.442
3055,-0.534,0.474
3056,0.416,0.374
3058,0.274,0.406
3060,0.437,0.373
3061,0.882,0.328
3062,-1.73,0.592
3063,0.4,0.371
3064,0.238,0.403
3065,0.972,0.305
3066,0.659,0.359
3067,0.11,0.43
3068,-0.038,0.435
3071,-1.525,0.567
3072,0.986,0.324
3073,0.492,0.371
3075,-0.345,0.422
3076,-0.967,0.509
3079,-0.857,0.491
3081,0.015,0.428
3082,1.232,0.261
3083,1.586,0.268
3084,0.117,0.395
3085,-1.456,0.57
3086,-0.09,0.415
3087,-1.08,0.534
3088,-1.222,0.54
3089,0.374,0.378
3090,0.618,0.346
3092,-0.502,0.466
3093,1.546,0.273
3095,0.134,0.417
3097,0.096,0.42
3098,-0.242,0.447
3099,0.909,0.274
3102,0.844,0.332
3107,-0.819,0.515
3108,-2.049,0.642
3109,0.376,0.372
3110,0.777,0.327
3111,-0.402,0.455
3112,0.179,0.403
3113,0.58,0.36
3114,0.605,0.37
3115,0.382,0.395
3116,-0.304,0.434
3117,-0.402,0.447
3118,-0.006,0.429
3119,-0.629,0.463
3120,0.058,0.426
3122,0.707,0.341
3123,0.182,0.398
3124,0.155,0.415
3127,0.351,0.398
3128,-2.049,0.642
3130,0.392,0.39
3131,2.264,0.247
3132,0.913,0.321
3133,-0.403,0.453
3134,1.115,0.282
3135,0.166,0.4
3136,1.335,0.281
3138,0.727,0.351
3139,0.91,0.325
3142,0.227,0.387
3143,1.062,0.283
3144,0.185,0.384
3145,-0.414,0.455
3146,0.315,0.393
3147,-0.868,0.507
3148,-0.117,0.413
3150,-0.491,0.472
3151,0.447,0.383
3152,-0.437,0.472
3154,-0.372,0.435
3156,-0.247,0.438
3158,-0.288,0.461
3159,-0.722,0.483
3160,-0.697,0.473
3161,-0.257,0.443
3163,0.738,0.344
3164,-1.019,0.511
3165,-1.734,0.592
3167,-0.6,0.477
3168,0.016,0.426
3169,-0.491,0.472
3170,-0.491,0.444
3171,-0.503,0.453
3172,1.038,0.287
3173,-0.106,0.413
3174,-1.021,0.516
3175,-2.049,0.642
3180,1.562,0.258
3181,-1.802,0.606
3183,0.323,0.389
3184,-0.611,0.478
3185,-0.513,0.453
3186,-1.545,0.569
3187,-0.998,0.5
3190,0.533,0.34
3191,-0.855,0.495
3192,-0.972,0.52
3193,-0.998,0.5
3194,0.156,0.418
3195,-1.362,0.548
3196,0.622,0.33
3197,0.449,0.385
3198,-0.354,0.447
3199,0.308,0.403
3200,1.317,0.291
3201,1.09,0.301
3202,-0.267,0.451
3203,0.535,0.378
3204,1.198,0.277
3206,-1.472,0.557
3207,-1.472,0.557
3209,-0.155,0.435
3210,0.18,0.41
3212,0.659,0.352
3213,0.914,0.337
3214,0.952,0.314
3217,0.29,0.393
3218,-0.447,0.477
3219,-1.147,0.53
3220,0.049,0.414
3221,1.507,0.262
3222,1.795,0.261
3223,0.49,0.355
3225,-0.739,0.489
3226,0.38,0.376
3227,-0.405,0.472
3228,1.296,0.272
3230,0.399,0.394
3231,-0.915,0.481
3232,-0.853,0.486
3233,0.254,0.398
3234,-0.6,0.477
3235,-1.528,0.567
3236,0.601,0.363
3238,-0.359,0.464
3240,1.691,0.267
3242,0.415,0.391
3243,-0.041,0.443
3244,0.979,0.309
3247,-0.972,0.52
3248,1.045,0.304
3249,1.157,0.29
3252,-1.184,0.519
3253,-1.362,0.548
3254,0.072,0.405
3255,0.046,0.427
3256,-0.426,0.453
3257,0.73,0.356
3258,-0.411,0.412
3259,1.687,0.248
3260,0.374,0.359
3261,1.229,0.288
3264,-0.901,0.52
3265,-0.333,0.456
3266,0.283,0.402
3268,-0.913,0.52
3269,0.812,0.327
3271,-0.032,0.429
3272,-0.152,0.437
3274,-1.354,0.558
3275,-0.869,0.494
3276,0.901,0.313
3278,-2.049,0.642
3279,-0.034,0.41
3280,0.829,0.3
3281,-1.047,0.512
3282,1.066,0.28
3283,-0.287,0.449
3284,-0.762,0.484
3285,0.738,0.327
3286,-0.653,0.485
3287,-0.449,0.47
3288,-0.49,0.452
3289,-0.868,0.507
3291,0.475,0.386
3292,-2.049,0.642
3294,1.237,0.264
3296,-0.152,0.437
3297,-0.486,0.481
3298,0.389,0.354
3299,-1.276,0.517
3301,0.399,0.394
3302,-0.052,0.447
3305,1.968,0.247
3306,-1.334,0.556
3307,0.57,0.361
3308,-0.901,0.52
3310,1.077,0.307
3311,-0.206,0.456
3312,-0.368,0.448
3313,0.73,0.356
3314,1.039,0.315
3315,0.461,0.388
3316,-0.527,0.457
3318,1.186,0.295
3319,0.32,0.373
3321,-1.525,0.567
3322,-1.549,0.569
3323,0.777,0.295
3324,0.156,0.418
3325,0.197,0.394
3326,-0.257,0.443
3327,0.848,0.323
3328,0.188,0.399
3330,-0.078,0.434
3331,-0.465,0.456
3332,1.384,0.259
3335,-0.907,0.503
3336,-0.751,0.483
3340,0.015,0.428
3342,-1.312,0.54
3344,-0.65,0.482
3345,-1.115,0.529
3346,-1.549,0.569
3347,0.781,0.336
3350,-0.009,0.46
3352,-2.049,0.642
3354,-0.086,0.435
3356,0.807,0.348
3357,0.711,0.326
3358,-0.413,0.477
3360,-0.5,0.475
3361,0.703,0.359
3362,1.117,0.291
3364,1.143,0.291
3366,1.385,0.259
3372,3.048,0.255
3374,0.712,0.312
3375,-1.293,0.558
3377,1.029,0.318
3378,-1.183,0.532
3381,0.484,0.366
3382,0.687,0.362
3384,0.689,0.351
3386,-1.03,0.531
3387,-1.434,0.575
3388,1.092,0.305
3389,0.46,0.391
3390,-1.456,0.57
3397,0.485,0.368
3398,0.313,0.389
3402,0.015,0.428
3404,-0.074,0.441
3405,0.433,0.375
3406,1.03,0.347
3407,-0.006,0.423
3408,-0.813,0.491
3411,-0.023,0.435
3412,0.134,0.426
3414,-1.118,0.52
3415,-0.752,0.476
3416,-0.197,0.447
3418,0.035,0.435
3419,0.482,0.38
3420,-2.049,0.642
3422,0.562,0.371
3423,-0.257,0.443
3424,-1.223,0.548
3425,1.011,0.319
3427,-0.258,0.45
3428,0.95,0.27
3429,0.024,0.421
3430,-0.529,0.484
3432,-0.342,0.474
3433,1.721,0.264
3434,-0.415,0.45
3435,1.015,0.286
3437,0.426,0.386
3438,0.351,0.398
3439,0.292,0.406
3440,0.251,0.399
3441,-0.762,0.484
3443,0.813,0.337
3445,0.772,0.311
3446,0.958,0.318
3448,0.689,0.342
3450,0.386,0.4
3451,-0.816,0.51
3455,-1.273,0.516
3457,1.257,0.293
3458,-1.229,0.537
3460,0.863,0.334
3461,-0.558,0.468
3462,1.463,0.288
3463,-1.528,0.567
3464,0.808,0.346
3465,0.105,0.424
3466,0.54,0.351
3469,-0.284,0.443
3516,-0.513,0.453
3519,0.425,0.389
3520,1.081,0.288
3521,0.649,0.363
3522,-0.046,0.443
3523,0.132,0.418
3525,0.652,0.342
3526,-0.875,0.489
3528,-0.861,0.515
3531,-0.022,0.425
3532,-0.086,0.439
3534,0.3,0.376
3535,0.216,0.382
3536,0.822,0.337
3537,1.145,0.301
3538,1.03,0.31
3539,-0.262,0.462
3540,-0.736,0.483
3541,-0.088,0.449
3544,-0.023,0.437
3546,0.363,0.354
3548,-1.29,0.557
3549,-0.226,0.46
3551,-2.049,0.642
3553,0.803,0.327
3554,-2.049,0.642
3555,0.835,0.33
3556,-0.754,0.489
3557,0.62,0.356
3558,-0.181,0.431
3559,1.338,0.27
3560,-0.221,0.458
3561,-0.255,0.416
3563,0.455,0.383
3564,-0.109,0.45
3565,0.156,0.418
3566,0.935,0.318
3570,0.265,0.409
3571,-0.49,0.452
3572,1.099,0.286
3573,0.842,0.326
3575,-0.447,0.477
3576,-0.106,0.434
3577,-0.333,0.456
3578,0.292,0.406
3579,0.165,0.397
3582,-0.5,0.474
3583,-0.199,0.428
3584,-1.212,0.549
3585,-0.45,0.455
3587,-0.514,0.46
3588,0.56,0.377
3589,0.585,0.372
3590,0.997,0.261
3591,0.351,0.398
3594,0.004,0.435
3595,-0.901,0.52
3596,0.639,0.344
3597,-1.246,0.526
3598,0.046,0.427
3599,-0.359,0.464
3600,-1.147,0.523
3601,0.415,0.391
3602,-0.5,0.458
3604,0.871,0.321
3607,-0.175,0.454
3610,-0.089,0.426
3611,-0.288,0.461
3615,1.684,0.259
3616,0,0.433
3619,-1.033,0.508
3620,0.51,0.313
3622,-0.08,0.427
3624,-0.869,0.494
3625,-0.395,0.467
3626,-1.825,0.609
3627,0.156,0.418
3630,-1.021,0.516
3631,-1.825,0.609
3634,-0.751,0.483
3635,-1.434,0.575
3636,1.679,0.267
3637,-0.404,0.449
3638,-0.091,0.432
3639,-1.29,0.557
3640,0.375,0.397
3642,0.067,0.424
3643,-0.359,0.464
3644,0.142,0.408
3646,0.352,0.385
3647,-1.017,0.522
3650,0.449,0.368
3651,-0.419,0.469
3653,0.752,0.348
3654,-0.056,0.434
10193,0.157,0.417
3658,0.03,0.42
3661,0.698,0.31
3662,0.381,0.388
3663,0.523,0.354
3666,0.406,0.38
3667,0.309,0.403
3671,0.076,0.409
3673,-0.625,0.477
3674,0.416,0.373
3716,0.104,0.405
3717,-1.184,0.519
3718,-0.762,0.484
3719,0.241,0.416
3720,-0.459,0.451
3722,-0.391,0.448
3723,-0.57,0.449
3724,0.328,0.378
3725,0.492,0.373
3726,0.283,0.402
3727,-0.529,0.475
3728,0.221,0.41
3729,-0.693,0.475
3730,-0.287,0.449
3732,-1.734,0.592
3733,-1.734,0.592
3735,2.749,0.244
3736,0.541,0.374
3737,-0.461,0.463
3738,1.611,0.266
3739,0.601,0.364
3741,0.84,0.329
3742,1.251,0.277
3743,-1.225,0.54
3744,0.245,0.396
3747,-0.481,0.48
3750,-2.049,0.642
3751,2.551,0.236
3754,0.359,0.389
3755,0.031,0.423
3756,0.005,0.438
3757,-1.293,0.558
3758,0.335,0.372
3759,1.283,0.276
3760,-0.125,0.434
3762,-0.16,0.401
3763,-1.147,0.53
3765,-1.03,0.511
3766,0.156,0.418
3767,0.7,0.361
3768,0.105,0.424
3769,-0.166,0.442
3770,0.283,0.402
3771,-0.754,0.488
3772,-0.355,0.43
3776,0.379,0.394
3777,0.032,0.428
3778,-0.151,0.439
3779,0.56,0.377
3782,-0.175,0.454
3783,0.241,0.416
3785,-0.326,0.444
3786,-0.06,0.386
3787,-1.387,0.57
3788,0.719,0.354
3789,-0.478,0.445
3790,-2.049,0.642
3791,0.664,0.312
3792,1.051,0.313
3793,0.013,0.418
3794,1.218,0.264
3796,-0.295,0.457
3798,-1.528,0.567
3799,-1.147,0.523
3801,0.914,0.337
3802,-1.734,0.592
3803,0.668,0.344
3804,0.416,0.393
3805,-1.002,0.494
3806,1.15,0.289
3808,-0.239,0.448
3809,0.051,0.407
3811,-0.409,0.468
3812,0.233,0.387
3813,-0.163,0.438
3814,1.434,0.256
3815,-0.237,0.44
3816,-0.515,0.478
3817,-0.048,0.435
3818,-0.562,0.455
3820,0.142,0.394
3821,-1.802,0.606
3822,-0.875,0.489
3823,0.348,0.387
3824,-1.545,0.569
3826,-0.875,0.489
3829,-1.223,0.548
3832,-0.031,0.352
3833,-0.535,0.456
3834,1.277,0.26
3837,-0.996,0.495
3838,-0.535,0.442
3840,0.93,0.306
3842,-0.34,0.45
3844,1.094,0.302
3845,0.656,0.355
3846,0.157,0.374
3848,-1.73,0.592
3849,0.491,0.341
3850,-0.411,0.454
3851,-0.611,0.478
3852,-0.896,0.523
3853,0.152,0.412
3854,0.655,0.324
3855,-0.045,0.426
3857,-0.179,0.421
3858,-0.299,0.455
3860,0.357,0.372
3861,1.035,0.315
3862,0.721,0.342
3865,0.498,0.371
3866,-0.897,0.496
3868,0.015,0.428
3869,-0.442,0.462
3870,-1.73,0.592
3871,0.284,0.407
3872,1.153,0.268
3873,0.355,0.398
3874,-0.845,0.498
3875,-0.631,0.481
3876,-0.385,0.478
3877,-0.751,0.483
3878,-0.231,0.433
3879,-1.231,0.552
3880,0.319,0.386
3882,0.782,0.331
3883,-1.088,0.522
3884,0.233,0.411
3885,0.958,0.306
3887,0.976,0.29
3889,-1.359,0.548
3890,-1.077,0.531
3891,-0.598,0.491
3893,1.365,0.271
3894,0.83,0.301
3895,1.145,0.293
3896,-0.177,0.448
3897,0.305,0.394
3898,-0.89,0.5
3899,-1.403,0.56
3902,0.235,0.393
3903,-0.437,0.477
3904,-0.149,0.441
3905,1.523,0.253
3906,1.006,0.31
3907,-1.145,0.512
3909,0.117,0.402
3911,-1.178,0.546
3912,-0.073,0.411
3914,1.077,0.297
3915,-0.516,0.481
3916,-0.45,0.434
3917,0.094,0.404
3918,-1.359,0.548
3919,-0.324,0.427
3920,0.745,0.279
3921,-0.762,0.484
3922,-0.299,0.441
3924,-1.052,0.506
3926,0.126,0.41
3928,0.156,0.418
3929,0.32,0.39
3930,-0.284,0.443
3931,-0.711,0.457
3932,-1.147,0.523
3933,1.863,0.253
3934,0.345,0.382
3937,1.084,0.303
3939,-0.658,0.486
3940,-0.145,0.407
3944,-1.178,0.546
3945,0.76,0.337
3946,-0.093,0.445
3947,0.415,0.391
3949,0.388,0.391
3951,-0.11,0.439
3955,-0.762,0.484
3956,1.604,0.26
3957,-0.27,0.444
3962,0.283,0.402
3963,-0.099,0.436
3966,-1.085,0.521
3970,-0.015,0.41
3973,-0.835,0.503
3975,0.49,0.361
3976,0.588,0.316
3977,0.156,0.418
3979,-0.848,0.504
3983,-0.462,0.468
3985,0.178,0.396
3986,0.832,0.289
3987,-0.72,0.499
3990,-0.231,0.441
3991,0.129,0.407
3992,0.7,0.361
3993,2.078,0.249
3997,-0.405,0.472
3998,0.156,0.392
3999,-1.536,0.578
4003,-0.338,0.447
4005,0.752,0.342
4006,0.142,0.408
4008,-0.675,0.499
4009,-0.117,0.449
4011,-1.336,0.524
4013,-0.359,0.464
4015,-0.374,0.439
4017,0.63,0.319
4018,0.249,0.39
4019,0.345,0.38
4021,1.009,0.29
4022,-0.56,0.476
4024,0.504,0.372
4025,1.511,0.254
4034,-0.309,0.451
4036,-0.781,0.478
4037,0.045,0.42
4038,-0.653,0.465
4039,-0.625,0.477
4040,-0.918,0.513
4041,-0.611,0.478
4042,0.946,0.33
4044,1.203,0.271
4045,-0.728,0.492
4052,0.765,0.336
4058,-0.402,0.472
4059,1.978,0.254
4061,0.32,0.396
4062,-2.049,0.642
4064,-0.391,0.448
4066,-1.08,0.534
4067,-0.861,0.481
4068,-0.84,0.509
4069,-0.377,0.449
4071,0.463,0.391
4074,-0.381,0.447
4075,-2.049,0.642
4076,-0.038,0.435
4079,-0.209,0.441
4080,-0.514,0.46
4081,-0.996,0.493
4082,-0.496,0.486
4083,0.031,0.427
4084,1.044,0.273
4086,-0.93,0.501
4087,-0.357,0.467
4089,-0.037,0.435
4090,-2.049,0.642
4091,0.469,0.384
4092,-0.277,0.465
4093,0.711,0.356
4095,1.984,0.247
4096,-0.76,0.468
4097,0.474,0.37
4098,-0.758,0.468
4102,0.655,0.32
4103,0.373,0.364
4105,-0.89,0.5
4106,-2.049,0.642
4107,-0.099,0.436
4109,0.945,0.304
4110,0.698,0.359
4113,-0.195,0.441
4114,-0.897,0.496
4115,1.831,0.242
4116,0.479,0.358
4117,-0.603,0.46
4118,0.299,0.371
4120,1.93,0.234
4121,-1.621,0.592
4124,0.81,0.337
4125,-0.994,0.505
4126,-1.179,0.532
4127,2.106,0.241
4128,-0.105,0.441
4129,0.026,0.425
4130,0.643,0.28
4131,0.105,0.416
4133,-0.135,0.43
4134,0.957,0.308
4135,0.311,0.396
4136,0.308,0.403
4137,-0.121,0.436
4138,-0.832,0.499
4141,1.545,0.261
4143,-0.809,0.491
4144,0.322,0.398
4145,0.066,0.425
4146,-1.621,0.592
4148,0.803,0.298
4149,0.143,0.406
4150,-1.033,0.49
4152,-0.039,0.432
4153,-0.359,0.464
4155,0.153,0.431
4157,0.796,0.327
4158,0.191,0.409
4160,-0.15,0.451
4161,-0.585,0.476
4163,-0.571,0.46
4164,0.88,0.3
4166,-0.447,0.477
4168,-0.152,0.437
4169,-0.722,0.474
4170,-0.097,0.425
4171,-0.613,0.457
4172,-0.302,0.443
4173,0.243,0.412
4174,-0.003,0.406
4175,0.489,0.383
4176,-0.35,0.447
4177,0.198,0.406
4178,-1.014,0.501
4180,-0.751,0.483
4182,0.971,0.323
4183,-0.031,0.435
4184,-0.27,0.444
4187,-0.441,0.442
4188,-0.777,0.474
4189,0.037,0.426
4191,0.942,0.316
4192,-0.948,0.525
4194,1.517,0.27
4196,0.4,0.385
4197,0.071,0.418
4198,-0.174,0.445
4199,-1.008,0.515
4200,0.773,0.329
4201,-1.734,0.592
4202,-0.304,0.443
4203,-0.222,0.445
4204,-0.527,0.464
4207,0.242,0.403
4208,-0.017,0.442
4209,0.452,0.37
4210,1.649,0.249
4211,0.383,0.391
4212,-0.751,0.483
4213,-0.471,0.459
4214,-1.246,0.526
4215,-0.439,0.458
4217,-0.73,0.465
4220,0.015,0.428
4221,0.569,0.355
4222,0.459,0.382
4224,-0.56,0.484
4226,0.823,0.309
4229,-0.38,0.47
4233,0.624,0.357
4235,1.507,0.269
4238,0.589,0.367
4241,0.509,0.37
4242,-0.762,0.484
4243,-0.625,0.477
10134,0.087,0.421
10091,0.588,0.343
10105,-1.545,0.569
10150,-0.391,0.448
4251,0.016,0.426
4253,-0.301,0.455
4254,-0.419,0.469
10094,-1.349,0.533
4256,-0.121,0.436
10166,-0.585,0.476
10118,-0.503,0.453
4260,-1.387,0.57
4262,-0.272,0.436
4263,-1.345,0.555
4264,-0.81,0.493
10111,0.901,0.311
4267,0.955,0.33
10181,-0.476,0.453
10108,1.413,0.263
4270,0.225,0.376
4272,-0.183,0.457
4275,-0.137,0.443
4276,-0.402,0.455
4277,0.044,0.417
10119,-1.293,0.558
10163,0.6,0.358
10133,1.065,0.282
4281,0.933,0.33
10123,0.283,0.402
10143,-0.144,0.415
10180,1.872,0.254
10160,0.562,0.371
4286,-0.237,0.439
4287,-0.66,0.485
10158,-0.099,0.436
10097,0.287,0.389
10113,0.492,0.383
4291,0.223,0.398
10106,0.784,0.33
4293,0.091,0.431
4294,-0.26,0.45
4296,-0.182,0.44
10135,-0.659,0.477
4299,0.457,0.38
10174,0.759,0.345
4301,0.274,0.406
4302,0.406,0.38
4304,-0.503,0.453
10203,-0.676,0.457
4307,-0.722,0.483
4308,0.156,0.418
4309,0.688,0.359
4310,-0.221,0.438
10102,0.126,0.418
10138,-0.199,0.438
4315,0.511,0.323
10175,-0.301,0.455
4318,0.908,0.316
4319,-0.994,0.521
4321,-0.627,0.461
10171,0.156,0.418
10129,-0.549,0.459
10157,0.455,0.375
10156,-0.567,0.491
10227,-0.47,0.458
10112,0.136,0.418
10147,2.422,0.245
10124,0.678,0.312
4332,0.441,0.359
4334,-0.301,0.455
10139,-0.819,0.515
10122,1.475,0.259
10179,0.597,0.345
10140,0.165,0.403
10132,0.715,0.344
4340,-0.177,0.448
4341,1.204,0.303
4342,-0.45,0.455
10167,0.076,0.395
10161,0.904,0.33
4345,-0.178,0.436
4346,-0.279,0.46
4347,1,0.321
4348,0.4,0.385
4349,-2.049,0.642
10202,-1.662,0.597
10192,-0.832,0.499
4353,0.429,0.365
4354,0.55,0.352
4355,0.026,0.433
10232,-0.195,0.441
4357,0.538,0.38
4358,-0.49,0.452
4360,0.074,0.4
10206,-1.229,0.537
4363,0.556,0.375
10211,-0.246,0.448
10207,-0.235,0.454
4366,0.172,0.416
10230,0.784,0.276
4369,1.054,0.313
10205,-0.762,0.484
10221,-0.31,0.456
4372,0.214,0.417
4373,-0.166,0.411
4374,-1.804,0.613
4375,1.102,0.299
4378,-0.235,0.461
4379,-1.187,0.519
4382,-0.866,0.506
10223,0.238,0.404
4385,-2.049,0.642
10209,0.973,0.326
10198,1.397,0.278
10208,-0.175,0.454
4392,-2.049,0.642
10215,-0.175,0.454
4395,0.156,0.418
4403,1.451,0.272
4404,0.038,0.563
10222,-1.621,0.592
10229,1.068,0.311
4409,0.954,0.297
4412,-0.191,0.445
4413,-1.362,0.548
4414,-1.73,0.592
10200,0.457,0.38
10214,0.76,0.343
4422,0.094,0.405
10199,-0.455,0.438
4426,1.317,0.288
10224,1.199,0.3
10220,0.94,0.271
4430,-0.083,0.435
4433,0.492,0.36
4435,1.135,0.266
4436,1.371,0.271
4438,-0.722,0.483
4439,0.758,0.333
10194,-0.529,0.478
4441,-1.359,0.548
4442,0.408,0.395
10226,0.559,0.361
10212,0.258,0.371
4446,-0.121,0.436
10228,0.156,0.418
4449,-0.209,0.441
10219,0.875,0.321
4451,-0.134,0.439
4452,-0.006,0.422
4453,0.817,0.346
4454,-0.129,0.433
10225,-0.396,0.454
10195,0.549,0.373
4460,-0.302,0.462
4461,-0.054,0.415
4463,0.807,0.317
4466,-0.152,0.437
4468,-0.901,0.52
4469,-0.662,0.473
4470,-0.34,0.442
4471,0.095,0.395
4472,-0.662,0.5
4473,0.685,0.338
4476,0.215,0.414
4478,-0.248,0.442
4479,-1.359,0.548
4480,-0.099,0.42
10204,-1.662,0.597
4483,-0.391,0.448
4484,-0.952,0.516
10234,0.152,0.412
4489,0.457,0.376
4490,0.79,0.347
4491,0.015,0.428
10231,-1.29,0.557
4493,-1.293,0.539
10196,-1.395,0.541
10216,-1.017,0.522
4496,-2.049,0.642
4497,0.4,0.385
4499,0.206,0.413
4500,-1.19,0.544
4501,0.472,0.378
4502,-0.888,0.48
4504,-1.222,0.54
4506,-1.35,0.534
4507,0.927,0.266
4508,-0.773,0.494
4509,0.235,0.388
4510,-0.257,0.443
4511,-0.611,0.475
4512,-0.895,0.516
4514,0.813,0.343
4515,0.811,0.327
4516,-0.202,0.446
4518,-1.021,0.516
4519,-0.099,0.436
4520,-0.27,0.444
4521,-0.231,0.442
4522,1.447,0.266
4525,-0.325,0.437
4528,-0.762,0.484
4530,1.43,0.263
4531,-0.675,0.499
4532,0.552,0.356
4534,-0.554,0.439
4536,-1.734,0.592
4538,-1.528,0.567
4539,0.156,0.418
4540,1.183,0.263
4542,0.015,0.428
4543,0.328,0.37
4544,-0.27,0.444
4545,-0.09,0.415
4547,0.445,0.358
4548,-0.419,0.469
4550,0.581,0.358
4551,-0.994,0.499
4553,1.798,0.257
4554,0.35,0.399
4555,0.563,0.376
4556,0.554,0.371
4558,0.416,0.372
4559,0.54,0.337
4560,0.761,0.29
4562,-0.018,0.435
4563,-0.481,0.48
4565,0.011,0.434
10235,1.538,0.262
4568,-0.46,0.468
4569,0.742,0.343
4571,-1.802,0.606
4573,0.087,0.421
4574,-0.655,0.465
4575,-0.441,0.442
4576,-1.359,0.548
4577,0.718,0.346
4578,-0.977,0.515
4581,-0.017,0.434
4585,2.719,0.245
4586,-0.041,0.421
4587,-0.335,0.431
4589,-0.613,0.457
4590,-1.802,0.606
4591,1.149,0.296
4592,0.097,0.425
4593,-0.166,0.442
4595,0.263,0.384
4596,-0.152,0.437
4597,0.44,0.363
4598,1.172,0.283
4600,1.812,0.255
4601,-0.175,0.454
4602,-0.175,0.454
4606,0.475,0.386
4607,-1.077,0.514
4608,-0.452,0.447
4609,-1.223,0.548
4610,0.749,0.299
4612,1.375,0.26
4613,0.441,0.39
4614,0.914,0.337
4615,-0.101,0.427
4618,1.525,0.267
4619,0.749,0.355
4620,0.698,0.359
4623,0.349,0.359
4625,1.289,0.254
4626,2.279,0.246
4627,0.475,0.354
4628,-0.539,0.461
4629,0.668,0.363
4630,0.156,0.418
4631,0.124,0.395
4632,0.692,0.34
4633,0.13,0.427
4634,0.066,0.418
4636,0.253,0.414
4638,-1.434,0.575
4639,0.752,0.278
4640,-0.099,0.436
4641,-0.498,0.457
4643,1.169,0.285
4644,1.627,0.265
4645,0.145,0.398
4646,-0.831,0.478
4647,1.16,0.27
4648,0.679,0.361
4649,-0.409,0.468
4650,-0.506,0.471
4651,-1.734,0.592
4652,0.019,0.419
4653,-1.73,0.592
4654,-0.252,0.465
4656,0.409,0.389
4657,0.48,0.373
4658,-0.337,0.446
4659,0.109,0.393
4661,-0.099,0.436
4662,-0.247,0.452
4663,-0.705,0.492
4664,-0.36,0.454
4665,0.669,0.36
4667,0.054,0.386
4668,-0.902,0.499
4669,-0.066,0.393
4670,-0.054,0.426
4671,1.327,0.289
4673,0.832,0.345
4675,-1.147,0.523
4676,-0.267,0.444
4677,-0.051,0.417
4678,0.451,0.379
4679,-0.536,0.459
4681,-0.73,0.465
4682,-0.302,0.462
4683,0.594,0.315
4684,0.263,0.402
4685,0.183,0.381
4687,-0.11,0.403
4689,-0.175,0.454
4690,-0.476,0.471
4691,0.015,0.426
4692,0.522,0.363
4693,0.133,0.4
4694,0.27,0.369
4695,0.538,0.378
4696,-0.972,0.52
4697,-0.19,0.405
4698,1.011,0.305
4699,0.938,0.309
4700,1.108,0.299
4701,0.56,0.351
4702,0.379,0.399
4703,1.307,0.277
4705,0.405,0.371
10217,0.152,0.412
4708,-1.19,0.544
4709,-0.431,0.432
4710,0.712,0.331
4712,1.089,0.308
4714,0.301,0.399
4715,-1.293,0.558
4716,1.027,0.296
4717,-0.152,0.437
4718,0.452,0.377
4719,-1.147,0.53
4720,1.781,0.257
4721,1.909,0.248
4723,-1.345,0.555
4724,1.196,0.263
4726,0.809,0.279
4727,-0.725,0.459
4728,-0.855,0.472
4732,0.909,0.323
4733,-1.434,0.575
4735,0.847,0.282
4736,-1.052,0.517
4737,0.245,0.397
4738,1.366,0.254
4739,-1.825,0.609
4740,1.219,0.289
4741,1.64,0.276
4742,-0.751,0.483
4743,-0.645,0.464
4744,-1.18,0.517
4746,-0.127,0.416
4747,1.364,0.282
4748,-0.033,0.428
4750,-0.402,0.455
4752,-0.918,0.5
4753,0.012,0.418
4754,0.332,0.4
4757,0.283,0.399
4759,1.014,0.309
4760,0.218,0.411
4763,-0.279,0.46
4766,0.452,0.37
4767,-0.27,0.444
4768,0.27,0.407
4769,-0.242,0.447
4770,0.197,0.419
4771,-2.049,0.642
4773,2.253,0.231
4775,-0.762,0.484
4776,0.53,0.354
4777,-0.686,0.495
4779,-0.964,0.515
4780,0.744,0.33
4781,-0.514,0.469
4782,0.68,0.325
4783,1.085,0.301
4787,0.613,0.359
4788,0.58,0.362
4789,0.206,0.405
4790,0.163,0.405
4793,-0.433,0.454
4794,0.058,0.426
4796,-0.439,0.451
4798,0.577,0.353
4799,0.037,0.428
4800,0.224,0.413
4801,-0.083,0.435
4802,0.156,0.418
4803,0.386,0.4
4804,0.773,0.352
4805,0.156,0.418
4806,0.644,0.359
4808,-0.01,0.441
4809,0.235,0.408
4810,-0.108,0.435
4811,0.013,0.407
4812,-0.38,0.47
4813,-0.363,0.492
4814,1.736,0.252
4815,0.313,0.375
4816,0.963,0.321
4817,0.361,0.39
4818,-0.749,0.472
4819,1.321,0.287
4820,-0.414,0.462
4821,-0.378,0.426
4822,0.105,0.424
4824,-0.935,0.502
4825,-0.034,0.44
4826,-1.293,0.558
4828,0.004,0.422
4829,0.719,0.358
4830,0.498,0.376
4831,-0.217,0.441
4832,-2.049,0.642
4835,-0.896,0.523
4836,-0.588,0.467
4837,-0.44,0.466
4838,0.403,0.375
4839,0.542,0.313
4840,-1.577,0.559
4841,-0.739,0.505
4843,-0.81,0.493
4844,0.774,0.331
4846,0.976,0.32
4847,-0.475,0.479
4848,0.986,0.303
4850,0.839,0.302
4851,0.551,0.313
4852,1.017,0.319
4853,-1.621,0.592
4854,-0.913,0.507
4855,-0.486,0.481
4856,0.061,0.408
4857,-1.536,0.578
4858,0.848,0.312
4860,0.177,0.402
4861,-0.183,0.457
4862,-0.152,0.437
4863,0.358,0.397
4864,-0.491,0.472
4865,0.281,0.405
4866,0.672,0.343
4867,-1.223,0.549
4868,0.156,0.418
4871,0.988,0.304
4872,-0.312,0.439
4874,0.018,0.425
4876,0.914,0.337
4878,0.889,0.275
4879,-0.884,0.508
4880,0.196,0.363
4881,-0.64,0.478
4882,-0.074,0.413
4883,0.025,0.424
4884,-0.034,0.417
4886,-0.728,0.492
4889,-1.528,0.567
4891,-0.333,0.441
4892,-1.231,0.53
4893,0.156,0.418
4897,1.261,0.283