ff_id,EXT9,EXT9_SE,city
2,0.979,0.244,1
4,-0.12,0.335,1
5,1.635,0.205,1
6,-0.846,0.474,1
7,1.324,0.228,1
8,0.481,0.259,1
11,-1.126,0.583,1
19,0.745,0.252,1
20,0.647,0.265,1
22,-1.209,0.583,1
23,-0.11,0.326,1
24,-0.14,0.331,1
31,0.674,0.252,1
34,-0.037,0.313,1
38,1.043,0.233,1
42,1.013,0.229,1
43,-1.209,0.583,1
44,-0.846,0.474,1
45,-0.264,0.365,1
46,-0.249,0.345,1
47,-1.209,0.583,1
49,-1.209,0.583,1
52,-0.092,0.324,1
56,0.001,0.315,1
58,0.051,0.308,1
59,0.616,0.255,1
63,-0.627,0.421,1
66,-1.209,0.583,1
68,-1.209,0.583,1
69,0.445,0.261,1
73,1.721,0.211,1
74,0.463,0.252,1
75,0.344,0.286,1
77,0.489,0.272,1
83,-1.209,0.583,1
86,0.271,0.281,1
87,-1.209,0.583,1
88,0.616,0.257,1
89,-1.209,0.583,1
90,0.005,0.32,1
91,0.621,0.255,1
93,0.1,0.31,1
95,-0.972,0.52,1
96,-0.7,0.441,1
97,-0.11,0.328,1
98,0.27,0.274,1
*,1.055,0.232,1
100,1.382,0.228,1
101,0.962,0.24,1
102,1.511,0.214,1
103,0.415,0.277,1
104,0.84,0.25,1
105,-0.002,0.306,1
106,-0.474,0.393,1
107,-0.651,0.416,1
109,-0.846,0.474,1
110,0.731,0.334,1
112,0.17,0.297,1
116,-0.846,0.474,1
117,0.914,0.226,1
118,0.253,0.296,1
122,0.136,0.29,1
123,0.49,0.256,1
125,0.248,0.286,1
126,-0.514,0.398,1
127,-1.209,0.583,1
128,-0.824,0.465,1
130,-1.209,0.583,1
132,0.152,0.303,1
133,-0.765,0.448,1
135,-1.209,0.583,1
137,0.012,0.31,1
139,0.319,0.275,1
144,-0.991,0.518,1
146,-1.209,0.583,1
147,-0.421,0.386,1
148,-0.098,0.313,1
149,0.789,0.254,1
150,0.35,0.288,1
151,-0.622,0.41,1
152,-0.429,0.392,1
156,0.552,0.277,1
158,0.44,0.278,1
159,0.856,0.245,1
160,0.159,0.295,1
161,0.643,0.259,1
162,0.325,0.284,1
164,-0.538,0.396,1
165,1.121,0.234,1
166,-0.609,0.426,1
168,-0.068,0.328,1
171,1.001,0.243,1
172,-1.209,0.583,1
175,0.49,0.279,1
177,0.834,0.247,1
179,1.23,0.227,1
181,0.046,0.3,1
182,0.608,0.262,1
183,-1.209,0.583,1
185,-0.352,0.368,1
187,-1.209,0.583,1
191,-1.209,0.583,1
195,0.654,0.261,1
197,1.016,0.241,1
198,0.931,0.237,1
200,0.739,0.244,1
202,0.508,0.26,1
203,-0.156,0.332,1
204,2.311,0.209,1
205,1.571,0.217,1
206,0.557,0.269,1
207,-1.209,0.583,1
210,-0.093,0.322,1
213,-0.263,0.346,1
216,-1.209,0.583,1
217,-1.209,0.583,1
218,0.951,0.246,1
219,-0.584,0.413,1
221,-0.672,0.425,1
222,0.163,0.29,1
226,-0.086,0.329,1
228,1.014,0.236,1
230,-1.209,0.583,1
231,0.203,0.322,1
232,1.298,0.228,1
234,-0.174,0.346,1
237,-0.247,0.346,1
238,0.476,0.275,1
239,0.307,0.283,1
242,-0.991,0.518,1
243,1.331,0.22,1
244,-1.209,0.583,1
245,0.629,0.264,1
246,-0.846,0.474,1
248,0.409,0.277,1
249,-0.148,0.332,1
250,0.355,0.273,1
252,0.576,0.339,1
253,-1.209,0.583,1
258,-0.183,0.339,1
263,0.782,0.25,1
264,-0.695,0.431,1
267,0.623,0.272,1
269,0.344,0.285,1
271,0.425,0.262,1
272,-0.458,0.381,1
274,2.052,0.21,1
275,-1.209,0.583,1
276,-0.622,0.41,1
277,1.465,0.224,1
278,0.281,0.286,1
279,-0.073,0.311,1
280,-0.01,0.324,1
285,0.288,0.282,1
287,-0.089,0.336,1
288,-1.209,0.583,1
289,0.681,0.258,1
291,-0.223,0.341,1
292,1.029,0.24,1
293,-1.209,0.583,1
294,-1.209,0.583,1
295,0.604,0.264,1
296,0.188,0.29,1
297,-0.11,0.332,1
298,-0.191,0.34,1
299,0.343,0.276,1
301,0.701,0.235,1
304,-1.209,0.583,1
312,-1.209,0.583,1
313,0.758,0.244,1
315,-1.209,0.583,1
317,0.255,0.287,1
318,1.08,0.24,1
319,0.91,0.241,1
320,-1.209,0.583,1
321,-1.209,0.583,1
322,2.329,0.209,1
324,0.14,0.301,1
325,0.679,0.25,1
326,1.353,0.225,1
327,0.097,0.307,1
331,0.042,0.318,2
333,-1.209,0.583,2
335,0.749,0.26,2
336,0.584,0.263,2
339,-1.209,0.583,2
340,1.99,0.212,2
341,0.415,0.282,2
342,-0.066,0.311,2
343,-0.238,0.348,2
344,-1.209,0.583,2
345,-0.622,0.41,2
346,-0.625,0.409,2
347,-1.209,0.583,2
348,-0.082,0.328,2
349,-0.846,0.474,2
352,0.911,0.246,2
353,0.467,0.278,2
354,-0.991,0.518,2
357,2.142,0.206,2
358,-0.616,0.427,2
359,-0.044,0.323,2
360,0.958,0.247,2
361,-0.735,0.439,2
362,0.321,0.282,2
364,-1.209,0.583,2
366,0.517,0.275,2
367,1.225,0.226,2
368,0.764,0.248,2
369,-1.209,0.583,2
371,1.473,0.215,2
372,0.363,0.277,2
373,-0.62,0.425,2
374,0.393,0.258,2
375,-0.991,0.518,2
376,-0.304,0.36,2
377,-0.264,0.337,2
378,-1.209,0.583,2
379,0.321,0.284,2
380,0.015,0.316,2
381,-1.209,0.583,2
384,0.007,0.316,2
385,-0.573,0.412,2
386,0.125,0.309,2
388,0.419,0.284,2
389,0.263,0.282,2
390,0.12,0.302,2
391,0.061,0.319,2
393,0.648,0.255,2
394,-0.182,0.345,2
395,-0.213,0.346,2
396,-0.469,0.389,2
397,0.197,0.303,2
398,-0.086,0.329,2
399,0.976,0.242,2
401,-0.123,0.317,2
402,-0.824,0.465,2
403,1.001,0.229,2
404,-0.204,0.341,2
405,0.654,0.263,2
407,2.578,0.21,2
408,-0.142,0.324,2
409,-0.182,0.345,2
410,0.488,0.264,2
412,0.856,0.245,2
413,-0.298,0.357,2
414,-1.209,0.583,2
415,-0.177,0.336,2
417,-0.991,0.518,2
421,0.486,0.269,2
423,0.057,0.295,2
425,0.211,0.285,2
426,-0.287,0.354,2
427,1.708,0.209,2
428,-0.16,0.339,2
429,0.188,0.294,2
430,0.298,0.299,2
438,-0.991,0.518,2
441,-0.034,0.319,2
442,-0.459,0.385,2
443,0.08,0.313,2
444,1.371,0.221,2
445,-0.31,0.354,2
446,0.58,0.261,2
448,-0.846,0.474,2
450,-0.006,0.316,2
451,0.627,0.253,2
452,-0.088,0.328,2
453,0.774,0.246,2
454,0.353,0.283,2
455,1.575,0.219,2
458,0.225,0.292,2
459,-0.171,0.335,2
460,0.451,0.281,2
461,0.72,0.259,2
462,1.634,0.211,2
464,-0.378,0.37,2
465,-1.209,0.583,2
470,-0.362,0.371,2
472,0.215,0.299,2
473,0.15,0.291,2
475,0.155,0.294,2
479,-0.357,0.359,2
480,0.772,0.25,2
481,-0.089,0.324,2
482,-1.209,0.583,2
483,0.321,0.289,2
484,-0.233,0.341,2
489,-0.62,0.425,2
491,-0.474,0.393,2
493,1.436,0.218,2
495,1.186,0.236,2
496,0.568,0.265,2
499,-0.216,0.346,2
500,0.401,0.277,2
503,0.57,0.262,2
504,0.572,0.268,2
505,-0.652,0.416,2
506,-1.209,0.583,2
510,-1.209,0.583,2
514,0.04,0.315,2
515,-0.182,0.342,2
516,0.558,0.272,2
517,-0.824,0.465,2
518,0.524,0.266,2
519,1.161,0.233,2
522,-1.209,0.583,2
524,1.461,0.221,2
525,0.245,0.284,2
526,0.973,0.244,2
527,-0.553,0.388,2
528,1.436,0.213,2
531,0.698,0.248,2
532,0.834,0.249,2
533,0.908,0.248,2
534,-0.991,0.518,2
535,0.251,0.291,2
536,0.15,0.322,2
537,-0.991,0.518,2
538,1.207,0.231,2
539,-0.689,0.428,2
541,-1.209,0.583,2
544,0.729,0.26,2
545,0.021,0.319,2
550,0.492,0.271,2
552,0.945,0.237,2
557,1.338,0.217,2
558,0.877,0.246,2
560,1.186,0.231,2
561,-0.448,0.378,2
562,0.331,0.288,2
564,-1.209,0.583,2
565,-0.669,0.421,2
566,0.396,0.283,2
568,0.973,0.231,2
573,-0.384,0.362,2
575,-0.388,0.38,2
578,0.155,0.281,2
579,-0.695,0.431,2
582,-0.323,0.356,2
583,0.662,0.261,2
584,-1.209,0.583,2
585,-0.049,0.324,2
586,-0.846,0.474,2
587,-1.209,0.583,2
588,0.204,0.297,2
589,-0.442,0.378,2
590,-1.209,0.583,2
593,-0.824,0.465,2
595,-0.461,0.381,2
598,-0.565,0.429,2
599,-1.209,0.583,2
600,-0.285,0.359,2
602,-0.672,0.425,2
603,0.438,0.277,2
604,0.024,0.309,2
605,0.282,0.278,2
610,0.972,0.242,2
611,0.401,0.276,2
613,-1.209,0.583,2
614,1.545,0.219,2
616,-0.448,0.378,2
617,0.959,0.243,2
619,-1.209,0.583,2
622,-0.421,0.386,2
623,0.78,0.249,2
625,-0.824,0.465,2
626,0.941,0.242,2
627,0.234,0.29,2
628,-0.991,0.518,2
629,0.629,0.261,2
632,-1.209,0.583,2
634,0.082,0.3,2
635,0.92,0.225,2
636,0.295,0.296,2
637,-0.18,0.333,2
640,0.848,0.255,2
643,-1.209,0.583,2
646,0.16,0.303,2
647,-0.683,0.435,2
648,-0.225,0.346,2
649,0.095,0.309,2
650,0.084,0.294,2
651,-0.672,0.425,2
653,0.203,0.303,2
656,-0.135,0.337,2
657,0.011,0.308,3
658,1.057,0.226,3
659,1.035,0.24,3
660,-0.042,0.332,3
661,1.587,0.217,3
662,-0.332,0.363,3
663,-1.209,0.583,3
664,-0.765,0.448,3
666,-0.445,0.364,3
667,-0.245,0.348,3
668,0.209,0.283,3
669,-0.131,0.329,3
671,0.319,0.284,3
672,1.311,0.227,3
674,0.095,0.309,3
675,-1.209,0.583,3
676,0.624,0.25,3
677,-1.209,0.583,3
679,0.541,0.259,3
680,1.796,0.208,3
682,-0.622,0.41,3
683,0.145,0.313,3
685,-0.117,0.319,3
686,-0.125,0.333,3
687,0.715,0.248,3
688,0.445,0.275,3
690,0.262,0.286,3
691,0.728,0.252,3
692,-0.179,0.338,3
693,0.699,0.255,3
694,-1.209,0.583,3
697,-0.683,0.435,3
699,0.989,0.24,3
700,-1.209,0.583,3
701,-0.846,0.474,3
702,0.94,0.226,3
703,1.352,0.209,3
704,0.507,0.274,3
705,0.639,0.256,3
706,1.647,0.207,3
707,-0.227,0.342,3
710,-1.209,0.583,3
711,-0.182,0.339,3
713,1.515,0.22,3
717,0.103,0.296,3
718,1.22,0.217,3
719,0.413,0.279,3
720,0.81,0.248,3
721,0.61,0.267,3
722,-0.634,0.421,3
723,-1.209,0.583,3
726,-1.209,0.583,3
727,0.265,0.285,3
728,0.906,0.243,3
729,-0.204,0.344,3
732,-0.651,0.416,3
734,-0.539,0.396,3
735,0.43,0.28,3
737,1.54,0.235,3
739,-0.448,0.379,3
740,-1.209,0.583,3
741,-0.129,0.327,3
742,-0.081,0.335,3
743,-0.991,0.518,3
744,0.658,0.264,3
745,0.289,0.274,3
746,0.024,0.307,3
747,-0.004,0.309,3
751,0.249,0.299,3
753,0.588,0.263,3
754,0.236,0.294,3
760,0.043,0.307,3
761,0.85,0.247,3
762,0.248,0.306,3
763,0.725,0.25,3
764,-0.082,0.328,3
765,0.158,0.301,3
767,0.139,0.297,3
769,-1.209,0.583,3
770,0.164,0.281,3
771,0.523,0.267,3
772,-0.651,0.416,3
773,-1.209,0.583,3
774,0.334,0.271,3
776,0.525,0.259,3
780,0.947,0.231,3
781,-0.847,0.483,3
783,-0.386,0.397,3
784,0.355,0.277,3
785,0.588,0.27,3
787,-0.609,0.414,3
789,-0.123,0.334,3
791,-0.512,0.404,3
796,-0.53,0.397,3
798,-0.652,0.416,3
799,2.198,0.207,3
800,-0.243,0.353,3
802,0.29,0.287,3
803,0.305,0.289,3
804,0.045,0.317,3
805,-0.013,0.321,3
806,-0.448,0.378,3
807,-0.321,0.361,3
809,1.758,0.217,3
810,-0.072,0.325,3
811,-1.209,0.583,3
812,0.758,0.251,3
813,0.095,0.295,3
814,0.81,0.257,3
815,1.23,0.229,3
816,-0.911,0.516,3
817,0.625,0.245,3
820,1.938,0.21,3
821,-0.507,0.388,3
822,0.332,0.285,3
824,0.604,0.256,3
826,-1.209,0.583,3
827,-0.332,0.363,3
828,-0.584,0.413,3
830,-1.209,0.583,3
831,0.231,0.279,3
833,-0.824,0.465,3
835,-0.846,0.474,3
838,-0.374,0.37,3
839,-1.209,0.583,3
840,0.576,0.256,3
841,-0.573,0.412,3
842,0.7,0.246,3
843,-1.209,0.583,3
844,-1.209,0.583,3
845,1.961,0.208,3
846,0.227,0.284,3
847,0.671,0.265,3
848,-0.132,0.323,3
849,0.808,0.25,3
850,0.445,0.276,3
851,-0.209,0.347,3
852,-0.118,0.326,3
853,-1.209,0.583,3
854,-0.424,0.377,3
855,-0.285,0.359,3
856,2.427,0.207,3
858,0.809,0.248,3
859,0.904,0.246,3
860,-0.329,0.363,3
862,-0.622,0.41,3
863,1.149,0.224,3
865,2.049,0.21,3
866,1.118,0.234,3
867,2.422,0.205,3
868,2.043,0.204,3
869,0.853,0.251,3
870,0.676,0.263,3
871,0.315,0.291,3
872,0.122,0.307,3
873,-1.209,0.583,3
874,0.211,0.293,3
875,-0.846,0.474,3
876,0.989,0.241,3
880,0.558,0.255,3
882,0.719,0.258,3
883,-0.043,0.321,3
885,-0.424,0.376,3
888,-0.323,0.356,3
889,-1.209,0.583,3
890,-1.209,0.583,3
10177,-0.189,0.334,3
892,0.228,0.302,3
896,-0.005,0.311,3
897,0.451,0.277,3
898,-1.209,0.583,3
899,1.255,0.226,3
900,-1.209,0.583,3
901,-0.652,0.416,3
903,0.161,0.297,3
904,-1.209,0.583,3
906,1.285,0.222,3
910,-1.209,0.583,3
911,-0.614,0.405,3
912,1.454,0.219,3
913,-1.209,0.583,3
914,0.534,0.264,3
915,-0.991,0.518,3
917,-1.209,0.583,3
919,0.73,0.254,3
922,0.546,0.258,3
923,-0.019,0.315,3
924,0.77,0.255,3
925,1.151,0.229,3
926,-1.209,0.583,3
927,2.531,0.207,3
928,-1.209,0.583,3
929,0.066,0.288,3
930,1.076,0.236,3
932,1.177,0.235,3
933,0.448,0.261,3
934,-0.991,0.518,3
935,-0.469,0.389,3
936,0.206,0.297,3
937,-1.209,0.583,3
938,0.653,0.249,3
10184,0.832,0.254,3
940,0.657,0.259,3
941,0.468,0.267,3
943,0.105,0.303,3
945,-0.991,0.518,3
946,-0.25,0.349,3
948,0.531,0.269,3
949,-0.182,0.345,3
950,2.752,0.214,3
951,-1.209,0.583,3
953,0.036,0.302,3
954,0.401,0.261,3
956,-0.424,0.377,3
957,1.803,0.214,3
958,-1.209,0.583,3
959,-0.329,0.363,3
960,-0.509,0.392,3
961,0.961,0.24,3
963,-1.209,0.583,3
964,0.288,0.285,3
965,-1.209,0.583,3
967,-0.325,0.37,3
968,0.357,0.282,3
969,0.599,0.264,3
970,-0.652,0.416,3
972,0.095,0.309,3
973,0.68,0.284,3
975,-1.209,0.583,3
976,0.204,0.293,3
977,-0.356,0.359,3
978,-0.391,0.369,3
979,-1.209,0.583,3
981,-1.209,0.583,3
982,-0.064,0.315,3
984,-0.512,0.392,3
985,-0.584,0.413,3
986,0.065,0.304,3
987,-0.328,0.358,3
988,1.087,0.242,3
989,-1.209,0.583,3
990,0.954,0.234,3
991,-0.846,0.474,3
992,0.911,0.235,3
993,3.599,0.269,3
994,-0.06,0.316,3
10019,-0.384,0.362,4
998,0.311,0.265,4
10100,0.438,0.267,4
10153,-1.209,0.583,4
10023,0.968,0.264,4
10033,0.073,0.31,4
1003,0.77,0.252,4
10001,-0.622,0.41,4
10107,-0.208,0.344,4
10187,0.254,0.289,4
1008,0.705,0.261,4
10014,0.04,0.315,4
10136,0.99,0.239,4
10137,-0.175,0.337,4
10018,0.783,0.248,4
1019,0.841,0.222,4
10148,1.585,0.213,4
1022,-1.209,0.583,4
1025,0.684,0.255,4
10128,1.625,0.222,4
1027,-0.108,0.33,4
1028,-0.669,0.421,4
10115,1.035,0.24,4
10021,-0.063,0.314,4
10185,0.175,0.291,4
10237,0.638,0.264,4
1035,-0.036,0.325,4
10047,-0.469,0.389,4
10064,0.252,0.285,4
1039,-1.209,0.583,4
10015,-0.846,0.474,4
1041,0.607,0.251,4
10011,-0.614,0.405,4
10152,-0.328,0.358,4
10034,1.32,0.229,4
1048,0.296,0.278,4
10050,-0.418,0.379,4
1050,-0.616,0.427,4
1053,-0.689,0.428,4
1054,-0.004,0.307,4
10089,0.828,0.252,4
1056,2.144,0.207,4
10055,-1.209,0.583,4
1058,0.756,0.253,4
1059,-0.458,0.382,4
10032,0.04,0.315,4
10039,-0.991,0.518,4
1063,-1.209,0.583,4
10012,-0.329,0.363,4
10063,-0.538,0.396,4
10170,-1.209,0.583,4
10084,0.535,0.268,4
10046,-0.509,0.392,4
10027,-0.243,0.353,4
1071,-1.209,0.583,4
1072,0.569,0.267,4
1074,0.254,0.277,4
10009,-0.474,0.393,4
10083,0.135,0.302,4
10085,-0.652,0.416,4
10077,0.208,0.3,4
10004,0.401,0.277,4
10104,-1.209,0.583,4
10081,-0.315,0.359,4
10054,0.438,0.279,4
10076,1.539,0.21,4
10036,0.563,0.246,4
10078,1.407,0.222,4
10088,0.515,0.259,4
10030,0.486,0.259,4
1091,-1.209,0.583,4
10005,-1.209,0.583,4
10114,-0.243,0.353,4
10090,1.144,0.233,4
1099,-0.09,0.32,4
10164,0.48,0.275,4
10190,-0.824,0.465,4
1104,-0.266,0.353,4
1105,0.626,0.266,4
10010,0.594,0.269,4
1108,0.908,0.237,4
10201,-0.424,0.376,4
1110,0.341,0.288,4
1111,-0.622,0.41,4
10154,1.836,0.215,4
10003,0.942,0.245,4
10075,-0.263,0.343,4
10176,0.11,0.301,4
10038,0.289,0.28,4
10053,0.661,0.257,4
10116,-1.209,0.583,4
1122,-1.209,0.583,4
10236,0.219,0.305,4
10096,1.556,0.211,4
10043,-0.991,0.518,4
1128,-0.13,0.33,4
10127,-0.622,0.41,4
10173,-0.503,0.402,4
1133,1.548,0.22,4
1134,-1.209,0.583,4
1135,1.026,0.236,4
10210,0.301,0.274,4
1139,-1.209,0.583,4
10022,-0.847,0.483,4
1143,0.446,0.267,4
10026,-1.209,0.583,4
10188,0.516,0.271,4
1146,-0.082,0.328,4
1147,-1.209,0.583,4
1148,-0.499,0.404,4
1149,0.255,0.294,4
10007,1.551,0.222,4
1152,0.285,0.287,4
10079,-0.846,0.474,4
10159,1.311,0.22,4
1155,-1.209,0.583,4
1156,0.091,0.322,4
10131,0.804,0.244,4
10218,-0.538,0.396,4
10120,0.435,0.277,4
1161,1.004,0.242,4
10125,1.882,0.208,4
1163,1.44,0.219,4
10008,-0.038,0.325,4
10146,1.155,0.228,4
1168,0.665,0.263,4
10130,-1.209,0.583,4
10052,1.108,0.234,4
1173,-0.689,0.428,4
1175,-0.355,0.372,4
10141,-0.824,0.465,4
1179,-0.038,0.329,4
10095,0.239,0.309,4
10045,0.507,0.269,4
10037,0.159,0.301,4
1183,0.002,0.312,4
1184,-0.652,0.416,4
1185,-0.824,0.465,4
10144,-0.991,0.518,4
1187,-0.104,0.327,4
1188,-0.991,0.518,4
10109,-0.991,0.518,4
10183,2.3,0.206,4
1191,-0.161,0.329,4
1193,0.067,0.306,4
1194,0.104,0.302,4
10031,0.634,0.256,4
10178,0.216,0.297,4
10151,0.274,0.283,4
10042,-1.209,0.583,4
1199,0.234,0.294,4
10117,1.149,0.235,4
10099,-1.209,0.583,4
1204,0.536,0.253,4
10020,-1.209,0.583,4
10069,-0.672,0.425,4
10145,-0.459,0.385,4
10066,-0.127,0.322,4
10025,0.789,0.246,4
10110,0.153,0.305,4
10056,1.043,0.237,4
1213,0.076,0.298,4
1214,-0.672,0.425,4
10098,0.045,0.317,4
10057,-0.672,0.425,4
10006,-1.209,0.583,4
1219,-1.209,0.583,4
10126,0.772,0.253,4
1223,0.041,0.309,4
10073,-1.209,0.583,4
10060,0.341,0.269,4
10062,-0.433,0.379,4
10142,-0.991,0.518,4
1229,0.442,0.261,4
1230,1.082,0.231,4
10065,0.441,0.275,4
10061,-1.209,0.583,4
10103,-0.824,0.465,4
1236,-1.209,0.583,4
1237,0.175,0.297,4
1238,0.674,0.265,4
10051,0.615,0.262,4
1240,1.584,0.211,4
1244,-0.356,0.364,4
10213,0.095,0.309,4
10093,0.307,0.284,4
10092,-0.179,0.338,4
10149,0.914,0.238,4
10041,0.861,0.249,4
1252,-1.209,0.583,4
10070,-0.651,0.416,4
1255,0.736,0.253,4
1256,0.04,0.308,4
1257,1.817,0.205,4
1260,0.698,0.245,4
1262,-0.7,0.441,4
10059,-0.846,0.474,4
1264,1.115,0.235,4
1266,0.657,0.258,4
10068,-0.287,0.356,4
1268,-1.209,0.583,4
10058,0.885,0.248,4
1271,0.524,0.256,4
1272,0.131,0.302,4
1273,-0.824,0.465,4
10168,0.309,0.279,4
1276,0.556,0.261,4
10035,0.845,0.233,4
1278,0.436,0.262,4
10172,-0.584,0.413,4
10186,1.183,0.232,4
1281,0.748,0.256,4
10016,-0.652,0.427,4
10002,0.561,0.257,4
10040,-1.209,0.583,4
10080,-0.7,0.441,4
10071,-0.652,0.416,4
10191,0.917,0.243,4
1288,1.403,0.22,4
1289,-0.991,0.518,4
1290,-0.652,0.417,4
10028,-0.371,0.374,4
10086,-0.469,0.389,4
10017,0.764,0.251,4
10067,-0.053,0.324,4
1297,-1.209,0.583,4
1299,0.195,0.299,4
10049,-0.991,0.518,4
10072,0.401,0.275,4
1304,-1.209,0.583,4
1306,0.077,0.303,4
10155,-0.293,0.361,4
1309,-0.765,0.448,4
10121,1.754,0.207,4
10087,-0.042,0.323,4
10029,-0.609,0.414,4
10044,-0.991,0.518,4
1316,-0.824,0.465,4
1317,0.533,0.261,4
1318,-1.209,0.583,4
1321,-0.991,0.518,4
1322,-0.065,0.325,5
1323,-1.209,0.583,5
1324,-1.205,0.584,5
1325,-0.846,0.474,5
1327,-0.176,0.337,5
1328,-0.991,0.518,5
1329,-0.671,0.437,5
1332,-0.113,0.325,5
1333,0.2,0.301,5
1335,-1.209,0.583,5
1336,-0.06,0.316,5
1337,0.44,0.268,5
1338,1.453,0.216,5
1341,1.251,0.222,5
1342,-0.683,0.435,5
1343,0.835,0.251,5
1344,0.34,0.282,5
1345,0.967,0.232,5
1346,0.316,0.286,5
1348,1.572,0.22,5
1349,0.219,0.372,5
1350,-1.209,0.583,5
1351,-0.284,0.35,5
1353,-0.354,0.367,5
1354,0.335,0.289,5
1355,0.738,0.247,5
1356,-0.991,0.518,5
1357,-0.082,0.328,5
1358,0.12,0.294,5
1359,0.752,0.257,5
1360,-0.065,0.315,5
1363,0.376,0.276,5
1364,0.373,0.281,5
1365,-0.846,0.474,5
1366,-0.273,0.348,5
1368,-1.209,0.583,5
1369,-0.042,0.315,5
1370,-1.209,0.583,5
1371,-0.991,0.518,5
1374,-1.209,0.583,5
1375,0.269,0.284,5
1376,0.689,0.26,5
1377,-0.159,0.326,5
1379,0.315,0.283,5
1380,0.474,0.285,5
1383,0.04,0.315,5
1384,-1.209,0.583,5
1385,0.092,0.292,5
1386,-0.846,0.474,5
1387,-0.108,0.331,5
1390,0.065,0.305,5
1392,-0.082,0.328,5
1393,0.346,0.276,5
1396,0.219,0.296,5
1397,-0.231,0.341,5
1398,-1.209,0.583,5
1400,-0.072,0.32,5
1401,-0.328,0.358,5
1402,-1.209,0.583,5
1403,0.827,0.252,5
1404,-0.7,0.441,5
1407,-0.991,0.518,5
1408,-0.991,0.518,5
1410,-0.002,0.32,5
1411,-1.209,0.583,5
1413,0.864,0.246,5
1416,1.598,0.218,5
1417,-0.846,0.474,5
1418,0.209,0.275,5
1421,1.513,0.221,5
1422,-0.652,0.416,5
1426,0.731,0.251,5
1427,1.099,0.22,5
1428,2.295,0.208,5
1430,0.62,0.268,5
1431,-0.991,0.518,5
1432,-1.209,0.583,5
1437,0.876,0.248,5
1439,-0.329,0.363,5
1440,-1.209,0.583,5
1441,-0.458,0.382,5
1442,0.497,0.274,5
1443,-0.547,0.41,5
1445,-0.469,0.389,5
1447,1.056,0.238,5
1448,-0.264,0.337,5
1449,0.174,0.277,5
1450,-1.209,0.583,5
1451,-0.324,0.356,5
1452,-0.199,0.342,5
1453,0.099,0.306,5
1454,0.642,0.261,5
1455,0.977,0.242,5
1456,-1.209,0.583,5
1457,1.267,0.23,5
1459,-0.824,0.465,5
1462,-1.209,0.583,5
1463,-0.7,0.441,5
1464,0.954,0.239,5
1465,-1.209,0.583,5
1469,0.262,0.289,5
1470,-0.056,0.323,5
1471,-0.553,0.388,5
1475,0.539,0.268,5
1476,0.063,0.305,5
1478,0.899,0.248,5
1479,0.198,0.294,5
1482,0.004,0.319,5
1484,0.422,0.273,5
1487,-0.695,0.431,5
1489,0.063,0.303,5
1490,-1.209,0.583,5
1493,0.087,0.296,5
1497,2.061,0.21,5
1499,0.559,0.267,5
1501,0.688,0.263,5
1502,0.181,0.3,5
1503,1.185,0.234,5
1505,0.618,0.266,5
1507,1.491,0.22,5
1508,-1.209,0.583,5
1509,-0.765,0.448,5
1510,-1.209,0.583,5
1511,-0.178,0.338,5
1512,0.357,0.283,5
1513,-0.846,0.474,5
1515,-0.609,0.414,5
1518,1.065,0.235,5
1519,0.027,0.315,5
1521,0.708,0.258,5
1522,-0.181,0.339,5
1524,-1.209,0.583,5
1525,1.005,0.241,5
1526,-0.035,0.307,5
1527,-0.289,0.348,5
1528,-1.209,0.583,5
1530,0.344,0.276,5
1532,1.367,0.224,5
1535,-0.991,0.518,5
1537,1.118,0.238,5
1538,1.335,0.228,5
1542,-1.209,0.583,5
1545,1.517,0.213,5
1548,-1.209,0.583,5
1549,0.152,0.284,5
1550,0.972,0.243,5
1551,0.607,0.257,5
1552,1.385,0.224,5
1553,-0.991,0.518,5
1554,-0.097,0.329,5
1555,0.978,0.24,5
1557,-0.584,0.413,5
1558,0.969,0.235,5
1561,-0.161,0.329,5
1563,-1.209,0.583,5
1566,0.444,0.272,5
1567,-1.209,0.583,5
1569,0.382,0.27,5
1571,0.743,0.26,5
1572,0.809,0.255,5
1573,-1.209,0.583,5
1576,0.89,0.244,5
1577,-0.105,0.337,5
1579,-1.209,0.583,5
1582,-1.209,0.583,5
1583,2.333,0.209,5
1586,0.463,0.262,5
1587,-0.448,0.378,5
1588,-0.651,0.416,5
1589,0.965,0.239,5
1591,1.708,0.214,5
1592,-1.209,0.583,5
1594,0.071,0.31,5
1597,0.934,0.247,5
1598,0.354,0.289,5
1599,-0.153,0.33,5
1601,-1.209,0.583,5
1604,-0.7,0.441,5
1605,0.122,0.291,5
1607,-1.209,0.583,5
1609,0.157,0.3,5
1610,-0.108,0.332,5
1612,-1.209,0.583,5
1614,1.086,0.237,5
1616,-0.735,0.439,5
1619,-1.209,0.583,5
1620,0.373,0.281,5
1622,0.707,0.243,5
1623,-0.539,0.397,5
1624,1.235,0.232,5
1627,-0.437,0.376,5
1630,-0.019,0.316,5
1632,0.068,0.303,5
1635,-0.735,0.439,5
1636,0.354,0.281,5
1638,-1.209,0.583,5
1639,-0.366,0.367,5
1641,0.16,0.294,5
1642,0.335,0.274,5
1644,-1.209,0.583,5
1647,0.587,0.266,5
1649,0.674,0.262,5
1650,-0.991,0.518,5
1652,1.708,0.219,5
1655,-1.209,0.583,5
1656,-1.209,0.583,5
1657,-0.182,0.338,5
1659,1.135,0.238,5
1660,1.426,0.225,5
1664,-0.09,0.328,6
1666,-1.209,0.583,6
1667,-1.209,0.583,6
1668,0.487,0.267,6
1670,0.663,0.266,6
1671,-1.209,0.583,6
1672,1.87,0.208,6
1675,0.71,0.244,6
1676,0.628,0.259,6
1677,-0.622,0.41,6
1679,-0.614,0.405,6
1680,0.5,0.267,6
1681,0.274,0.285,6
1682,-0.509,0.392,6
1683,0.883,0.245,6
1685,0.56,0.255,6
1686,1.447,0.219,6
1687,1.08,0.237,6
1690,0.603,0.254,6
1691,-0.085,0.322,6
1692,-1.209,0.583,6
1694,-0.086,0.316,6
1696,0.599,0.266,6
1697,0.596,0.263,6
1698,-0.824,0.465,6
1699,0.358,0.28,6
1701,0.287,0.285,6
1702,-0.424,0.377,6
1703,-0.584,0.413,6
1704,0.924,0.241,6
1706,-0.683,0.435,6
1710,0.036,0.31,6
1711,1.56,0.219,6
1712,1.477,0.219,6
1713,1.91,0.211,6
1714,0.381,0.27,6
1716,-0.991,0.518,6
1719,1.034,0.237,6
1720,-1.209,0.583,6
1721,-0.044,0.315,6
1722,-0.167,0.336,6
1723,0.995,0.244,6
1724,-0.367,0.352,6
1725,-0.672,0.425,6
1726,-0.622,0.41,6
1727,-0.584,0.413,6
1728,0.039,0.303,6
1730,-0.263,0.346,6
1731,0.505,0.266,6
1734,-0.652,0.416,6
1735,-1.209,0.583,6
1736,1.41,0.21,6
1739,-0.07,0.317,6
1742,-1.209,0.583,6
1744,-0.509,0.392,6
1745,0.298,0.279,6
1746,-1.209,0.583,6
1748,-0.015,0.323,6
1749,-0.991,0.518,6
1751,1.795,0.214,6
1752,0.675,0.25,6
1753,1.161,0.225,6
1754,0.003,0.308,6
1756,0.489,0.275,6
1757,0.891,0.241,6
1758,-0.015,0.323,6
1759,-0.082,0.328,6
1760,0.561,0.259,6
1761,-1.209,0.583,6
1762,-0.824,0.465,6
1764,1.192,0.235,6
1765,-1.209,0.583,6
1767,-1.209,0.583,6
1769,-0.203,0.339,6
1772,-1.209,0.583,6
1773,0.352,0.287,6
1775,0.05,0.303,6
1776,0.012,0.304,6
1777,-0.203,0.335,6
1779,1.282,0.226,6
1780,1.318,0.228,6
1781,2.461,0.21,6
1782,-0.553,0.405,6
1783,-1.209,0.583,6
1784,0.255,0.294,6
1785,-0.458,0.381,6
1786,0.985,0.24,6
1787,1.866,0.257,6
1788,-0.241,0.346,6
1789,-1.209,0.583,6
1790,0.073,0.287,6
1791,0.685,0.242,6
1793,-0.991,0.518,6
1794,-1.209,0.583,6
1796,-0.652,0.416,6
1797,1.846,0.204,6
1798,0.734,0.253,6
1799,-0.539,0.396,6
1801,0.023,0.322,6
1802,0.382,0.284,6
1803,-0.457,0.382,6
1804,0.289,0.285,6
1806,-0.355,0.365,6
1807,1.286,0.226,6
1808,1.117,0.233,6
1809,0.612,0.264,6
1810,0.756,0.248,6
1811,0.499,0.285,6
1812,0.301,0.281,6
1813,-0.086,0.329,6
1815,-0.539,0.396,6
1816,-0.846,0.474,6
1817,0.247,0.285,6
1820,2.014,0.204,6
1821,0.084,0.308,6
1822,-0.622,0.41,6
1823,1.176,0.233,6
1826,0.037,0.3,6
1827,1.733,0.212,6
1828,-1.209,0.583,6
1829,-0.765,0.448,6
1831,-0.287,0.354,6
1832,0.34,0.285,6
1836,-1.209,0.583,6
1837,-1.209,0.583,6
1838,-0.584,0.413,6
1841,0.644,0.249,6
1842,0.501,0.275,6
1843,2.334,0.205,6
1845,-0.086,0.317,6
1846,-1.209,0.583,6
1847,0.028,0.312,6
1848,0.944,0.244,6
1849,-0.991,0.518,6
1850,-0.282,0.345,6
1851,0.707,0.263,6
1852,-0.397,0.367,6
1853,-0.368,0.361,6
1854,-0.182,0.345,6
1855,-1.209,0.583,6
1856,0.192,0.298,6
1857,-0.243,0.353,6
1858,-0.683,0.435,6
1859,-1.209,0.583,6
1860,-0.991,0.518,6
1861,-0.991,0.518,6
1862,-0.538,0.396,6
1863,0.249,0.288,6
1866,-0.538,0.396,6
1867,-0.085,0.333,6
1868,-0.289,0.354,6
1870,0.747,0.256,6
1872,0.378,0.274,6
1873,0.731,0.247,6
1874,0.667,0.254,6
1875,-0.459,0.385,6
1876,-0.03,0.311,6
1883,-1.209,0.583,6
1884,-0.824,0.465,6
1885,-0.081,0.33,6
1886,-0.209,0.35,6
1890,1.978,0.21,6
1891,-0.082,0.328,6
1892,0.075,0.308,6
1894,0.787,0.258,6
1895,0.422,0.262,6
1896,1.619,0.213,6
1897,-1.209,0.583,6
1898,-1.209,0.583,6
1899,-0.847,0.483,6
1900,1.392,0.213,6
1901,0.133,0.298,6
1903,1.301,0.228,6
1904,-0.135,0.329,6
1905,2.152,0.205,6
1906,0.69,0.262,6
1907,-1.209,0.583,6
1908,0.62,0.254,6
1909,1.536,0.22,6
1910,-0.683,0.435,6
1911,-0.266,0.349,6
1912,1.48,0.228,6
1913,0.051,0.298,6
1915,-0.099,0.327,6
1916,1.094,0.226,6
1919,0.367,0.264,6
1920,0.969,0.237,6
1921,-0.846,0.474,6
1922,1.438,0.222,6
1923,0.619,0.261,6
1924,1.064,0.221,6
1925,-0.132,0.329,6
1926,1.112,0.289,6
1927,-0.267,0.338,6
1929,0.201,0.299,6
1930,-1.209,0.583,6
1932,-0.991,0.518,6
1934,0.491,0.269,6
1935,0.225,0.291,6
1936,-0.683,0.435,6
1937,0.495,0.251,6
1938,-0.683,0.435,6
1939,0.949,0.241,6
1941,-1.209,0.583,6
1942,0.38,0.28,6
1943,0.931,0.237,6
1945,0.171,0.289,6
1946,-1.209,0.583,6
1947,-0.846,0.474,6
1948,0.397,0.271,6
1949,0.361,0.268,6
1951,-0.424,0.376,6
1952,-0.329,0.363,6
1953,-0.683,0.435,6
1954,-0.651,0.416,6
1955,0.967,0.243,6
1958,1.053,0.233,6
1959,-0.183,0.339,6
1960,0.597,0.273,6
1961,1.071,0.232,6
1962,-0.06,0.324,6
1964,-0.252,0.341,6
1965,2.252,0.208,6
1966,-0.669,0.421,6
1967,0.475,0.271,6
1968,1.609,0.221,6
1969,0.841,0.249,6
1970,-0.471,0.385,6
1971,-0.199,0.342,6
1972,2.178,0.204,6
1973,1.292,0.227,6
1974,-0.553,0.388,6
1975,1.536,0.218,6
1976,-0.512,0.392,6
1978,-1.209,0.583,6
1981,-1.209,0.583,6
1982,0.307,0.291,6
1984,-1.209,0.583,6
1985,-0.824,0.465,6
1987,-0.991,0.518,6
1989,-0.04,0.323,6
1990,-0.458,0.383,6
1991,0.252,0.283,6
1992,0.142,0.292,6
1993,-0.018,0.316,6
1994,0.838,0.247,6
1995,-0.082,0.325,6
1996,0.007,0.314,6
1997,1.583,0.215,6
1998,1.201,0.237,6
1999,0.503,0.259,6
2000,-1.209,0.583,6
2001,-1.209,0.583,7
2002,-1.209,0.583,7
2004,-0.339,0.366,7
2005,1.098,0.237,7
2006,2.212,0.204,7
2007,0.832,0.237,7
2009,0.5,0.266,7
2010,-0.421,0.386,7
2011,-0.243,0.359,7
2012,-0.172,0.331,7
2013,1.53,0.215,7
2014,0.113,0.306,7
2016,1.286,0.229,7
2020,1.765,0.211,7
2021,-0.448,0.378,7
2022,0.298,0.284,7
2024,-0.846,0.474,7
2026,1.641,0.21,7
2027,-1.209,0.583,7
2029,-0.254,0.346,7
2030,-1.209,0.583,7
2031,-0.991,0.518,7
2032,-0.991,0.518,7
2033,-0.283,0.353,7
2034,-0.227,0.337,7
2035,0.869,0.238,7
2036,-0.53,0.397,7
2039,-0.553,0.388,7
2040,-0.153,0.333,7
2041,1.698,0.211,7
2042,0.082,0.3,7
2043,0.299,0.289,7
2044,-0.824,0.465,7
2045,1.012,0.238,7
2050,0.937,0.242,7
2051,0.897,0.234,7
2052,-0.03,0.324,7
2053,2.308,0.209,7
2054,0.08,0.308,7
2056,-1.209,0.583,7
2057,-0.7,0.441,7
2058,-0.183,0.338,7
2059,1.074,0.229,7
2061,0.489,0.274,7
2062,0.723,0.254,7
2063,-1.209,0.583,7
2064,0.44,0.259,7
2067,0.62,0.268,7
2068,0.5,0.27,7
2069,0.025,0.304,7
2070,1.817,0.208,7
2072,-0.166,0.339,7
2074,0.52,0.262,7
2076,1.103,0.24,7
2080,-0.824,0.465,7
2082,-1.209,0.583,7
2084,0.395,0.283,7
2085,0.475,0.277,7
2088,-1.209,0.583,7
2089,-0.241,0.343,7
2090,2.149,0.211,7
2092,1.401,0.215,7
2093,-0.672,0.425,7
2094,1.765,0.209,7
2095,0.738,0.254,7
2096,0.648,0.265,7
2097,-0.015,0.325,7
2099,-0.153,0.328,7
2100,0.774,0.247,7
2102,1.941,0.212,7
2103,0.328,0.278,7
2104,0.407,0.277,7
2105,0.268,0.291,7
2106,-0.7,0.441,7
2107,-0.584,0.413,7
2109,0.676,0.257,7
2110,0.448,0.265,7
2111,-0.765,0.448,7
2113,-0.846,0.474,7
2114,0.448,0.257,7
2115,-0.142,0.33,7
2116,0.943,0.239,7
2117,0.201,0.292,7
2118,-1.209,0.583,7
2119,-0.322,0.356,7
2120,0.816,0.252,7
2121,-0.846,0.474,7
2122,0.956,0.24,7
2123,-0.539,0.396,7
2124,-0.669,0.421,7
2126,0.917,0.248,7
2127,-0.824,0.465,7
2128,0.158,0.301,7
2129,0.555,0.271,7
2130,0.016,0.32,7
2132,0.033,0.314,7
2133,0.016,0.312,7
2134,-0.022,0.314,7
2137,-1.209,0.583,7
2138,0.441,0.274,7
2139,-0.538,0.396,7
2140,-1.209,0.583,7
2141,-0.092,0.316,7
2142,1.009,0.244,7
2144,-1.209,0.583,7
2146,-1.209,0.583,7
2148,0.993,0.225,7
2149,0.532,0.27,7
2150,0.967,0.247,7
2151,1.042,0.242,7
2152,-0.991,0.518,7
2153,0.533,0.26,7
2155,-1.209,0.583,7
2160,0.346,0.278,7
2161,0.853,0.251,7
2162,0.204,0.283,7
2163,2.529,0.211,7
2164,0.525,0.265,7
2165,-0.651,0.416,7
2168,0.569,0.264,7
2171,-1.209,0.583,7
2174,0.258,0.295,7
2175,0.534,0.266,7
2177,0.084,0.312,7
2178,-1.209,0.583,7
2179,0.146,0.296,7
2180,0.053,0.31,7
2181,-1.209,0.583,7
2183,-0.459,0.385,7
2185,0.54,0.269,7
2187,1.003,0.241,7
2188,1.129,0.236,7
2189,-0.264,0.337,7
2190,-0.082,0.328,7
2191,-0.622,0.41,7
2193,-0.096,0.328,7
2195,-0.055,0.322,7
2196,0.235,0.288,7
2199,0.035,0.309,7
2200,1.015,0.237,7
2201,1.713,0.215,7
2202,-0.622,0.41,7
2204,0.101,0.311,7
2206,-1.209,0.583,7
2207,-0.332,0.354,7
2208,1.546,0.213,7
2209,-0.651,0.416,7
2210,-0.584,0.413,7
2211,0.763,0.251,7
2212,-0.314,0.366,7
2213,0.186,0.295,7
2214,1.802,0.212,7
2217,-0.292,0.343,7
2218,0.095,0.309,7
2219,-0.07,0.327,7
2221,-1.209,0.583,7
2222,-1.209,0.583,7
2223,-0.683,0.435,7
2224,-0.824,0.465,7
2225,-0.329,0.363,7
2228,-1.209,0.583,7
2229,-0.124,0.331,7
2230,-1.209,0.583,7
2232,0.633,0.262,7
2233,0.761,0.258,7
2234,1.47,0.225,7
2236,-0.847,0.483,7
2237,-1.209,0.583,7
2238,1.437,0.217,7
2239,-1.209,0.583,7
2240,-0.37,0.362,7
2241,0.374,0.28,7
2242,-0.991,0.518,7
2243,-0.846,0.474,7
2244,0.216,0.297,7
2245,0.431,0.277,7
2246,-0.622,0.41,7
2247,0.099,0.305,7
2248,0.098,0.303,7
2249,0.684,0.253,7
2250,0.315,0.278,7
2253,0.886,0.243,7
2254,-0.245,0.348,7
2256,-0.046,0.32,7
2257,-1.206,0.585,7
2258,-0.067,0.312,7
2259,0.36,0.278,7
2262,-0.007,0.319,7
2263,1.422,0.219,7
2264,0.072,0.311,7
2265,1.236,0.224,7
2267,-0.824,0.465,7
2268,1.069,0.233,7
2269,0.56,0.261,7
2270,2.115,0.211,7
2272,0.81,0.256,7
2273,-0.071,0.323,7
2274,0.083,0.313,7
2275,-0.092,0.324,7
2277,0.023,0.317,7
2279,0.077,0.296,7
2280,-0.163,0.328,7
2282,-1.209,0.583,7
2283,2.491,0.21,7
2284,-1.209,0.583,7
2285,0.576,0.272,7
2287,-0.191,0.33,7
2288,-1.209,0.583,7
2290,1.099,0.223,7
2291,0.605,0.257,7
2293,0.825,0.245,7
2294,-0.056,0.325,7
2296,-0.203,0.339,7
2297,0.263,0.289,7
2300,-0.622,0.41,7
2301,-0.474,0.393,7
2302,-0.646,0.417,7
2303,0.603,0.268,7
2306,0.566,0.265,7
2307,-1.209,0.583,7
2308,0.347,0.27,7
2310,1.667,0.211,7
2311,0.35,0.288,7
2312,-0.622,0.41,7
2313,-0.437,0.376,7
2314,0.083,0.306,7
2315,0.42,0.275,7
2317,-0.824,0.465,7
2319,-0.329,0.363,7
2320,2.916,0.214,7
2321,-0.226,0.343,7
2322,0.478,0.276,7
2323,1.295,0.228,7
2324,0.566,0.254,7
2326,0.866,0.242,7
2327,1.127,0.233,7
2328,-0.339,0.366,8
2331,-0.616,0.427,8
2333,0.63,0.25,8
2334,-0.846,0.474,8
2337,-0.099,0.331,8
2338,-0.001,0.309,8
2340,0.331,0.277,8
2341,-0.991,0.518,8
2342,-0.509,0.392,8
2343,-1.209,0.583,8
2344,-0.846,0.474,8
2346,1.719,0.214,8
2347,1.83,0.215,8
2349,0.048,0.313,8
2350,0.129,0.298,8
2351,-1.209,0.583,8
2352,0.19,0.304,8
2353,0.852,0.253,8
2355,0.078,0.311,8
2357,-0.309,0.367,8
2358,0.637,0.27,8
2359,0.967,0.244,8
2360,0.272,0.287,8
2363,-1.209,0.583,8
2364,-1.209,0.583,8
2365,1.346,0.216,8
2366,0.144,0.3,8
2369,-0.023,0.316,8
2370,1.325,0.223,8
2371,-0.384,0.362,8
2372,0.081,0.314,8
2373,1.156,0.234,8
2374,-1.209,0.583,8
2375,-0.192,0.337,8
2378,-1.209,0.583,8
2379,0.288,0.27,8
2380,1.021,0.239,8
2381,0.889,0.242,8
2382,3.63,0.268,8
2383,1.214,0.228,8
2385,-1.209,0.583,8
2388,0.768,0.253,8
2389,-0.991,0.518,8
2392,-0.846,0.474,8
2393,0.322,0.272,8
2394,1.349,0.222,8
2395,0.676,0.255,8
2396,0.355,0.269,8
2398,-0.472,0.383,8
2399,-1.209,0.583,8
2400,1.41,0.224,8
2402,1.44,0.225,8
2403,0.227,0.285,8
2404,-0.509,0.392,8
2406,0.869,0.247,8
2408,1.4,0.228,8
2409,-1.209,0.583,8
2410,-1.209,0.583,8
2411,-0.105,0.337,8
2412,-1.209,0.583,8
2414,-1.209,0.583,8
2415,0.881,0.249,8
2416,1.634,0.217,8
2417,-1.209,0.583,8
2419,0.937,0.248,8
2420,-0.846,0.474,8
2421,-0.379,0.364,8
2422,-0.204,0.338,8
2423,-1.209,0.583,8
2425,-0.463,0.392,8
2426,0.901,0.244,8
2427,-1.209,0.583,8
2428,-0.324,0.345,8
2429,0.083,0.305,8
2431,-0.846,0.474,8
2433,-1.209,0.583,8
2434,-1.209,0.583,8
2435,1.224,0.217,8
2436,-0.846,0.474,8
2437,-0.584,0.413,8
2438,0.828,0.242,8
2440,0.819,0.253,8
2442,-0.553,0.405,8
2443,1.276,0.23,8
2446,-1.209,0.583,8
2447,-0.824,0.465,8
2448,0.081,0.294,8
2449,-1.209,0.583,8
2450,-1.209,0.583,8
2451,0.429,0.262,8
2452,2.099,0.206,8
2454,-0.224,0.347,8
2455,1.162,0.225,8
2456,0.39,0.282,8
2457,0.445,0.277,8
2458,-0.553,0.388,8
2460,1.349,0.226,8
2461,-1.209,0.583,8
2462,0.457,0.268,8
2464,1.268,0.228,8
2465,1.275,0.224,8
2466,0.478,0.271,8
2469,0.462,0.264,8
2471,-0.474,0.393,8
2472,-0.991,0.518,8
2473,1.204,0.22,8
2475,0.101,0.315,8
2476,0.322,0.288,8
2477,0.691,0.262,8
2478,0.023,0.311,8
2479,-0.288,0.354,8
2480,-0.824,0.465,8
2481,0.919,0.237,8
2482,0.819,0.244,8
2483,0.198,0.294,8
2485,0.904,0.236,8
2486,0.408,0.284,8
2487,0.761,0.259,8
2489,-0.033,0.321,8
2490,0.276,0.287,8
2491,0.409,0.276,8
2492,0.188,0.286,8
2493,0.764,0.256,8
2494,0.596,0.253,8
2495,-1.209,0.583,8
2496,-0.542,0.401,8
2497,-0.846,0.474,8
2498,0.856,0.248,8
2499,0.363,0.283,8
2500,-1.209,0.583,8
2501,-1.209,0.583,8
2502,0.264,0.295,8
2504,-1.209,0.583,8
2505,-1.209,0.583,8
2507,0.192,0.296,8
2508,0.901,0.246,8
2509,-0.735,0.439,8
2510,0.457,0.279,8
2511,0.723,0.246,8
2512,-0.457,0.382,8
2513,0.708,0.254,8
2515,-1.209,0.583,8
2516,-0.846,0.474,8
2517,-1.209,0.583,8
2518,1.003,0.237,8
2520,0.165,0.304,8
2521,-0.991,0.518,8
2522,-0.499,0.404,8
2523,-0.328,0.358,8
2524,-1.209,0.583,8
2525,-0.584,0.413,8
2526,-1.209,0.583,8
2527,-0.991,0.518,8
2530,-1.209,0.583,8
2531,-1.209,0.583,8
2540,1.275,0.229,8
2541,1.499,0.222,8
2542,0.749,0.249,8
2543,0.527,0.26,8
2544,-0.339,0.366,8
2545,0.081,0.317,8
2546,-0.014,0.31,8
2547,-0.584,0.413,8
2548,-0.182,0.345,8
2549,-0.077,0.331,8
2550,-1.209,0.583,8
2551,0.037,0.31,8
2552,-0.185,0.344,8
2553,0.25,0.298,8
2554,0.3,0.287,8
2555,0.572,0.268,8
2556,0.586,0.269,8
2557,-0.846,0.474,8
2558,1.054,0.23,8
2559,0.442,0.27,8
2560,-0.622,0.41,8
2561,1.17,0.228,8
2562,-0.013,0.317,8
2563,0.2,0.301,8
2566,0.523,0.262,8
2567,0.458,0.275,8
2568,-0.415,0.37,8
2569,-1.155,0.576,8
2570,1.352,0.217,8
2571,-0.339,0.355,8
2573,-0.027,0.318,8
2574,-0.05,0.322,8
2576,0.44,0.276,8
2577,0.052,0.311,8
2579,0.514,0.26,8
2581,-1.209,0.583,8
2583,0.903,0.247,8
2584,1.645,0.211,8
2587,-0.005,0.316,8
2588,-0.109,0.326,8
2590,0.758,0.251,8
2591,1.993,0.209,8
2592,1.102,0.233,8
2593,-0.846,0.474,8
2594,-1.209,0.583,8
2595,2.01,0.208,8
2596,0.039,0.293,8
2598,0.128,0.299,8
2600,-0.991,0.518,8
2601,1.518,0.214,8
2605,-0.033,0.313,8
2607,1.122,0.236,8
2608,0.214,0.292,8
2611,0.349,0.281,8
2612,2.03,0.209,8
2614,-0.846,0.474,8
2615,-0.407,0.356,8
2617,0.661,0.264,8
2618,0.143,0.301,8
2619,-0.7,0.441,8
2621,0.098,0.306,8
2622,-0.134,0.322,8
2623,-0.041,0.311,8
2625,-1.209,0.583,8
2628,0.486,0.275,8
2629,-1.209,0.583,8
2631,0.997,0.226,8
2632,-0.204,0.344,8
2634,-0.016,0.306,8
2635,0.664,0.255,8
2636,0.408,0.277,8
2637,-0.672,0.425,8
2640,-1.209,0.583,8
2641,-0.846,0.474,8
2642,-0.457,0.382,8
2643,1.616,0.223,8
2644,-0.7,0.441,8
2645,0.079,0.316,8
2646,-0.187,0.335,8
2648,-0.824,0.465,8
2649,-1.209,0.583,8
2650,0.409,0.277,8
2651,-1.209,0.583,8
2652,-0.695,0.431,8
2653,0.384,0.272,8
2654,-0.622,0.41,8
2655,1.385,0.226,8
2656,-1.209,0.583,8
2657,1.484,0.211,8
2658,0.159,0.304,8
2659,-0.182,0.345,9
2660,0.861,0.249,9
2662,0.656,0.257,9
2663,0.665,0.254,9
2664,-0.689,0.428,9
2666,0.352,0.286,9
2667,1.125,0.235,9
2668,0.088,0.312,9
2669,0.189,0.308,9
2670,0.254,0.287,9
2671,0.553,0.257,9
2673,1.977,0.208,9
2674,0.07,0.318,9
2675,-0.672,0.425,9
2676,0.396,0.279,9
2677,-0.824,0.465,9
2678,0.037,0.317,9
2679,0.84,0.246,9
2680,0.216,0.292,9
2681,0.339,0.282,9
2682,1.049,0.24,9
2683,1.476,0.223,9
2686,-0.072,0.319,9
2687,0.06,0.312,9
2688,-0.209,0.35,9
2689,-0.371,0.374,9
2690,0.024,0.307,9
2691,-0.105,0.337,9
2692,1.151,0.238,9
2693,1.902,0.214,9
2694,0.541,0.252,9
2695,1.134,0.236,9
2698,-0.289,0.354,9
2700,-0.584,0.413,9
2701,0.736,0.257,9
2703,0.603,0.26,9
2704,0.696,0.262,9
2706,-0.418,0.379,9
2707,0.12,0.393,9
2708,-0.107,0.332,9
2710,-0.226,0.342,9
2711,2.627,0.211,9
2712,-0.371,0.374,9
2713,-0.183,0.327,9
2715,0.695,0.26,9
2716,0.137,0.308,9
2717,0.18,0.303,9
2719,-1.209,0.583,9
2720,-1.209,0.583,9
2721,-0.115,0.344,9
2722,-0.542,0.401,9
2723,-0.7,0.441,9
2724,-0.7,0.441,9
2725,0.213,0.294,9
2726,-1.209,0.583,9
2728,0.235,0.295,9
2729,-1.209,0.583,9
2730,1.525,0.215,9
2731,-1.209,0.583,9
2732,0.056,0.31,9
2733,0.988,0.249,9
2734,0.545,0.268,9
2735,1.013,0.244,9
2736,1.11,0.243,9
2737,-1.209,0.583,9
2738,0.169,0.302,9
2739,0.679,0.246,9
2740,1.673,0.206,9
2741,0.655,0.257,9
2743,0.379,0.268,9
2744,0.601,0.256,9
2745,-0.28,0.36,9
2746,-0.991,0.518,9
2747,0.297,0.281,9
2748,0.314,0.285,9
2750,0.128,0.299,9
2751,-0.325,0.373,9
2752,0.037,0.317,9
2753,1.186,0.236,9
2754,1.183,0.234,9
2755,-0.371,0.374,9
2756,0.085,0.308,9
2758,-0.068,0.328,9
2759,0.023,0.319,9
2762,0.985,0.244,9
2763,0.849,0.248,9
2764,0.085,0.346,9
2765,-0.013,0.321,9
2766,0.807,0.257,9
2767,-1.209,0.583,9
2768,-0.263,0.359,9
2769,1.62,0.217,9
2770,-0.991,0.518,9
2771,0.629,0.264,9
2772,-0.683,0.435,9
2773,-0.37,0.362,9
2774,0.138,0.297,9
2775,1.307,0.23,9
2776,1.486,0.219,9
2777,-0.082,0.328,9
2779,-1.209,0.583,9
2780,0.703,0.255,9
2781,0.115,0.304,9
2784,1.398,0.223,9
2785,1.074,0.22,9
2786,0.596,0.265,9
2787,0.248,0.292,9
2789,0.37,0.273,9
2790,0.281,0.287,9
2791,-0.459,0.385,9
2792,-1.209,0.583,9
2793,-0.077,0.325,9
2794,1.368,0.226,9
2795,-0.02,0.314,9
2796,-1.209,0.583,9
2797,0.384,0.29,9
2798,0.441,0.285,9
2799,0.29,0.291,9
2800,1.064,0.239,9
2801,2.566,0.205,9
2802,-0.735,0.439,9
2804,-0.265,0.364,9
2805,1.482,0.223,9
2806,-0.285,0.343,9
2807,-0.991,0.518,9
2808,-0.01,0.309,9
2809,-1.126,0.583,9
2810,-0.553,0.405,9
2811,-0.094,0.322,9
2812,-0.076,0.321,9
2813,1.109,0.236,9
2814,-1.209,0.583,9
2815,-0.672,0.425,9
2816,0.429,0.271,9
2817,0.043,0.312,9
2818,-0.471,0.385,9
2819,-0.182,0.345,9
2820,-1.209,0.583,9
2821,-1.209,0.583,9
2823,0.376,0.271,9
2824,0.339,0.276,9
2825,-0.824,0.465,9
2826,-0.115,0.325,9
2827,0.236,0.294,9
2828,1.123,0.223,9
2829,1.467,0.221,9
2830,-0.038,0.325,9
2832,0.409,0.272,9
2833,0.212,0.288,9
2835,-0.028,0.32,9
2836,1.184,0.232,9
2837,-0.084,0.32,9
2838,0.309,0.291,9
2839,0.081,0.314,9
2840,2.266,0.205,9
2842,2.315,0.206,9
2843,1.085,0.24,9
2844,0.746,0.261,9
2845,1.39,0.228,9
2847,0.874,0.249,9
2848,1.571,0.221,9
2849,1.021,0.234,9
2850,-0.008,0.31,9
2851,1.376,0.222,9
2853,-0.622,0.41,9
2854,0.313,0.285,9
2855,-0.398,0.366,9
2857,0.374,0.279,9
2858,-0.471,0.385,9
2859,0.462,0.273,9
2861,1.807,0.214,9
2862,0.403,0.278,9
2865,1.259,0.224,9
2866,1.657,0.215,9
2867,-0.187,0.431,9
2869,1.519,0.215,9
2870,-0.175,0.343,9
2871,0.18,0.307,9
2872,-0.579,0.416,9
2874,-0.05,0.323,9
2875,-1.209,0.583,9
2876,-0.204,0.341,9
2880,1.276,0.225,9
2881,0.03,0.311,9
2882,-0.512,0.392,9
2883,0.365,0.286,9
2884,-0.213,0.346,9
2885,0.781,0.256,9
2886,-0.068,0.328,9
2889,-1.209,0.583,9
2890,1.738,0.214,9
2891,0.016,0.32,9
2892,0.264,0.293,9
2893,1.273,0.227,9
2894,0.959,0.229,9
2895,0.483,0.274,9
2896,0.411,0.282,9
2897,1.372,0.219,9
2898,-0.846,0.474,9
2901,0.243,0.3,9
2903,-1.209,0.583,9
2904,0.911,0.234,9
2906,0.454,0.276,9
2907,0.67,0.255,9
2908,-0.176,0.343,9
2909,0.137,0.308,9
2911,-0.169,0.35,9
2912,-0.289,0.354,9
2913,-0.672,0.425,9
2914,1.109,0.23,9
2915,1.176,0.234,9
2916,-1.209,0.583,9
2917,-0.584,0.413,9
2918,0.439,0.278,9
2919,-0.204,0.344,9
2920,-0.672,0.425,9
2922,-0.182,0.345,9
2923,-1.209,0.583,9
2925,0.535,0.266,9
2926,-0.609,0.414,9
2927,0.554,0.266,9
2928,-0.469,0.389,9
2929,-0.292,0.385,9
2930,0.302,0.293,9
2931,-0.672,0.425,9
2933,0.002,0.316,9
2934,1.802,0.212,9
2936,0.208,0.301,9
2937,2.282,0.208,9
2939,-0.11,0.332,9
2940,-1.209,0.583,9
2941,0.86,0.243,9
2942,-1.209,0.583,9
2943,-0.991,0.518,9
2944,0.6,0.266,9
2945,0.863,0.251,9
2946,-1.209,0.583,9
2947,0.081,0.317,9
2949,0.055,0.31,9
2950,0.167,0.296,9
2951,-0.345,0.357,9
2952,0.719,0.262,9
2955,-0.991,0.518,9
2956,-0.451,0.383,9
2957,-0.293,0.361,9
2958,-1.209,0.583,9
2959,-0.19,0.335,9
2960,0.316,0.29,9
2962,0.698,0.263,9
2963,0.202,0.298,9
2964,-1.209,0.583,9
2965,0.573,0.263,9
2966,0.67,0.255,9
2968,-0.265,0.354,9
2969,0.582,0.271,9
2970,-0.553,0.4,9
2971,0.524,0.272,9
2973,-0.332,0.363,9
2974,0.56,0.262,9
2976,-0.143,0.335,9
2977,0.69,0.257,9
2979,-0.292,0.349,9
2980,0.792,0.25,9
2981,0.782,0.252,9
2982,0.422,0.28,9
10182,1.339,0.231,9
2985,1.547,0.213,10
2986,0.363,0.278,10
2987,-0.125,0.328,10
2988,3.184,0.236,10
2989,0.915,0.244,10
2992,-0.015,0.317,10
2993,-0.553,0.388,10
2994,0.778,0.255,10
2995,0.853,0.247,10
2997,0.38,0.283,10
2998,0.109,0.302,10
2999,1.38,0.223,10
3002,-0.683,0.435,10
3003,-0.448,0.378,10
3005,-0.469,0.389,10
3006,-0.503,0.402,10
3009,-0.991,0.518,10
3010,2.213,0.205,10
3011,1.368,0.226,10
3012,-0.344,0.356,10
3014,0.265,0.289,10
3015,1.321,0.226,10
3016,0.075,0.301,10
3017,-0.669,0.421,10
3018,-1.209,0.583,10
3020,1.893,0.209,10
3021,-1.209,0.583,10
3022,0.398,0.271,10
3023,-0.669,0.421,10
3024,-0.991,0.518,10
3026,-0.014,0.319,10
3027,-1.209,0.583,10
3029,0.125,0.296,10
3030,0.402,0.284,10
3031,-0.622,0.41,10
3033,0.159,0.295,10
3034,0.342,0.291,10
3036,1.302,0.223,10
3037,0.004,0.312,10
3039,-0.333,0.359,10
3040,0.483,0.271,10
3041,-1.209,0.583,10
3043,-0.846,0.474,10
3044,0.255,0.294,10
3045,0.786,0.25,10
3046,1.026,0.241,10
3047,-0.323,0.356,10
3048,0.743,0.253,10
3049,-0.474,0.393,10
3052,-1.209,0.583,10
3054,2.117,0.211,10
3055,-0.584,0.413,10
3056,0.724,0.259,10
3057,-0.199,0.337,10
3058,0.356,0.26,10
3059,-1.209,0.583,10
3060,0.577,0.265,10
3061,2.977,0.222,10
3062,0.353,0.271,10
3063,-0.198,0.337,10
3064,0.393,0.277,10
3066,-0.991,0.518,10
3067,0.095,0.309,10
3068,-0.368,0.361,10
3069,-0.539,0.397,10
3071,1.724,0.21,10
3072,1.576,0.213,10
3075,0.584,0.254,10
3076,0.754,0.257,10
3077,-0.591,0.432,10
3081,-0.539,0.396,10
3082,1.907,0.21,10
3083,0.929,0.243,10
3084,-0.622,0.41,10
3085,-0.553,0.405,10
3088,0.614,0.267,10
3089,-0.115,0.325,10
3090,0.434,0.268,10
3091,1.024,0.235,10
3093,0.976,0.235,10
3095,1.878,0.209,10
3096,2.071,0.208,10
3097,-1.209,0.583,10
3098,-0.45,0.367,10
3099,0.89,0.239,10
3107,0.466,0.271,10
3109,0.056,0.304,10
3110,0.194,0.295,10
3111,0.712,0.246,10
3113,1.197,0.235,10
3114,-0.991,0.518,10
3115,-0.08,0.303,10
3116,-1.209,0.583,10
3119,-0.367,0.352,10
3120,1.381,0.227,10
3122,-0.027,0.317,10
3123,0.444,0.272,10
3124,0.933,0.239,10
3127,-1.209,0.583,10
3128,-1.209,0.583,10
3130,1.302,0.228,10
3131,2.349,0.209,10
3132,-0.082,0.328,10
3133,0.016,0.32,10
3134,0.258,0.294,10
3135,0.579,0.265,10
3136,-0.02,0.321,10
3138,2.35,0.206,10
3139,-0.471,0.385,10
3142,-0.079,0.331,10
3143,1.339,0.219,10
3144,0.391,0.263,10
3145,-0.177,0.341,10
3147,-1.209,0.583,10
3148,0.69,0.252,10
3150,-1.209,0.583,10
3151,1.672,0.21,10
3152,-0.107,0.332,10
3154,0.89,0.245,10
3156,-1.209,0.583,10
3159,-0.846,0.474,10
3160,-0.339,0.366,10
3161,-1.209,0.583,10
3163,-1.209,0.583,10
3164,-0.455,0.373,10
3165,1.082,0.238,10
3167,-0.204,0.344,10
3168,0.239,0.284,10
3169,0.799,0.243,10
3170,0.515,0.263,10
3171,-0.329,0.363,10
3172,-0.333,0.359,10
3173,-0.7,0.441,10
3174,-1.209,0.583,10
3175,-0.206,0.336,10
3177,0.186,0.28,10
3181,-0.128,0.336,10
3183,-0.409,0.376,10
3184,0.251,0.294,10
3185,-0.584,0.413,10
3186,-0.553,0.405,10
3187,-1.209,0.583,10
3190,-0.333,0.359,10
3191,-0.437,0.384,10
3192,-0.584,0.413,10
3193,0.472,0.266,10
3194,1.194,0.229,10
3195,0.743,0.259,10
3196,-0.424,0.377,10
3197,0.397,0.271,10
3198,0.872,0.253,10
3199,-1.209,0.583,10
3200,0.687,0.277,10
3201,0.135,0.302,10
3202,-1.209,0.583,10
3203,1.006,0.24,10
3204,0.095,0.3,10
3206,1.845,0.211,10
3209,-0.991,0.518,10
3212,0.611,0.267,10
3213,0.212,0.301,10
3214,1.665,0.214,10
3215,0.504,0.275,10
3217,0.761,0.252,10
3218,-0.539,0.396,10
3220,-1.209,0.583,10
3221,1.163,0.231,10
3222,3.277,0.239,10
3223,-0.288,0.354,10
3225,0.344,0.286,10
3226,-0.13,0.33,10
3227,0.085,0.304,10
3228,0.866,0.252,10
3230,-0.672,0.425,10
3231,-0.458,0.381,10
3232,0.037,0.317,10
3233,-1.209,0.583,10
3234,-1.209,0.583,10
3235,0.253,0.292,10
3236,1.354,0.229,10
3238,0.149,0.306,10
3239,-0.846,0.474,10
3240,1.311,0.218,10
3242,-1.209,0.583,10
3243,2.01,0.21,10
3244,1.602,0.217,10
3245,0.334,0.287,10
3247,0.572,0.265,10
3248,1.9,0.208,10
3249,-0.086,0.326,10
3253,-0.622,0.41,10
3254,0.805,0.252,10
3256,0.544,0.263,10
3257,-1.209,0.583,10
3258,0.241,0.287,10
3259,-0.991,0.518,10
3260,1.553,0.223,10
3261,0.235,0.285,10
3264,-0.652,0.417,10
3265,-1.209,0.583,10
3266,-1.209,0.583,10
3268,0.175,0.303,10
3270,2.095,0.21,10
3271,-0.182,0.338,10
3272,-1.209,0.583,10
3273,1.254,0.228,10
3274,-1.209,0.583,10
3275,0.147,0.306,10
3276,-0.824,0.465,10
3279,0.014,0.315,10
3280,2.442,0.21,10
3281,1.384,0.211,10
3282,1.434,0.224,10
3283,0.471,0.274,10
3284,-0.991,0.518,10
3285,1.829,0.209,10
3286,-0.046,0.329,10
3287,0.079,0.302,10
3288,-0.622,0.426,10
3289,0.016,0.312,10
3290,-0.469,0.389,10
3291,0.771,0.256,10
3292,0.296,0.293,10
3294,-1.209,0.583,10
3295,0.063,0.311,10
3296,0.319,0.282,10
3297,-0.824,0.465,10
3298,0.061,0.319,10
3299,-0.514,0.398,10
3301,-0.082,0.328,10
3306,-1.209,0.583,10
3307,0.242,0.29,10
3310,0.99,0.224,10
3311,0.926,0.234,10
3312,-0.695,0.431,10
3313,0.727,0.256,10
3314,0.468,0.285,10
3315,-1.209,0.583,10
3316,0.523,0.271,10
3318,1.844,0.204,10
3319,0.121,0.304,10
3321,-0.824,0.465,10
3322,-0.458,0.386,10
3324,-1.209,0.583,10
3326,0.936,0.24,10
3327,1.551,0.218,10
3330,-0.118,0.333,10
3336,0.623,0.253,11
3340,-0.7,0.441,11
3341,1.167,0.232,11
3342,-0.652,0.416,11
3344,0.008,0.31,11
3345,-0.015,0.323,11
3346,-0.076,0.329,11
3347,0.053,0.306,11
3350,0.147,0.297,11
3352,-0.846,0.474,11
3354,-0.672,0.425,11
3355,-0.288,0.354,11
3358,-0.471,0.385,11
3360,1.307,0.223,11
3361,1.272,0.225,11
3362,0.376,0.272,11
3364,0.534,0.27,11
3366,1.823,0.204,11
3372,-0.329,0.363,11
3374,-1.209,0.583,11
3377,-0.115,0.316,11
3378,-0.765,0.448,11
3382,0.2,0.301,11
3384,-0.459,0.385,11
3386,-0.634,0.421,11
3387,-0.433,0.379,11
3388,-1.155,0.576,11
3389,1.067,0.236,11
3390,-0.458,0.383,11
3392,-0.469,0.389,11
3394,-1.209,0.583,11
3397,-0.7,0.441,11
3398,-0.584,0.413,11
3399,0.442,0.277,11
3402,-1.209,0.583,11
3404,0.788,0.25,11
3405,-0.068,0.328,11
3406,-0.072,0.32,11
3407,-0.846,0.474,11
3408,0.929,0.239,11
3411,0.009,0.312,11
3412,-1.209,0.583,11
3414,-1.209,0.583,11
3415,0.561,0.254,11
3416,-0.991,0.518,11
3418,0.099,0.303,11
3419,0.355,0.276,11
3420,0.321,0.297,11
3421,-1.209,0.583,11
3422,0.587,0.267,11
3423,0.935,0.239,11
3424,0.197,0.312,11
3428,-1.209,0.583,11
3430,-0.672,0.425,11
3432,-0.991,0.518,11
3433,0.233,0.292,11
3434,-1.209,0.583,11
3435,1.433,0.226,11
3437,-1.209,0.583,11
3438,0.222,0.286,11
3439,-0.824,0.465,11
3440,0.291,0.291,11
3441,-1.209,0.583,11
3443,1.08,0.237,11
3445,0.478,0.269,11
3446,-0.512,0.392,11
3448,0.896,0.25,11
3450,-1.209,0.583,11
3451,-0.455,0.373,11
3452,-0.294,0.345,11
3455,-0.122,0.328,11
3456,-0.7,0.441,11
3457,2.435,0.209,11
3458,-0.474,0.393,11
3460,-0.173,0.33,11
3461,-1.209,0.583,11
3462,0.787,0.251,11
3463,-0.045,0.308,11
3464,1.368,0.224,11
3465,-0.991,0.518,11
3466,-0.385,0.377,11
3467,-1.209,0.583,11
3469,0.966,0.241,11
3516,-0.439,0.376,11
3517,-0.437,0.372,11
3519,-0.209,0.35,11
3520,-0.384,0.362,11
3521,-1.209,0.583,11
3522,1.496,0.225,11
3523,-1.209,0.583,11
3525,2.367,0.211,11
3526,0.358,0.28,11
3528,-0.307,0.354,11
3531,0.751,0.259,11
3532,-0.824,0.465,11
3534,-0.191,0.34,11
3536,-0.459,0.385,11
3537,0.957,0.245,11
3538,2.07,0.207,11
3539,-1.209,0.583,11
3540,-0.824,0.465,11
3541,1.573,0.209,11
3544,-0.991,0.518,11
3546,-0.7,0.441,11
3548,-0.209,0.333,11
3549,-0.616,0.427,11
3551,-1.209,0.583,11
3552,1.012,0.233,11
3553,4.276,0.389,11
3555,0.25,0.293,11
3556,-0.285,0.342,11
3557,0.037,0.317,11
3559,-0.424,0.377,11
3560,0.471,0.26,11
3561,-1.209,0.583,11
3562,-1.209,0.583,11
3563,0.204,0.303,11
3564,-1.209,0.583,11
3569,-1.064,0.587,11
3570,0.627,0.242,11
3571,-1.209,0.583,11
3572,1.662,0.213,11
3575,0.433,0.276,11
3576,-0.026,0.319,11
3577,-0.429,0.374,11
3578,0.695,0.247,11
3579,0.998,0.244,11
3582,-1.209,0.583,11
3583,0.402,0.281,11
3584,0.665,0.253,11
3585,-0.057,0.322,11
3587,-0.126,0.328,11
3588,0.224,0.29,11
3589,1.085,0.236,11
3590,-0.126,0.329,11
3594,-0.424,0.377,11
3595,0.496,0.265,11
3596,-0.241,0.352,11
3597,0.07,0.31,11
3598,-0.062,0.319,11
3599,-0.452,0.383,11
3600,0.299,0.295,11
3601,-0.377,0.374,11
3602,-0.161,0.329,11
3604,-0.846,0.474,11
3607,-0.7,0.441,11
3610,0.112,0.304,11
3611,0.66,0.254,11
3615,0.32,0.289,11
3616,1.538,0.217,11
3617,-1.209,0.583,11
3619,-0.7,0.441,11
3620,-0.824,0.465,11
3622,-0.474,0.393,11
3624,0.555,0.271,11
3625,0.566,0.279,11
3626,-0.355,0.365,11
3630,-0.824,0.465,11
3634,0.765,0.25,11
3635,-0.846,0.474,11
3636,0.413,0.286,11
3637,0.099,0.306,11
3638,-1.209,0.583,11
3640,-0.384,0.362,11
3643,-0.553,0.405,11
3644,-0.158,0.332,11
3646,0.589,0.269,11
3647,1.129,0.235,11
3650,-0.622,0.41,11
3651,-0.824,0.465,11
3653,-0.329,0.363,11
3654,1.437,0.206,11
10193,-0.42,0.371,11
3658,0.123,0.308,11
3661,-0.474,0.393,11
3662,0.496,0.275,11
3663,0.87,0.237,11
3666,1.755,0.212,11
3667,0.336,0.27,11
3673,-1.209,0.583,11
3716,-0.433,0.379,14
3717,0.101,0.311,14
3718,1.431,0.214,14
3719,1.368,0.225,14
3720,-0.418,0.379,14
3722,-0.362,0.371,14
3723,1.076,0.232,14
3724,1.181,0.23,14
3725,0.134,0.293,14
3726,-1.209,0.583,14
3727,-0.7,0.441,14
3728,-1.209,0.583,14
3729,1.038,0.227,14
3730,-1.209,0.583,14
3733,-0.7,0.441,14
3735,0.444,0.278,14
3737,-0.352,0.363,14
3738,0.783,0.245,14
3739,0.232,0.289,14
3740,0.892,0.248,14
3741,-1.209,0.583,14
3742,0.074,0.307,14
3744,1.858,0.213,14
3747,0.839,0.249,14
3748,2.61,0.21,14
3751,0.612,0.247,14
3754,-0.084,0.33,14
3755,0.403,0.28,14
3756,0.634,0.268,14
3757,-0.651,0.416,14
3758,0.356,0.283,14
3759,-0.846,0.474,14
3760,-0.207,0.344,14
3761,0.918,0.242,14
3762,-1.209,0.583,14
3763,-0.553,0.405,14
3766,0.716,0.26,14
3767,-1.209,0.583,14
3768,-0.082,0.328,14
3769,-1.209,0.583,14
3770,0.422,0.276,14
3771,1.799,0.214,14
3772,-1.209,0.583,14
3773,-0.322,0.356,14
3776,-0.084,0.33,14
3777,0.928,0.251,14
3778,0.23,0.298,14
3779,0.057,0.317,14
3780,-1.209,0.583,14
3782,1.006,0.224,14
3783,-0.846,0.474,14
3785,-0.735,0.439,14
3786,0.687,0.26,14
3787,0.237,0.285,14
3788,-0.553,0.405,14
3790,-0.573,0.412,14
3791,1.205,0.224,14
3792,0.341,0.289,14
3793,1.397,0.217,14
3794,1.678,0.219,14
3795,0.154,0.293,14
3796,1.746,0.214,14
3798,-0.245,0.348,14
3799,-0.046,0.329,14
3802,-0.824,0.465,14
3803,0.038,0.312,14
3805,1.563,0.218,14
3806,0.343,0.278,14
3807,0.22,0.299,14
3809,-0.477,0.386,14
3811,-1.209,0.583,14
3812,-0.3,0.351,14
3813,0.442,0.278,14
3815,0.103,0.311,14
3816,0.631,0.263,14
3817,0.124,0.3,14
3820,-1.209,0.583,13
3821,-1.209,0.583,13
3822,-0.991,0.518,13
3823,0.012,0.314,13
3829,-0.846,0.474,13
3833,-1.209,0.583,13
3834,-0.432,0.369,13
3837,-1.209,0.583,13
3838,0.286,0.286,13
3840,-0.433,0.379,13
3842,0.423,0.273,13
3844,-1.209,0.583,13
3845,1.263,0.232,13
3846,-0.267,0.355,13
3847,-1.209,0.583,13
3849,-0.625,0.409,13
3850,-0.026,0.319,13
3851,0.257,0.296,13
3852,1.08,0.226,13
3853,0.433,0.275,13
3854,-0.046,0.329,13
3855,0.909,0.249,13
3858,0.793,0.253,13
3860,1.104,0.247,13
3862,-0.292,0.349,13
3865,0.628,0.257,13
3866,0.7,0.267,13
3868,0.12,0.308,13
3869,-0.652,0.417,13
3870,0.549,0.255,13
3871,-0.683,0.435,13
3872,0.224,0.297,13
3873,-0.735,0.439,13
3874,-1.209,0.583,13
3875,0.871,0.243,13
3876,-0.504,0.407,13
3877,0.197,0.276,13
3878,-1.209,0.583,13
3879,-0.539,0.396,13
3880,1.26,0.225,13
3882,-0.053,0.321,13
3883,-0.672,0.425,13
3884,-0.189,0.341,13
3885,0.251,0.292,13
3886,-1.209,0.583,13
3887,0.959,0.237,13
3889,0.292,0.281,13
3890,-1.209,0.583,13
3891,-0.7,0.441,13
3893,-0.263,0.346,13
3894,-0.553,0.405,13
3895,-1.209,0.583,13
3896,0.812,0.253,13
3898,0.631,0.259,13
3899,-0.735,0.439,13
3900,-0.28,0.36,13
3901,-1.209,0.583,13
3902,0.365,0.286,13
3903,1.003,0.228,13
3904,-0.182,0.345,13
3905,0.94,0.234,13
3906,0.595,0.252,13
3907,-1.209,0.583,13
3909,0.366,0.278,13
3911,0.647,0.242,13
3912,0.07,0.296,13
3914,0.351,0.275,13
3915,-0.991,0.518,13
3916,0.374,0.277,13
3917,-0.765,0.448,12
3918,-1.209,0.583,12
3919,-0.57,0.405,12
3920,0.361,0.278,12
3921,-1.209,0.583,12
3922,0.978,0.244,12
3924,-0.3,0.358,12
3926,-0.846,0.474,12
3927,0.411,0.282,12
3928,-1.209,0.583,12
3929,-0.335,0.359,12
3930,-0.765,0.448,12
3932,-1.209,0.583,12
3933,-0.284,0.36,12
3934,0.634,0.264,12
3935,0.216,0.275,12
3936,1.078,0.242,12
3937,0.209,0.29,12
3939,-0.245,0.352,12
3940,-1.209,0.583,12
3942,-0.695,0.431,12
3943,0.01,0.306,12
3944,-1.209,0.583,12
3945,0.667,0.25,12
3946,-0.37,0.362,12
3947,-0.062,0.332,12
3949,-0.352,0.363,12
3950,-0.672,0.425,12
3951,0.841,0.244,12
3953,-1.209,0.583,12
3955,-0.7,0.441,12
3956,0.063,0.305,12
3957,-0.059,0.33,12
3958,0.246,0.286,12
3962,-0.334,0.366,12
3963,0.767,0.252,12
3965,0.588,0.267,12
3966,0.606,0.262,12
3970,0.248,0.292,12
3973,-0.046,0.315,12
3974,-0.672,0.425,12
3975,0.394,0.273,12
3976,0.881,0.249,12
3977,-1.209,0.583,12
3979,0.105,0.307,12
3983,0.08,0.296,12
3985,-0.335,0.359,12
3986,0.934,0.238,12
3987,-0.836,0.477,12
3990,-0.672,0.425,12
3991,-0.071,0.32,12
3993,0.281,0.292,12
3996,0.187,0.286,12
3998,-0.584,0.413,12
3999,-1.209,0.583,12
4002,-0.846,0.474,12
4003,-0.068,0.328,12
4004,-0.652,0.416,12
4005,0.807,0.239,12
4006,-1.209,0.583,12
4008,0.754,0.246,12
4009,0.954,0.238,12
4011,0.464,0.268,12
4013,1.531,0.221,12
4015,-0.622,0.41,12
4017,-1.209,0.583,12
4018,-1.209,0.583,12
4019,0.09,0.312,12
4020,0.219,0.299,12
4021,1.46,0.219,12
4022,1.128,0.235,12
4024,-1.209,0.583,12
4025,-0.113,0.319,12
4028,1.285,0.226,12
4034,-0.306,0.347,12
4036,0.659,0.263,12
4037,-0.181,0.339,12
4038,-0.824,0.465,12
4039,-0.991,0.518,12
4041,-1.209,0.583,12
4042,-0.846,0.474,12
4043,-1.209,0.583,12
4044,1.128,0.23,12
4045,-1.209,0.583,12
4052,2.539,0.211,12
4058,0.238,0.298,12
4059,0.887,0.245,12
4060,1.051,0.235,12
4061,0.454,0.27,12
4062,-0.672,0.425,12
4063,0.352,0.274,12
4067,0.855,0.236,12
4068,-0.847,0.483,12
4069,0.285,0.271,12
4071,1.767,0.21,12
4072,-0.846,0.474,12
4074,0.879,0.252,12
4075,-1.209,0.583,12
4076,-1.209,0.583,12
4078,-0.358,0.379,12
4079,-0.048,0.324,12
4080,1.133,0.235,12
4081,-0.182,0.345,12
4082,0.223,0.275,12
4083,0.921,0.244,12
4084,0.406,0.272,12
4086,-0.362,0.371,12
4087,0.765,0.248,12
4089,1.318,0.223,12
4090,-0.457,0.382,12
4091,0.173,0.282,12
4093,0.679,0.264,12
4095,-0.01,0.303,12
4096,0.684,0.263,12
4097,1.066,0.231,12
4098,-1.209,0.583,12
4100,0.247,0.298,12
4102,0.425,0.268,12
4103,0.04,0.315,12
4105,-0.368,0.361,12
4106,-1.209,0.583,12
4107,0.135,0.302,12
4109,0.101,0.311,12
4112,0.374,0.286,12
4113,0.19,0.296,12
4114,0.286,0.276,12
4115,0.508,0.251,12
4116,0.607,0.255,12
4117,-0.281,0.355,12
4118,0.527,0.26,12
4120,0.253,0.285,12
4121,-0.846,0.474,12
4124,-0.695,0.431,12
4125,-0.536,0.404,12
4126,0,0.32,12
4127,0.346,0.282,12
4129,-0.354,0.367,12
4130,0.389,0.277,12
4131,-0.208,0.343,12
4133,-0.765,0.448,12
4134,-0.579,0.416,12
4135,0.8,0.25,12
4136,1.543,0.218,12
4137,-0.984,0.52,12
4138,0.524,0.265,12
4143,0.259,0.285,12
4144,1.368,0.219,12
4145,0.597,0.262,12
4146,-1.209,0.583,12
4148,1.34,0.226,12
4149,-1.209,0.583,12
4150,-1.209,0.583,12
4152,1.755,0.213,12
4153,0.939,0.244,12
4155,-1.209,0.583,12
4157,1.066,0.235,12
4158,-0.223,0.342,12
4160,-0.746,0.455,12
4161,0.089,0.302,12
4163,0.174,0.301,12
4164,0.166,0.286,12
4166,-1.209,0.583,12
4168,-1.209,0.583,12
4169,-0.457,0.382,12
4171,-0.231,0.341,12
4172,0.545,0.262,12
4173,0.801,0.251,12
4174,0.257,0.296,12
4175,-0.154,0.328,12
4176,1.403,0.227,12
4177,-0.047,0.326,12
4178,-0.846,0.474,12
4180,-0.847,0.483,12
4182,0.04,0.315,12
4183,-0.625,0.409,12
4184,0.831,0.253,12
4185,0.984,0.241,12
4187,-0.846,0.474,12
4188,0.982,0.238,12
4189,-0.622,0.41,12
4191,0.956,0.244,12
4192,1.071,0.234,12
4194,0.49,0.271,12
4196,-0.011,0.317,12
4197,0.632,0.263,12
4198,-0.516,0.424,12
4199,-0.204,0.344,12
4200,0.195,0.296,12
4201,-1.209,0.583,12
4202,-0.846,0.474,12
4203,-1.209,0.583,12
4204,0.625,0.266,12
4207,-0.672,0.425,12
4208,-0.469,0.389,12
4210,0.739,0.229,12
4211,0.702,0.257,12
4212,0.612,0.267,12
4213,-1.209,0.583,12
4214,-0.669,0.421,12
4215,-0.457,0.382,12
4216,-0.126,0.341,12
4217,-0.355,0.364,12
4220,1.037,0.235,12
4221,-0.846,0.474,12
4222,0.278,0.287,12
4224,-0.024,0.343,12
4226,-1.209,0.583,12
4229,0.983,0.247,12
4230,1.919,0.21,12
4233,-0.991,0.518,12
4238,0.17,0.293,12
4240,0.442,0.272,12
4241,-0.132,0.329,12
4242,0.113,0.308,12
4243,-0.824,0.465,12
10134,-0.847,0.483,17
10091,-0.474,0.393,17
10105,-0.174,0.346,17
4251,0.629,0.266,17
4253,-0.371,0.374,17
4254,-0.018,0.318,17
10094,-0.007,0.324,17
4256,-0.991,0.518,17
10233,0.332,0.282,17
10166,-0.846,0.474,17
10118,-1.209,0.583,17
4260,0.302,0.287,17
4262,-0.352,0.363,17
4264,0.296,0.276,17
10111,1.41,0.224,17
4267,1.727,0.218,17
10181,0.571,0.261,17
10108,-0.048,0.32,17
4270,0.281,0.291,17
4272,0.312,0.266,17
4274,0.192,0.301,17
4275,-0.102,0.328,17
4276,-1.209,0.583,17
4277,0.037,0.317,17
10119,-0.031,0.323,17
10163,0.55,0.271,17
10133,0.433,0.275,17
4281,1.228,0.231,17
10123,-1.209,0.583,17
10143,-0.238,0.348,17
10180,0.955,0.228,17
10160,0.418,0.292,17
4287,-1.209,0.583,17
10158,-0.846,0.474,17
10097,1.136,0.234,17
10113,-0.095,0.321,17
4291,-1.209,0.583,17
10106,-1.209,0.583,17
4294,0.177,0.296,17
4296,-0.328,0.358,17
10135,-0.092,0.324,17
4299,-0.263,0.346,17
10174,0.901,0.248,17
4301,-1.209,0.583,17
4304,2.134,0.209,17
4306,-0.683,0.435,17
4308,-0.651,0.416,17
4309,-0.846,0.474,17
10102,0.12,0.308,17
10138,0.554,0.273,17
4314,-0.459,0.385,17
4315,1.021,0.233,17
10175,0.652,0.263,17
4318,-0.104,0.327,17
4319,0.09,0.312,17
4320,1.455,0.216,17
4321,0.931,0.246,17
10171,1.335,0.223,17
4324,-0.7,0.441,17
10129,-0.326,0.358,17
10156,-0.7,0.441,17
10227,-0.329,0.363,17
10112,-0.055,0.322,17
10147,0.725,0.257,17
10124,0.797,0.254,17
4333,-0.7,0.441,17
4334,0.527,0.268,17
10139,0.471,0.263,17
10122,0.171,0.301,17
10179,0.374,0.284,17
10140,-1.209,0.583,17
10132,-0.424,0.38,17
4340,0.005,0.306,17
4341,-0.433,0.379,17
4342,1.614,0.218,17
10167,-1.209,0.583,17
10161,0.952,0.249,17
4345,0.442,0.278,15
4346,-0.14,0.336,15
4347,1.251,0.23,15
4348,-0.175,0.329,15
4349,-1.209,0.583,15
10202,0.317,0.284,15
10192,-1.209,0.583,15
4353,0.349,0.274,15
4354,-0.622,0.41,15
4355,-1.209,0.583,15
10232,0.521,0.257,15
4358,0.654,0.257,15
4360,0.994,0.242,15
10206,0.358,0.273,15
4363,1.523,0.22,15
10211,-0.14,0.326,15
10207,-0.105,0.325,15
4366,-0.122,0.33,15
10230,-1.209,0.583,15
10205,-0.128,0.336,15
10221,-0.329,0.363,15
4372,0.082,0.295,15
4373,0.037,0.317,15
4374,0.748,0.257,15
4375,-0.991,0.518,15
4378,1.704,0.235,15
4382,0.618,0.26,15
4385,-1.209,0.583,15
10209,0.98,0.243,15
10198,0.417,0.264,15
10208,0.854,0.252,15
4392,-0.185,0.344,15
10215,0.79,0.249,15
4395,-0.099,0.331,15
4403,0.037,0.317,15
4404,-0.472,0.383,15
10229,-0.284,0.35,15
4409,1.276,0.233,15
4411,-0.082,0.328,15
4413,-1.209,0.583,15
4414,-0.669,0.421,15
10200,0.095,0.309,15
10214,1.007,0.241,15
4422,-1.209,0.583,15
10199,0.582,0.271,15
4426,0.576,0.266,15
10224,1.162,0.228,15
10220,0.314,0.275,15
4430,-1.209,0.583,15
4433,0.965,0.236,15
4435,0.5,0.271,15
4436,0.431,0.272,15
4438,-0.469,0.389,15
4439,0.161,0.296,15
10194,0.062,0.309,15
4441,-1.209,0.583,15
10226,0.316,0.285,15
10212,-0.184,0.337,15
4447,-0.7,0.441,15
10228,-0.046,0.329,15
4449,-0.173,0.34,15
10219,-1.209,0.583,15
4451,-0.148,0.331,15
4452,1.052,0.235,15
4453,-1.209,0.583,15
4454,4.276,0.389,15
4458,-0.137,0.333,15
10195,0.855,0.249,15
4460,-1.209,0.583,15
4461,-0.333,0.359,15
4466,-1.126,0.583,15
4468,-0.072,0.322,15
4469,-0.17,0.335,15
4470,-1.209,0.583,15
4471,0,0.314,15
4472,-0.033,0.31,15
4473,0.701,0.258,15
4474,0.326,0.274,15
4476,0.883,0.249,15
4478,-0.391,0.369,15
10204,0.164,0.305,15
4483,-0.302,0.363,15
10234,0.38,0.284,15
4490,1.298,0.225,15
10231,-1.209,0.583,15
10196,-0.033,0.32,15
10216,-0.846,0.474,15
4497,0.312,0.29,15
4499,-1.209,0.583,15
4500,-0.459,0.385,19
4502,0.673,0.263,19
4504,0.482,0.27,19
4506,-1.209,0.583,19
4507,-0.155,0.337,19
4508,0.478,0.279,19
4509,1.734,0.211,19
4510,-0.363,0.367,19
4511,0.383,0.284,19
4512,-0.19,0.335,19
4514,0.349,0.287,19
4515,1.23,0.228,19
4516,-0.689,0.428,19
4518,0.278,0.288,19
4519,-1.209,0.583,19
4520,-0.248,0.342,19
4521,-0.553,0.388,19
4522,1.415,0.231,19
4524,2.097,0.209,19
4525,-0.088,0.324,19
4528,-0.991,0.518,19
4530,1.914,0.211,19
4531,0.547,0.267,19
4532,-0.584,0.413,19
4534,1.726,0.213,19
4535,0.398,0.286,19
4536,-0.846,0.474,19
4538,-0.219,0.334,19
4539,-0.371,0.374,19
4540,-1.209,0.583,19
4541,-0.62,0.425,19
4542,-1.209,0.583,19
4543,-0.13,0.33,19
4544,-0.301,0.354,19
4545,-0.584,0.413,19
4547,-0.046,0.329,19
4548,1.492,0.216,19
4550,-0.7,0.441,19
4551,0.754,0.252,19
4552,0.789,0.247,19
4553,1.598,0.215,19
4554,-0.355,0.365,19
4555,-0.471,0.385,19
4556,1.836,0.209,19
4558,0.507,0.261,19
4559,1.36,0.223,19
4560,-0.7,0.441,19
4562,-0.622,0.41,19
4563,-1.209,0.583,19
4565,-0.058,0.326,19
4566,-0.683,0.435,19
10235,1.379,0.217,19
4568,-0.837,0.522,19
4569,0.446,0.281,19
4570,-0.7,0.441,19
4571,1.502,0.212,19
4573,1.323,0.213,19
4574,1.318,0.234,19
4575,0.674,0.265,19
4576,-1.209,0.583,19
4577,-0.553,0.405,19
4578,-0.824,0.465,19
4581,2.37,0.209,19
4582,0.164,0.305,19
4584,-1.209,0.583,19
4585,-0.333,0.359,19
4586,-1.209,0.583,19
4587,-0.08,0.316,19
4588,0.43,0.278,19
4590,-0.006,0.316,19
4591,0.648,0.254,19
4592,1.841,0.216,19
4593,0.021,0.319,19
4595,0.938,0.247,19
4596,0.155,0.293,19
4597,-0.539,0.398,19
4598,-1.209,0.583,19
4599,0.373,0.275,19
4600,-0.303,0.36,20
4602,-1.209,0.583,20
4606,0.987,0.226,20
4607,-1.209,0.583,20
4608,-0.409,0.376,20
4609,1.252,0.224,20
4610,0.622,0.266,20
4612,0.313,0.289,20
4613,0.021,0.319,20
4614,1.106,0.23,20
4615,-0.263,0.343,20
4616,-0.539,0.397,20
4618,1.513,0.217,20
4619,0.527,0.272,20
4620,-1.209,0.583,20
4623,0.221,0.293,20
4625,-0.25,0.349,20
4626,0.825,0.248,20
4627,1.713,0.214,20
4628,0.077,0.305,20
4629,2.508,0.21,20
4630,0.836,0.245,20
4631,-0.144,0.331,20
4632,-1.209,0.583,20
4633,0.539,0.272,20
4634,-0.185,0.34,20
4635,1.718,0.215,20
4636,-0.192,0.346,20
4638,0.867,0.249,20
4639,-0.735,0.439,20
4640,0.804,0.248,20
4641,-0.104,0.327,20
4643,-0.109,0.314,20
4644,0.301,0.275,20
4645,0.335,0.287,20
4646,-0.007,0.309,20
4647,-0.362,0.355,20
4648,1.287,0.229,20
4650,-0.469,0.389,20
4651,0.126,0.304,20
4652,0.585,0.265,20
4653,0.712,0.256,20
4654,1.73,0.212,20
4656,-0.409,0.376,20
4657,0.791,0.251,20
4658,0.495,0.265,20
4659,-0.202,0.331,20
4661,-0.584,0.413,20
4662,-0.669,0.421,20
4663,0.582,0.258,20
4664,-0.469,0.389,20
4665,0.639,0.266,20
4667,-0.689,0.428,20
4668,0.122,0.307,20
4670,0.101,0.308,20
4671,-0.622,0.41,20
4673,-0.11,0.332,20
4676,-1.209,0.583,20
4677,-0.22,0.342,20
4678,-0.325,0.358,20
4679,0.353,0.281,20
4681,-0.022,0.321,20
4682,1.044,0.234,20
4683,0.408,0.277,20
4684,-0.424,0.376,20
4685,0.475,0.27,20
4686,-1.209,0.583,20
4687,-0.846,0.474,20
4688,2.407,0.343,20
4690,-0.991,0.518,20
4692,0.621,0.266,20
4693,-1.209,0.583,20
4694,-1.209,0.583,20
4696,-1.209,0.583,20
4697,-0.622,0.41,20
4698,1.71,0.21,20
4699,1.217,0.229,16
4700,0.902,0.237,16
4701,-1.209,0.583,16
4702,0.58,0.257,16
4703,1.637,0.219,16
4704,1.919,0.21,16
4705,0,0.317,16
10217,-1.209,0.583,16
4707,0.688,0.26,16
4709,-0.209,0.333,16
4710,0.012,0.316,16
4712,-1.209,0.583,16
4714,-0.765,0.448,16
4715,0.677,0.259,16
4717,-0.437,0.376,16
4718,0.077,0.309,16
4719,-0.046,0.329,16
4720,0.814,0.25,16
4721,1.124,0.225,16
4722,-0.824,0.465,16
4723,-0.329,0.353,16
4724,0.569,0.266,16
4726,0.916,0.248,16
4727,1.148,0.227,16
4728,0.037,0.317,16
4732,2.307,0.208,16
4733,-0.622,0.41,16
4735,0.856,0.248,16
4736,-0.991,0.518,16
4738,-1.209,0.583,16
4739,0.591,0.263,16
4740,0.948,0.239,16
4741,1.098,0.223,16
4742,0.564,0.266,16
4743,0.006,0.312,16
4744,0.388,0.276,16
4746,-1.209,0.583,16
4747,0.928,0.232,16
4748,-0.622,0.41,16
4749,-0.281,0.355,16
4750,-1.209,0.583,16
4751,0.991,0.239,16
4752,-1.209,0.583,16
4753,-1.209,0.583,16
4754,0.259,0.297,16
4756,0.137,0.308,16
4757,-1.209,0.583,16
4759,-0.469,0.389,16
4761,-1.209,0.583,16
4763,0.62,0.262,16
4765,-0.329,0.363,16
4766,1.686,0.21,16
4767,0.174,0.298,16
4768,1.113,0.238,16
4769,-1.209,0.583,16
4770,0.814,0.242,16
4771,-1.209,0.583,16
4773,0.396,0.265,16
4775,0.085,0.308,16
4776,0.969,0.233,16
4777,-1.209,0.583,16
4779,-1.209,0.583,16
4780,0.192,0.301,16
4781,-1.209,0.583,16
4783,1.161,0.228,16
4787,0.46,0.279,16
4788,0.583,0.255,16
4790,-0.082,0.328,16
4793,-0.204,0.344,16
4794,-0.407,0.356,16
4796,-0.846,0.474,16
4800,0.002,0.31,18
4801,-1.209,0.583,18
4802,0.559,0.25,18
4803,-0.846,0.474,18
4804,0.388,0.284,18
4805,1.044,0.236,18
4806,-0.846,0.474,18
4808,-0.363,0.368,18
4809,-0.846,0.474,18
4810,0.627,0.254,18
4811,-1.209,0.583,18
4812,-1.209,0.583,18
4813,0.037,0.317,18
4815,0.821,0.255,18
4816,1.695,0.216,18
4817,2.451,0.209,18
4818,-0.291,0.358,18
4819,-0.057,0.327,18
4821,-0.437,0.376,18
4822,-1.209,0.583,18
4824,-0.7,0.441,18
4825,1.751,0.215,18
4826,-1.209,0.583,18
4829,1.516,0.223,18
4830,1.254,0.225,18
4831,0.457,0.276,18
4832,-0.669,0.421,18
4833,0.151,0.3,18
4835,-0.991,0.518,18
4836,1.953,0.211,18
4837,-1.209,0.583,18
4838,-0.117,0.32,18
4839,-0.004,0.306,18
4840,-0.328,0.358,18
4841,-1.209,0.583,18
4843,0.299,0.287,18
4844,-0.149,0.326,18
4845,-0.7,0.441,18
4846,-1.209,0.583,18
4847,0.78,0.25,18
4848,1.513,0.221,18
4850,2.573,0.211,18
4851,0.411,0.265,18
4852,-0.991,0.518,18
4853,1.28,0.232,18
4855,-0.846,0.474,18
4856,0.215,0.294,18
4857,0.421,0.27,18
4858,-0.182,0.345,18
4859,-0.101,0.335,18
4860,-1.209,0.583,18
4861,-1.209,0.583,18
4862,0.351,0.277,18
4863,-0.652,0.417,18
4864,0.288,0.291,18
4865,0.536,0.263,18
4866,-0.622,0.41,18
4867,0.736,0.259,18
4868,-1.209,0.583,18
4871,-0.189,0.341,18
4872,0.093,0.31,18
4874,-1.209,0.583,18
4876,-0.539,0.396,18
4878,-0.846,0.474,18
4879,0.153,0.285,18
4880,-0.104,0.328,18
4881,0.83,0.235,18
4883,-0.991,0.518,18
4884,0.826,0.254,18
4885,-0.609,0.414,18
4886,-0.584,0.413,18
4888,-1.209,0.583,18
4889,-0.424,0.377,18
4891,-0.683,0.435,18
4892,-0.553,0.4,18
4893,-1.209,0.583,18
4895,0.894,0.249,18
4897,1.087,0.231,18