ff_id,PAF,PAF_SE,city
1,0.073,0.376,1
2,-0.465,0.34,1
4,-1.662,0.306,1
5,-1.122,0.327,1
6,0.933,0.464,1
7,-1.033,0.327,1
8,-0.312,0.348,1
11,-0.901,0.33,1
13,-0.686,0.339,1
16,1.56,0.606,1
19,-1.117,0.322,1
20,-1.006,0.32,1
21,-0.269,0.361,1
22,-0.417,0.336,1
24,0.592,0.424,1
26,-0.72,0.331,1
28,0.426,0.402,1
29,0.206,0.39,1
30,-1.575,0.308,1
31,0.521,0.426,1
38,-1.216,0.324,1
41,0.526,0.41,1
42,-0.51,0.337,1
43,-1.29,0.317,1
45,1.56,0.606,1
47,-1.402,0.317,1
48,-1.606,0.305,1
49,1.089,0.502,1
52,-0.631,0.337,1
54,-0.237,0.343,1
55,-1.69,0.316,1
58,-0.42,0.343,1
59,1.56,0.606,1
61,0.215,0.386,1
63,0.136,0.385,1
66,-0.521,0.346,1
68,0.768,0.446,1
69,-0.012,0.368,1
70,1.56,0.606,1
71,1.56,0.606,1
73,-0.939,0.322,1
74,-0.239,0.355,1
75,-0.124,0.362,1
77,-0.242,0.35,1
78,-2.412,0.3,1
79,0.478,0.408,1
81,-0.006,0.372,1
82,-0.673,0.341,1
83,-0.605,0.335,1
84,0.046,0.357,1
86,-0.506,0.338,1
87,0.337,0.403,1
88,-0.745,0.327,1
89,-0.392,0.353,1
91,-0.973,0.33,1
95,0.066,0.366,1
96,-0.717,0.325,1
97,-1.875,0.305,1
98,-0.421,0.344,1
100,-0.835,0.334,1
101,-0.42,0.33,1
102,0.195,0.389,1
103,-0.884,0.326,1
104,-1.169,0.328,1
105,-0.935,0.323,1
106,0.823,0.463,1
107,-0.861,0.329,1
109,0.319,0.403,1
110,-0.403,0.345,1
112,-0.401,0.349,1
114,-0.384,0.348,1
116,0.938,0.465,1
117,-0.953,0.324,1
118,-0.442,0.337,1
120,-0.138,0.357,1
122,0.352,0.385,1
126,0.9,0.477,1
127,1.56,0.606,1
128,0.601,0.425,1
130,0.976,0.494,1
132,0.062,0.366,1
133,0.103,0.37,1
135,0.029,0.364,1
136,-0.17,0.36,1
137,-0.719,0.326,1
139,-1.452,0.316,1
144,0.463,0.421,1
146,-0.233,0.355,1
147,0.572,0.421,1
148,0.009,0.371,1
151,-0.211,0.361,1
156,0.145,0.386,1
158,-0.014,0.367,1
159,-0.355,0.341,1
160,-0.596,0.335,1
161,-0.369,0.354,1
162,0.441,0.385,1
164,0.393,0.411,1
165,-0.449,0.347,1
166,-0.216,0.344,1
167,-0.54,0.345,1
168,-1.606,0.31,1
170,-2.63,0.303,1
171,0.115,0.385,1
172,0.15,0.382,1
173,-0.146,0.366,1
175,0.17,0.387,1
178,1.56,0.606,1
179,-0.565,0.335,1
181,-1.165,0.317,1
182,-0.469,0.346,1
185,0.863,0.468,1
187,-0.445,0.328,1
188,-0.713,0.335,1
190,1.56,0.606,1
191,-0.773,0.329,1
194,0.997,0.501,1
195,0.823,0.463,1
197,-0.429,0.342,1
198,-0.049,0.373,1
200,-1.085,0.323,1
202,-1.022,0.323,1
203,-0.112,0.365,1
204,1.044,0.506,1
205,-1.39,0.314,1
207,1.039,0.489,1
209,0.007,0.372,1
210,-0.715,0.335,1
211,1.56,0.606,1
212,0.203,0.386,1
216,-1.467,0.313,1
217,-0.533,0.344,1
218,-0.033,0.367,1
219,1.56,0.606,1
221,0.371,0.402,1
222,-0.693,0.336,1
227,1.56,0.606,1
228,-0.534,0.342,1
231,-0.656,0.336,1
232,0.825,0.457,1
237,1.56,0.606,1
238,-0.687,0.332,1
239,-0.115,0.361,1
242,1.235,0.54,1
243,-0.751,0.328,1
244,-0.784,0.334,1
245,-0.52,0.336,1
246,-0.694,0.333,1
248,1.01,0.501,1
249,-0.336,0.353,1
250,-0.538,0.338,1
251,-0.231,0.357,1
252,0.711,0.436,1
253,1.56,0.606,1
254,0.889,0.476,1
255,1.23,0.537,1
259,-0.548,0.337,1
263,0.113,0.386,1
267,-1.183,0.319,1
269,-1.357,0.321,1
271,0.294,0.396,1
272,1.223,0.533,1
274,-0.917,0.324,1
275,-0.344,0.343,1
276,0.442,0.414,1
277,-0.765,0.332,1
278,-1.402,0.317,1
279,-1.151,0.317,1
280,-0.198,0.355,1
281,-1.341,0.321,1
287,-1.069,0.317,1
288,-0.741,0.33,1
291,-1.884,0.305,1
292,-1.671,0.315,1
293,-1.272,0.316,1
294,0.715,0.457,1
295,-0.001,0.379,1
296,-1.402,0.317,1
297,-1.42,0.317,1
298,-0.821,0.333,1
299,-1.119,0.319,1
301,-0.7,0.335,1
302,-0.684,0.325,1
304,-1.499,0.315,1
305,0.261,0.394,1
306,0.605,0.433,1
307,-0.006,0.365,1
309,-1.178,0.325,1
312,0.394,0.41,1
313,-1.726,0.308,1
315,0.166,0.384,1
317,-0.901,0.33,1
318,1.56,0.606,1
319,-1.23,0.321,1
320,-0.462,0.34,1
321,-1.518,0.315,1
322,-0.379,0.339,1
325,-1.647,0.312,1
326,-0.627,0.334,1
327,0.863,0.468,1
330,-0.075,0.364,1
331,-0.931,0.332,2
332,0.589,0.429,2
334,-0.907,0.331,2
335,0.351,0.394,2
336,-1.182,0.321,2
337,1.23,0.537,2
339,-1.468,0.318,2
340,-1.603,0.312,2
342,-0.084,0.367,2
343,-0.873,0.331,2
344,0.444,0.406,2
346,-0.112,0.357,2
348,-0.896,0.328,2
349,1.124,0.513,2
351,-1.122,0.325,2
353,-0.797,0.327,2
354,0.758,0.449,2
355,-0.44,0.345,2
357,0.332,0.396,2
358,-0.375,0.351,2
360,-1.033,0.325,2
364,1.56,0.606,2
366,1.56,0.606,2
367,-0.449,0.346,2
368,-0.38,0.35,2
369,-0.159,0.356,2
371,-0.782,0.335,2
375,-0.934,0.326,2
376,0.177,0.384,2
377,0.889,0.485,2
378,-0.077,0.356,2
379,0.157,0.39,2
380,-1.317,0.322,2
381,-0.062,0.359,2
383,0.089,0.377,2
385,-0.722,0.329,2
386,-0.347,0.339,2
388,0.976,0.494,2
389,0.441,0.411,2
390,-0.288,0.351,2
391,0.246,0.398,2
392,-1.106,0.325,2
395,1.137,0.515,2
397,0.225,0.395,2
398,-0.866,0.327,2
399,-0.891,0.333,2
401,0.87,0.484,2
402,-1.507,0.316,2
403,0.463,0.421,2
404,0.159,0.382,2
405,-0.182,0.355,2
407,-0.082,0.353,2
408,0.396,0.416,2
409,-1.162,0.315,2
410,-0.156,0.36,2
411,0.831,0.462,2
412,-0.524,0.335,2
413,-0.396,0.341,2
414,-0.311,0.345,2
415,0.829,0.46,2
417,0.454,0.405,2
421,0.976,0.494,2
423,0.966,0.495,2
425,-0.497,0.33,2
426,0.605,0.434,2
428,-1.643,0.313,2
429,-0.893,0.326,2
435,-1.029,0.315,2
437,0.9,0.477,2
439,1.039,0.489,2
441,-1.054,0.32,2
442,-0.399,0.346,2
443,0.213,0.391,2
444,0.97,0.489,2
445,0.823,0.463,2
446,0.768,0.45,2
448,-0.064,0.374,2
450,0.077,0.379,2
452,0.172,0.38,2
453,1.151,0.513,2
454,-0.38,0.345,2
455,-1.152,0.317,2
458,-0.931,0.332,2
459,1.56,0.606,2
460,-0.922,0.332,2
461,-0.505,0.341,2
462,1.56,0.606,2
464,-0.558,0.342,2
465,0.135,0.383,2
470,-0.073,0.36,2
471,0.825,0.459,2
472,-0.202,0.357,2
473,-0.055,0.369,2
474,0.394,0.41,2
475,0.415,0.412,2
478,-1.239,0.32,2
479,0.046,0.371,2
480,-0.855,0.33,2
481,0.633,0.439,2
482,1.235,0.54,2
483,0.038,0.379,2
484,-0.914,0.319,2
487,-1.019,0.323,2
489,1.56,0.606,2
491,0.73,0.453,2
492,0.463,0.421,2
493,-0.67,0.332,2
495,0.394,0.41,2
496,0.11,0.379,2
499,-1.343,0.313,2
503,0.37,0.406,2
504,1.56,0.606,2
505,-0.108,0.361,2
506,0.494,0.394,2
507,-0.401,0.344,2
509,1.56,0.606,2
510,-1.272,0.316,2
512,-0.866,0.325,2
513,-0.142,0.365,2
515,0.266,0.389,2
516,0.698,0.447,2
517,0.9,0.477,2
518,0.488,0.421,2
519,-0.265,0.348,2
522,-0.938,0.332,2
524,-1.287,0.32,2
525,1.23,0.537,2
526,-0.585,0.336,2
527,0.394,0.391,2
528,1.56,0.606,2
532,0.046,0.375,2
533,0.97,0.489,2
535,-0.706,0.338,2
538,-1.021,0.341,2
539,0.463,0.421,2
541,-0.661,0.333,2
542,-0.176,0.351,2
544,0.259,0.372,2
545,-1.046,0.316,2
546,-1.35,0.321,2
548,1.56,0.606,2
550,1.56,0.606,2
551,0.538,0.427,2
552,0.97,0.489,2
555,0.369,0.41,2
557,-1.157,0.319,2
558,-0.048,0.369,2
560,0.332,0.393,2
561,-0.209,0.346,2
562,-0.074,0.358,2
564,0.542,0.42,2
565,0.284,0.385,2
567,-0.196,0.364,2
568,-0.32,0.343,2
570,0.091,0.384,2
571,-0.574,0.34,2
573,0.112,0.379,2
575,0.221,0.397,2
576,-0.878,0.324,2
578,-2.017,0.319,2
579,-0.083,0.367,2
581,-1.14,0.312,2
582,1.56,0.606,2
583,-0.224,0.36,2
584,0.615,0.441,2
586,-1.006,0.326,2
587,0.275,0.387,2
588,0.691,0.445,2
589,1.56,0.606,2
591,0.966,0.495,2
593,0.559,0.423,2
595,0.442,0.414,2
596,-0.619,0.335,2
600,0.141,0.355,2
601,1.235,0.54,2
603,-1.315,0.314,2
604,-0.555,0.338,2
605,0.69,0.45,2
608,-0.137,0.36,2
609,-0.379,0.35,2
610,0.789,0.467,2
612,-1.1,0.325,2
613,-0.976,0.322,2
614,-0.55,0.339,2
617,-1.501,0.312,2
619,-1.014,0.321,2
622,-0.131,0.362,2
623,0.174,0.387,2
625,0.415,0.412,2
626,-0.439,0.345,2
627,1.177,0.538,2
628,0.024,0.375,2
632,0.406,0.408,2
634,0.339,0.404,2
635,0.04,0.368,2
636,-2.346,0.309,2
637,-1.419,0.315,2
638,-1.287,0.317,2
640,-0.451,0.34,2
642,-0.401,0.349,2
643,-0.073,0.367,2
646,0.864,0.47,2
647,1.219,0.532,2
648,0.417,0.41,2
649,-0.522,0.334,2
650,-0.469,0.34,2
651,-0.792,0.334,2
653,0.494,0.419,2
656,1.223,0.533,2
657,0.123,0.383,3
658,-0.478,0.335,3
659,-1.298,0.316,3
661,0.976,0.494,3
662,0.435,0.395,3
663,1.56,0.606,3
664,0.154,0.371,3
665,-0.675,0.338,3
666,-0.806,0.326,3
669,1.56,0.606,3
671,-0.495,0.346,3
672,-1.278,0.326,3
673,0.171,0.389,3
674,-1.786,0.301,3
675,1.56,0.606,3
676,-2.371,0.305,3
677,-0.334,0.35,3
679,-1.314,0.318,3
680,0.976,0.494,3
681,-0.269,0.347,3
682,0.437,0.423,3
685,-0.248,0.342,3
686,0.739,0.419,3
687,-1.048,0.318,3
688,-0.589,0.343,3
690,-1.156,0.327,3
691,0.443,0.403,3
692,0.208,0.389,3
693,-0.261,0.338,3
694,-0.031,0.366,3
697,-0.974,0.327,3
699,1.56,0.606,3
700,0.019,0.373,3
701,0.316,0.405,3
702,-0.896,0.329,3
703,-1.216,0.316,3
704,-0.492,0.343,3
706,-0.741,0.334,3
711,-0.551,0.337,3
715,-1.582,0.312,3
717,1.56,0.606,3
719,0.362,0.409,3
720,0.779,0.449,3
721,-0.76,0.322,3
722,0.392,0.414,3
723,0.256,0.393,3
724,-2.441,0.321,3
727,-0.737,0.33,3
733,-0.833,0.332,3
734,1.045,0.491,3
735,0.349,0.403,3
737,0.153,0.385,3
739,-0.071,0.353,3
740,-0.922,0.327,3
741,-0.538,0.336,3
742,-0.749,0.333,3
743,1.56,0.606,3
744,-0.997,0.322,3
746,1.56,0.606,3
747,-0.036,0.35,3
749,-0.246,0.356,3
750,-0.28,0.349,3
751,0.178,0.393,3
753,0.027,0.373,3
754,0.446,0.419,3
759,0.112,0.371,3
760,-0.837,0.326,3
761,0.413,0.414,3
762,-0.92,0.323,3
763,0.331,0.413,3
764,0.202,0.383,3
765,1.23,0.537,3
767,0.829,0.46,3
768,0.172,0.388,3
769,0.43,0.417,3
770,-0.307,0.352,3
771,-0.663,0.336,3
772,0.464,0.407,3
773,0.153,0.372,3
774,-0.63,0.335,3
780,0.351,0.404,3
781,-0.484,0.339,3
782,0.558,0.416,3
783,0.633,0.439,3
784,-1.087,0.331,3
787,0.826,0.461,3
789,1.235,0.54,3
790,1.56,0.606,3
791,0.17,0.395,3
798,0.188,0.369,3
800,0.739,0.419,3
801,0.903,0.48,3
802,0.614,0.434,3
804,0.759,0.459,3
805,0.739,0.419,3
806,-0.175,0.361,3
807,-0.281,0.355,3
808,-0.115,0.363,3
809,-1.089,0.328,3
810,0.415,0.412,3
811,-0.246,0.348,3
812,-1.214,0.319,3
813,0.966,0.495,3
814,1.56,0.606,3
815,0.013,0.364,3
816,1.56,0.606,3
817,-0.219,0.352,3
818,0.52,0.414,3
820,0.633,0.44,3
821,-0.255,0.351,3
822,0.29,0.385,3
823,-0.948,0.331,3
824,-1.41,0.322,3
825,-0.335,0.351,3
826,0.82,0.456,3
827,-0.82,0.328,3
828,-1.872,0.309,3
829,0.207,0.373,3
830,0.169,0.39,3
831,0.831,0.462,3
835,0.278,0.379,3
836,-0.375,0.352,3
838,-0.508,0.346,3
839,-1.672,0.31,3
840,-0.514,0.342,3
841,0.094,0.383,3
842,0.212,0.388,3
843,-0.676,0.335,3
844,-0.095,0.369,3
847,-0.048,0.361,3
848,1.124,0.513,3
849,0.264,0.396,3
850,0.522,0.427,3
851,0.184,0.388,3
852,-0.546,0.341,3
853,-1.239,0.323,3
854,-0.64,0.34,3
855,0.976,0.494,3
856,-0.454,0.348,3
858,0.767,0.445,3
859,-0.297,0.353,3
860,-0.043,0.373,3
862,1.235,0.54,3
863,1.039,0.489,3
865,0.417,0.424,3
866,-0.833,0.328,3
867,0.217,0.378,3
869,-0.794,0.333,3
870,-0.332,0.346,3
871,-0.399,0.344,3
872,-0.553,0.338,3
873,1.56,0.606,3
874,-1.906,0.314,3
875,-0.239,0.352,3
880,0.173,0.382,3
882,0.585,0.429,3
883,-0.57,0.338,3
884,-0.639,0.34,3
887,-0.431,0.35,3
888,-1.575,0.315,3
889,0.376,0.409,3
890,0.083,0.385,3
10177,0.332,0.396,3
892,0.426,0.413,3
893,0.077,0.378,3
894,1.235,0.54,3
895,-0.268,0.353,3
896,0.183,0.387,3
897,-1.496,0.305,3
898,-2.067,0.301,3
899,-0.533,0.327,3
900,-1.047,0.327,3
901,-1.126,0.319,3
902,-1.055,0.326,3
903,-0.542,0.338,3
905,0.251,0.385,3
906,-0.283,0.349,3
908,-1.014,0.321,3
910,0.082,0.38,3
911,1.039,0.489,3
912,-0.375,0.352,3
913,0.585,0.428,3
914,-0.038,0.368,3
915,1.235,0.54,3
917,1.56,0.606,3
919,0.446,0.409,3
921,0.322,0.397,3
922,0.331,0.407,3
923,0.331,0.392,3
924,0.354,0.399,3
925,0.706,0.449,3
926,0.317,0.382,3
928,0.269,0.397,3
929,1.039,0.489,3
930,0.113,0.382,3
932,0.187,0.385,3
933,-0.884,0.328,3
934,-1.188,0.321,3
935,-0.255,0.348,3
936,-0.83,0.325,3
937,1.56,0.606,3
938,-0.919,0.322,3
10184,-0.216,0.354,3
940,1.235,0.54,3
941,1.183,0.539,3
943,-0.844,0.334,3
945,-0.923,0.332,3
946,0.512,0.414,3
947,-0.841,0.329,3
948,-0.827,0.327,3
949,-0.708,0.325,3
950,0.227,0.377,3
951,-0.058,0.358,3
952,-0.9,0.326,3
953,-0.982,0.325,3
954,0.038,0.379,3
956,1.124,0.513,3
958,0.889,0.485,3
959,0.69,0.45,3
960,0.211,0.396,3
961,1.23,0.537,3
962,-0.321,0.347,3
963,-1.005,0.326,3
964,-0.173,0.353,3
965,-0.069,0.363,3
966,-0.891,0.327,3
967,1.56,0.606,3
968,-0.313,0.347,3
969,-0.296,0.35,3
971,-0.225,0.351,3
972,0.381,0.416,3
973,-1.011,0.314,3
975,-0.357,0.343,3
976,0.225,0.395,3
977,0.437,0.423,3
978,0.87,0.484,3
979,0.758,0.449,3
981,1.235,0.54,3
982,0.377,0.409,3
983,0.183,0.387,3
984,-0.906,0.331,3
985,-0.21,0.351,3
986,-0.664,0.335,3
987,1.56,0.606,3
988,0.142,0.387,3
989,-2.251,0.313,3
990,-0.032,0.365,3
991,0.638,0.437,3
992,-0.838,0.329,3
993,0.31,0.393,3
994,-0.515,0.339,3
996,0.394,0.41,4
10019,0.027,0.368,4
998,0.737,0.443,4
10100,-0.396,0.346,4
10153,-0.364,0.343,4
10023,-0.53,0.339,4
10033,0.582,0.404,4
10001,-1.497,0.316,4
10107,0.423,0.413,4
10187,1.137,0.515,4
1011,1.01,0.501,4
10014,0.715,0.457,4
10136,0.9,0.477,4
10137,0.669,0.444,4
10018,0.826,0.461,4
1019,-0.327,0.34,4
10148,-0.515,0.346,4
1022,-0.311,0.353,4
1025,0.571,0.434,4
10128,-0.192,0.356,4
1027,1.56,0.606,4
1028,0.22,0.384,4
10115,-0.767,0.332,4
10021,0.903,0.48,4
10185,-0.136,0.359,4
10013,-1.977,0.307,4
10237,0.473,0.42,4
1035,0.174,0.387,4
10047,-0.095,0.371,4
10064,-0.963,0.325,4
1039,-1.253,0.323,4
10015,-1.841,0.306,4
1041,0.074,0.38,4
10011,-2.057,0.305,4
10152,0.319,0.402,4
1045,0.699,0.451,4
1046,0.048,0.378,4
10034,0.103,0.386,4
10050,0.346,0.396,4
1051,-0.233,0.35,4
10165,-1.514,0.32,4
1054,-0.234,0.355,4
10089,0.373,0.407,4
10055,1.124,0.513,4
1058,0.487,0.425,4
1059,0.238,0.396,4
10032,1.23,0.537,4
10039,-1.512,0.316,4
1063,-1.289,0.321,4
10012,-0.381,0.348,4
10063,-0.052,0.354,4
10170,-1.439,0.313,4
10084,0.418,0.412,4
10046,1.045,0.491,4
10027,-0.138,0.353,4
1071,-0.463,0.343,4
1072,0.582,0.406,4
1073,-0.146,0.368,4
1074,0.464,0.401,4
10009,-0.559,0.337,4
10083,-0.893,0.324,4
10085,1.039,0.489,4
10077,-0.324,0.345,4
10004,-0.637,0.34,4
10104,0.512,0.429,4
10081,0.889,0.485,4
10054,0.154,0.371,4
10076,-0.172,0.354,4
10036,0.573,0.42,4
10078,-0.47,0.34,4
10088,-0.069,0.369,4
10030,-1.118,0.323,4
1091,-0.213,0.354,4
10005,-0.043,0.369,4
10114,0.085,0.373,4
1095,-0.706,0.331,4
10090,-0.343,0.345,4
1099,-0.849,0.33,4
10164,0.294,0.395,4
1101,-0.079,0.359,4
10048,-1.208,0.327,4
10190,-0.203,0.352,4
1104,1.223,0.533,4
1105,-0.693,0.334,4
10010,-0.228,0.358,4
1108,-0.611,0.333,4
10201,0.464,0.42,4
1110,-0.877,0.322,4
1111,-0.526,0.332,4
10154,1.56,0.606,4
10003,-1.535,0.314,4
10075,0.676,0.448,4
10176,0.246,0.391,4
10038,-0.819,0.324,4
10053,0.087,0.373,4
10116,1.56,0.606,4
1122,0.514,0.397,4
10236,-2.127,0.308,4
10096,0.64,0.441,4
10043,0.024,0.371,4
1128,-0.23,0.353,4
10127,-0.225,0.348,4
10173,-0.266,0.347,4
10074,-0.502,0.345,4
1133,0.272,0.397,4
1134,1.151,0.513,4
1135,1.045,0.491,4
10210,1.045,0.491,4
10024,1.23,0.537,4
1139,-0.642,0.335,4
10022,0.266,0.4,4
1141,0.972,0.491,4
1143,0.454,0.405,4
10026,0.903,0.48,4
10188,0.503,0.43,4
1146,-0.689,0.333,4
1147,0.075,0.375,4
1148,-1.125,0.326,4
1149,0.689,0.432,4
10007,-0.55,0.334,4
10079,0.891,0.478,4
10159,0.7,0.451,4
1155,0.581,0.406,4
1156,0.764,0.453,4
10131,-0.188,0.367,4
10120,0.245,0.387,4
1161,0.039,0.369,4
10125,0.614,0.434,4
1163,-0.26,0.353,4
10008,1.124,0.513,4
10146,0.997,0.501,4
10130,-0.165,0.359,4
1171,0.9,0.477,4
10052,-0.468,0.359,4
1175,-1.219,0.318,4
1177,0.569,0.408,4
10141,-0.092,0.364,4
10095,1.56,0.606,4
10045,1.56,0.606,4
10037,-0.827,0.33,4
1183,0.319,0.407,4
1184,-0.749,0.331,4
10144,0.972,0.491,4
1187,0.14,0.386,4
1188,-0.145,0.362,4
10109,-1.904,0.305,4
10183,-2.598,0.313,4
1191,0.37,0.406,4
1193,-0.552,0.335,4
1194,-0.257,0.353,4
10031,-1.445,0.312,4
10178,-1.269,0.321,4
10151,-0.844,0.331,4
10042,1.56,0.606,4
1199,-1.098,0.329,4
10117,0.206,0.372,4
10099,-0.122,0.36,4
1204,-0.642,0.328,4
10020,-1.198,0.322,4
10069,-0.038,0.369,4
10145,0.242,0.389,4
10066,-1.243,0.323,4
10025,1.23,0.537,4
10110,1.56,0.606,4
10056,-0.947,0.329,4
1213,0.04,0.377,4
1214,-0.336,0.345,4
10098,0.358,0.383,4
10057,-0.969,0.328,4
10006,0.969,0.49,4
10126,-2.012,0.31,4
10162,0.826,0.461,4
10073,1.56,0.606,4
10189,-0.519,0.335,4
10060,0.776,0.446,4
10062,0.465,0.419,4
10142,0.092,0.383,4
1230,-0.163,0.359,4
10101,-0.22,0.353,4
10065,0.933,0.464,4
10061,-0.011,0.365,4
10103,0.889,0.476,4
1236,1.045,0.491,4
1237,0.381,0.407,4
1238,0.235,0.395,4
10051,-1.434,0.32,4
1240,-0.28,0.346,4
1242,-0.011,0.366,4
1244,-0.073,0.363,4
10093,-0.635,0.328,4
10092,0.64,0.441,4
10149,0.82,0.456,4
10041,-0.641,0.342,4
10169,-0.478,0.333,4
1252,1.56,0.606,4
10070,0.741,0.441,4
1255,-1.102,0.321,4
1256,-0.102,0.354,4
1257,0.895,0.474,4
1260,-0.979,0.325,4
1261,1.219,0.532,4
1262,-0.017,0.367,4
10059,-1.901,0.309,4
1264,-1.261,0.319,4
1266,1.56,0.606,4
10068,-0.102,0.365,4
1268,0.086,0.381,4
10058,-0.28,0.349,4
1271,0.235,0.384,4
1273,-0.155,0.359,4
10168,-0.09,0.357,4
1276,0.721,0.448,4
10035,-0.947,0.324,4
1278,0.633,0.439,4
10172,0.9,0.477,4
10186,1.56,0.606,4
10016,-0.254,0.348,4
10002,-0.139,0.359,4
10040,0.938,0.465,4
10080,0.328,0.393,4
10071,-1.559,0.314,4
10191,0.218,0.394,4
1288,-1.098,0.323,4
1289,0.463,0.419,4
1290,-0.927,0.323,4
10028,0.976,0.494,4
10086,-0.643,0.339,4
10017,0.414,0.398,4
10067,-0.222,0.345,4
1297,0.433,0.408,4
1299,1.56,0.606,4
10049,-0.014,0.358,4
10072,1.56,0.606,4
1304,0.633,0.441,4
1306,0.094,0.381,4
1307,0.494,0.394,4
10155,0.64,0.441,4
1309,1.56,0.606,4
10121,1.56,0.606,4
10087,-1.798,0.31,4
10029,0.338,0.398,4
10044,0.042,0.377,4
10082,0.633,0.439,4
1316,0.042,0.378,4
1317,-0.133,0.367,4
1318,1.56,0.606,4
1319,-1.518,0.315,4
1320,-0.422,0.34,4
1321,1.235,0.54,4
1322,-0.564,0.339,5
1323,0.676,0.43,5
1324,0.313,0.394,5
1325,-0.217,0.361,5
1327,1.56,0.606,5
1328,-1.263,0.321,5
1329,-2.379,0.312,5
1331,0.641,0.436,5
1332,0.625,0.44,5
1333,-0.354,0.352,5
1335,-0.916,0.332,5
1336,-1.578,0.315,5
1338,-0.829,0.331,5
1339,1.56,0.606,5
1341,-0.005,0.373,5
1342,1.223,0.533,5
1343,-0.77,0.327,5
1344,-0.004,0.369,5
1346,0.737,0.443,5
1348,-0.25,0.349,5
1349,-0.281,0.345,5
1350,-0.284,0.35,5
1351,-0.497,0.341,5
1353,-0.356,0.345,5
1355,0.256,0.384,5
1356,0.515,0.416,5
1357,-0.489,0.347,5
1358,1.044,0.506,5
1359,0.831,0.462,5
1360,-0.138,0.359,5
1364,-0.504,0.338,5
1365,0.002,0.367,5
1366,0.04,0.379,5
1368,-0.33,0.346,5
1369,1.039,0.489,5
1370,0.29,0.397,5
1375,-1.687,0.314,5
1376,1.048,0.505,5
1377,0.298,0.398,5
1378,0.299,0.39,5
1379,-0.336,0.347,5
1380,-1.099,0.33,5
1383,-0.275,0.354,5
1384,1.56,0.606,5
1385,1.56,0.606,5
1386,1.235,0.54,5
1387,-0.561,0.34,5
1388,-1.766,0.306,5
1390,-0.436,0.347,5
1392,0.87,0.484,5
1393,0.113,0.386,5
1394,-0.931,0.332,5
1396,-0.512,0.342,5
1397,-2.356,0.323,5
1398,-0.456,0.345,5
1400,-0.4,0.337,5
1401,-0.364,0.349,5
1402,1.56,0.606,5
1403,-0.905,0.327,5
1404,-0.431,0.339,5
1405,-0.736,0.334,5
1406,-1.317,0.315,5
1407,-0.38,0.348,5
1408,1.56,0.606,5
1409,0.008,0.372,5
1410,-1.486,0.311,5
1411,1.56,0.606,5
1412,1.56,0.606,5
1413,-0.783,0.332,5
1415,0.355,0.401,5
1417,-1.808,0.316,5
1418,1.56,0.606,5
1419,-0.814,0.334,5
1421,-0.381,0.348,5
1422,-0.482,0.337,5
1424,-0.231,0.351,5
1426,0.465,0.419,5
1427,0.463,0.402,5
1428,-0.274,0.354,5
1430,1.56,0.606,5
1431,-0.203,0.345,5
1432,0.285,0.389,5
1433,1.235,0.54,5
1435,0.094,0.383,5
1437,0.329,0.395,5
1438,0.745,0.442,5
1439,1.56,0.606,5
1440,1.219,0.532,5
1441,-0.081,0.37,5
1442,0.478,0.412,5
1443,1.56,0.606,5
1446,0.159,0.38,5
1447,1.56,0.606,5
1448,0.309,0.395,5
1449,0.388,0.403,5
1450,0.864,0.47,5
1451,1.56,0.606,5
1452,-0.317,0.351,5
1453,0.443,0.424,5
1454,-0.466,0.344,5
1455,0.614,0.435,5
1456,1.223,0.533,5
1457,-0.664,0.337,5
1458,0.633,0.439,5
1459,0.448,0.417,5
1461,0.089,0.363,5
1462,-0.1,0.356,5
1463,0.016,0.38,5
1464,-0.17,0.356,5
1465,-0.061,0.359,5
1468,-1.486,0.315,5
1469,1.039,0.489,5
1470,0.658,0.44,5
1471,0.033,0.379,5
1475,0.87,0.484,5
1476,-0.529,0.339,5
1478,0.299,0.385,5
1481,0.633,0.439,5
1482,1.124,0.513,5
1484,-0.79,0.331,5
1487,0.105,0.369,5
1489,0.789,0.467,5
1490,1.137,0.515,5
1493,-0.027,0.372,5
1494,-1.776,0.306,5
1497,-0.176,0.359,5
1499,0.01,0.359,5
1501,-0.32,0.343,5
1502,-1.185,0.318,5
1503,0.712,0.439,5
1505,-2.244,0.31,5
1507,1.56,0.606,5
1508,1.56,0.606,5
1509,1.56,0.606,5
1511,-0.195,0.349,5
1512,1.56,0.606,5
1513,-0.286,0.35,5
1517,1.137,0.515,5
1518,0.277,0.397,5
1519,-0.109,0.355,5
1521,1.56,0.606,5
1522,0.389,0.402,5
1524,-0.398,0.347,5
1525,0.633,0.439,5
1527,1.044,0.506,5
1528,0.633,0.44,5
1532,0.114,0.378,5
1533,0.825,0.457,5
1534,1.56,0.606,5
1535,0.402,0.411,5
1537,0.111,0.376,5
1538,-1.145,0.315,5
1540,-1.096,0.323,5
1541,0.976,0.494,5
1542,-0.718,0.324,5
1543,-0.267,0.354,5
1548,0.685,0.431,5
1549,0.997,0.501,5
1550,-0.226,0.355,5
1551,0.522,0.424,5
1552,-0.187,0.357,5
1553,-0.034,0.371,5
1554,1.137,0.515,5
1555,0.466,0.414,5
1558,1.56,0.606,5
1559,-0.346,0.347,5
1561,-0.92,0.333,5
1563,1.56,0.606,5
1565,-0.879,0.323,5
1566,-0.209,0.357,5
1567,0.543,0.416,5
1568,-0.386,0.346,5
1569,1.223,0.533,5
1571,0.938,0.465,5
1572,-1.626,0.317,5
1573,0.997,0.501,5
1576,0.05,0.386,5
1577,0.396,0.404,5
1578,0.976,0.494,5
1579,0.891,0.478,5
1580,0.013,0.369,5
1582,0.358,0.384,5
1583,-1.349,0.319,5
1586,-1.355,0.325,5
1587,0.35,0.402,5
1588,1.56,0.606,5
1589,-0.535,0.333,5
1591,1.045,0.491,5
1592,1.56,0.606,5
1594,0.639,0.435,5
1596,-1.214,0.321,5
1597,-0.243,0.353,5
1598,-0.054,0.369,5
1599,0.902,0.479,5
1601,-0.134,0.352,5
1602,0.838,0.462,5
1604,-0.379,0.342,5
1605,-0.673,0.333,5
1606,-0.202,0.364,5
1607,0.938,0.465,5
1608,0.172,0.388,5
1609,0.585,0.429,5
1610,1.23,0.537,5
1611,0.569,0.419,5
1612,0.454,0.411,5
1614,0.616,0.442,5
1616,-1.094,0.321,5
1619,0.64,0.435,5
1620,-1.422,0.319,5
1622,-1.79,0.315,5
1623,-0.874,0.323,5
1624,1.23,0.537,5
1627,0.168,0.37,5
1629,0.605,0.433,5
1630,-0.893,0.328,5
1632,-0.439,0.332,5
1635,-0.648,0.338,5
1636,-1.879,0.31,5
1639,-0.841,0.326,5
1641,0.917,0.477,5
1642,0.478,0.408,5
1643,0.818,0.469,5
1644,1.56,0.606,5
1647,0.035,0.376,5
1649,-1.42,0.317,5
1650,0.554,0.421,5
1654,0.638,0.437,5
1655,-0.63,0.338,5
1656,1.235,0.54,5
1657,-0.706,0.336,5
1659,-0.932,0.327,5
1660,1.044,0.506,5
1661,-1.332,0.319,5
1664,-0.042,0.354,6
1666,-0.555,0.338,6
1667,0.083,0.385,6
1668,0.12,0.382,6
1670,-0.586,0.332,6
1671,0.284,0.385,6
1672,0.094,0.383,6
1675,1.56,0.606,6
1676,-0.166,0.354,6
1677,0.534,0.431,6
1680,-0.476,0.339,6
1682,0.038,0.379,6
1685,1.56,0.606,6
1686,1.56,0.606,6
1687,-0.686,0.335,6
1690,-1.635,0.314,6
1691,0.825,0.457,6
1692,1.56,0.606,6
1693,0.87,0.484,6
1694,-0.043,0.364,6
1697,0.799,0.457,6
1698,0.823,0.463,6
1699,0.102,0.375,6
1701,0.475,0.407,6
1702,0.889,0.476,6
1703,-0.44,0.341,6
1704,0.149,0.387,6
1706,-0.125,0.359,6
1708,1.235,0.54,6
1710,-0.639,0.334,6
1711,-0.689,0.33,6
1712,0.912,0.473,6
1713,-1.268,0.324,6
1714,-0.09,0.354,6
1715,-0.098,0.36,6
1716,0.525,0.43,6
1717,0.343,0.394,6
1719,-0.281,0.352,6
1720,0.416,0.406,6
1721,0.829,0.46,6
1722,-0.093,0.359,6
1723,0.469,0.409,6
1724,0.086,0.371,6
1725,0.04,0.379,6
1726,0.025,0.372,6
1727,-2.111,0.303,6
1728,0.214,0.384,6
1729,1.56,0.606,6
1730,1.235,0.54,6
1731,-0.486,0.34,6
1734,0.086,0.374,6
1735,-0.756,0.338,6
1736,0.124,0.38,6
1738,0.902,0.479,6
1739,-1.191,0.316,6
1741,0.512,0.429,6
1742,1.235,0.54,6
1744,0.186,0.393,6
1745,-1.464,0.316,6
1746,0.425,0.401,6
1748,-0.008,0.37,6
1749,0.9,0.477,6
1751,-1.661,0.304,6
1752,-0.318,0.351,6
1753,-0.971,0.326,6
1754,0.243,0.385,6
1755,-0.62,0.337,6
1756,-0.458,0.345,6
1758,0.277,0.403,6
1760,-0.156,0.368,6
1761,-0.474,0.342,6
1762,0.074,0.383,6
1764,-1.37,0.317,6
1765,0.976,0.494,6
1767,1.56,0.606,6
1769,0.103,0.37,6
1771,1.235,0.54,6
1772,-0.222,0.356,6
1773,0.515,0.415,6
1775,-1.188,0.321,6
1776,0.823,0.463,6
1777,0.435,0.412,6
1778,1.045,0.491,6
1779,-0.322,0.347,6
1780,0.523,0.413,6
1782,-0.749,0.338,6
1783,0.633,0.42,6
1784,-0.335,0.34,6
1785,-1.386,0.32,6
1786,-0.734,0.335,6
1788,-0.921,0.332,6
1789,-1.16,0.32,6
1790,0.018,0.362,6
1791,-0.671,0.334,6
1793,-0.028,0.371,6
1794,0.698,0.449,6
1795,1.512,0.609,6
1796,0.858,0.474,6
1797,0.7,0.451,6
1798,-1.631,0.314,6
1799,0.544,0.433,6
1801,0.244,0.402,6
1802,-0.256,0.354,6
1803,1.151,0.513,6
1804,0.135,0.383,6
1807,0.129,0.362,6
1808,-0.453,0.344,6
1809,1.235,0.54,6
1810,-0.589,0.336,6
1811,0.394,0.391,6
1813,-2.093,0.304,6
1814,1.56,0.606,6
1815,1.56,0.606,6
1816,-1.165,0.312,6
1817,-0.872,0.325,6
1819,-0.256,0.347,6
1820,0.232,0.396,6
1821,-0.108,0.363,6
1822,-0.203,0.352,6
1823,-0.316,0.35,6
1826,-0.204,0.345,6
1827,0.355,0.383,6
1828,-0.809,0.331,6
1829,0.778,0.447,6
1830,0.589,0.43,6
1831,1.56,0.606,6
1832,0.302,0.398,6
1833,-0.594,0.328,6
1836,-0.124,0.351,6
1837,-1.339,0.321,6
1838,0.523,0.415,6
1839,0.164,0.382,6
1841,0.422,0.424,6
1842,-0.518,0.34,6
1843,-1.445,0.316,6
1845,0.7,0.451,6
1846,0.972,0.491,6
1847,1.56,0.606,6
1849,-0.107,0.349,6
1850,0.039,0.372,6
1851,0.205,0.387,6
1852,-0.128,0.364,6
1853,0.463,0.421,6
1854,0.104,0.386,6
1855,-1.278,0.32,6
1856,-0.965,0.329,6
1857,-0.627,0.342,6
1858,0.712,0.439,6
1859,0.7,0.452,6
1860,0.24,0.371,6
1861,1.045,0.491,6
1862,-0.323,0.349,6
1863,-0.262,0.349,6
1866,0.054,0.379,6
1867,-0.245,0.361,6
1868,-0.787,0.333,6
1869,-0.913,0.334,6
1872,-0.104,0.358,6
1873,0.416,0.411,6
1874,0.633,0.441,6
1875,0.649,0.438,6
1876,0.316,0.406,6
1879,-0.203,0.357,6
1882,-0.344,0.352,6
1883,1.56,0.606,6
1884,-1.439,0.318,6
1885,-0.689,0.325,6
1886,-1.16,0.324,6
1888,0.225,0.395,6
1890,0.106,0.38,6
1891,0.396,0.405,6
1892,0.903,0.48,6
1893,0.35,0.397,6
1894,-0.062,0.369,6
1895,-0.547,0.337,6
1897,-0.34,0.35,6
1898,-1.191,0.317,6
1899,-0.282,0.357,6
1900,-0.472,0.334,6
1901,-1.2,0.319,6
1903,-0.586,0.341,6
1904,0.641,0.436,6
1905,-0.921,0.323,6
1906,0.825,0.457,6
1907,0.007,0.357,6
1909,1.56,0.606,6
1910,-0.378,0.347,6
1911,0.449,0.414,6
1912,0.36,0.399,6
1913,1.23,0.537,6
1914,1.137,0.515,6
1915,0.87,0.484,6
1916,-0.303,0.346,6
1919,-0.955,0.331,6
1920,-2.077,0.301,6
1921,0.633,0.441,6
1922,0.535,0.42,6
1923,1.56,0.606,6
1924,0.371,0.402,6
1925,-0.114,0.358,6
1926,0.443,0.409,6
1927,1.56,0.606,6
1928,0.589,0.43,6
1929,-1.864,0.303,6
1930,-0.667,0.336,6
1932,-0.504,0.345,6
1934,0.094,0.383,6
1935,0.601,0.427,6
1936,-0.482,0.335,6
1937,0.827,0.458,6
1938,0.512,0.429,6
1939,0.493,0.409,6
1941,-0.361,0.349,6
1942,0.394,0.41,6
1943,-1.114,0.327,6
1944,-0.122,0.368,6
1945,-0.809,0.338,6
1946,1.56,0.606,6
1947,-1.716,0.31,6
1948,-0.564,0.336,6
1951,-0.146,0.366,6
1952,1.235,0.54,6
1953,-0.157,0.366,6
1954,0.903,0.48,6
1955,-0.538,0.339,6
1958,0.74,0.439,6
1959,-1.069,0.328,6
1960,-0.324,0.352,6
1961,-0.921,0.328,6
1962,0.889,0.476,6
1965,-1.598,0.316,6
1966,0.439,0.417,6
1967,1.56,0.606,6
1969,1.56,0.606,6
1970,-0.524,0.338,6
1971,0.139,0.379,6
1972,-0.907,0.332,6
1973,-0.06,0.357,6
1974,0.637,0.434,6
1975,-0.07,0.357,6
1976,0.153,0.388,6
1978,-0.36,0.341,6
1981,-0.186,0.359,6
1982,-0.746,0.335,6
1984,0.308,0.404,6
1985,1.56,0.606,6
1987,0.966,0.495,6
1989,1.56,0.606,6
1990,-0.396,0.346,6
1991,0.633,0.439,6
1992,0.173,0.383,6
1993,-0.004,0.354,6
1994,-1.052,0.316,6
1995,-0.712,0.338,6
1996,0.759,0.457,6
1997,1.56,0.606,6
1998,-0.301,0.351,6
1999,-0.767,0.326,6
2000,-0.289,0.35,6
2002,0.21,0.392,7
2003,1.235,0.54,7
2004,0.204,0.385,7
2005,-1.235,0.319,7
2006,0.008,0.36,7
2007,-0.79,0.328,7
2009,-0.067,0.367,7
2010,-1.056,0.316,7
2011,0.352,0.395,7
2012,-0.146,0.366,7
2014,0.437,0.391,7
2016,1.223,0.533,7
2019,-2.074,0.303,7
2020,0.966,0.495,7
2021,-0.385,0.345,7
2022,-0.997,0.322,7
2025,-0.484,0.341,7
2026,0.346,0.408,7
2027,-0.697,0.337,7
2029,1.124,0.513,7
2030,0.938,0.465,7
2031,0.64,0.441,7
2032,0.038,0.382,7
2034,0.562,0.425,7
2035,0.475,0.407,7
2036,0.806,0.466,7
2037,-0.932,0.325,7
2039,1.56,0.606,7
2040,-0.025,0.369,7
2041,-1.235,0.317,7
2042,-0.483,0.334,7
2043,-0.264,0.357,7
2044,-0.291,0.345,7
2045,-1.097,0.327,7
2047,-0.671,0.334,7
2050,-0.878,0.324,7
2051,1.56,0.606,7
2052,0.177,0.391,7
2054,-0.259,0.347,7
2056,0.113,0.386,7
2057,1.045,0.491,7
2058,1.56,0.606,7
2059,-0.683,0.334,7
2061,0.169,0.391,7
2062,-0.545,0.337,7
2063,1.56,0.606,7
2064,0.572,0.418,7
2067,0.551,0.399,7
2068,0.145,0.381,7
2069,0.293,0.389,7
2070,0.116,0.36,7
2072,-0.445,0.341,7
2074,0.966,0.472,7
2076,-0.67,0.346,7
2077,0.394,0.41,7
2079,0.439,0.399,7
2080,0.47,0.419,7
2082,0.026,0.365,7
2083,1.151,0.513,7
2084,0.101,0.386,7
2085,-1.084,0.324,7
2088,-1.425,0.317,7
2089,-1.416,0.319,7
2090,1.56,0.606,7
2092,-1.216,0.323,7
2093,1.56,0.606,7
2095,0.778,0.447,7
2096,-0.179,0.359,7
2099,-0.089,0.364,7
2102,-0.159,0.364,7
2103,-0.599,0.336,7
2104,1.137,0.515,7
2105,1.23,0.537,7
2106,1.56,0.606,7
2107,-0.802,0.333,7
2109,-0.378,0.355,7
2110,-0.688,0.336,7
2111,-1.211,0.314,7
2113,0.87,0.484,7
2114,-0.366,0.348,7
2115,-0.523,0.333,7
2116,1.235,0.54,7
2117,1.235,0.54,7
2118,0.966,0.472,7
2119,-0.091,0.354,7
2120,-1.432,0.322,7
2121,0.639,0.435,7
2122,-1.389,0.312,7
2123,1.56,0.606,7
2124,-1.49,0.318,7
2126,0.824,0.47,7
2127,-1.181,0.319,7
2128,-0.523,0.341,7
2129,-1.107,0.326,7
2130,0.972,0.491,7
2132,-0.942,0.326,7
2133,-1.38,0.32,7
2136,0.083,0.382,7
2137,-0.239,0.351,7
2138,1.56,0.606,7
2139,0.094,0.383,7
2140,-1.354,0.317,7
2141,-1.263,0.316,7
2142,-0.596,0.335,7
2144,0.97,0.489,7
2146,0.829,0.46,7
2147,-1.115,0.314,7
2148,0.127,0.388,7
2149,-1.083,0.314,7
2150,0.413,0.414,7
2151,-0.233,0.353,7
2152,-0.407,0.351,7
2153,-0.373,0.337,7
2160,-1.894,0.316,7
2161,0.426,0.413,7
2162,0.994,0.49,7
2163,0.151,0.386,7
2164,0.739,0.437,7
2165,-0.618,0.337,7
2171,1.235,0.54,7
2173,-0.165,0.361,7
2174,-0.038,0.363,7
2175,-2.699,0.312,7
2177,1.23,0.537,7
2178,-0.472,0.346,7
2179,-2.123,0.306,7
2180,0.823,0.463,7
2181,1.235,0.54,7
2182,1.56,0.606,7
2183,1.235,0.54,7
2185,-0.654,0.331,7
2187,-0.275,0.355,7
2188,1.56,0.606,7
2189,0.976,0.494,7
2190,1.235,0.54,7
2191,-0.682,0.341,7
2192,-1.755,0.315,7
2193,0.098,0.36,7
2195,0.582,0.406,7
2196,-0.477,0.343,7
2199,1.56,0.606,7
2200,-1.901,0.32,7
2202,-0.349,0.348,7
2204,-1.382,0.313,7
2206,-0.791,0.334,7
2207,1.089,0.502,7
2208,0.829,0.46,7
2209,0.823,0.457,7
2210,1.56,0.606,7
2211,-1.126,0.326,7
2212,-1.091,0.328,7
2213,0.186,0.371,7
2214,-1.151,0.326,7
2216,-0.517,0.339,7
2217,-0.492,0.344,7
2218,0.608,0.443,7
2219,-1.091,0.324,7
2221,0.348,0.395,7
2222,-0.459,0.33,7
2224,-0.027,0.373,7
2225,-0.51,0.337,7
2228,-0.212,0.354,7
2229,0.288,0.391,7
2230,1.56,0.606,7
2232,-2.434,0.305,7
2233,-0.256,0.336,7
2234,0.463,0.421,7
2235,-1.751,0.319,7
2236,0.058,0.363,7
2237,-1.053,0.322,7
2239,0.094,0.383,7
2240,-0.08,0.364,7
2241,0.225,0.392,7
2242,1.223,0.533,7
2244,0.048,0.362,7
2245,-0.918,0.33,7
2246,-2.267,0.309,7
2247,-1.102,0.323,7
2248,-0.636,0.335,7
2249,1.56,0.606,7
2250,0.759,0.459,7
2251,-0.902,0.329,7
2253,1.56,0.606,7
2254,1.56,0.606,7
2256,1.56,0.606,7
2257,-0.074,0.371,7
2258,-0.4,0.342,7
2259,0.359,0.386,7
2260,-0.738,0.337,7
2263,1.235,0.54,7
2264,-1.195,0.315,7
2265,0.889,0.485,7
2268,0.972,0.491,7
2269,1.219,0.532,7
2270,-2.333,0.315,7
2272,0.225,0.395,7
2273,-0.353,0.343,7
2274,1.56,0.606,7
2275,0.347,0.397,7
2277,-0.709,0.333,7
2279,-1.287,0.315,7
2280,-0.883,0.331,7
2282,0.917,0.477,7
2283,0.417,0.424,7
2284,0.503,0.416,7
2287,-0.911,0.324,7
2288,0.104,0.36,7
2290,0.179,0.381,7
2291,0.18,0.375,7
2293,-0.826,0.327,7
2294,-0.171,0.346,7
2296,1.56,0.606,7
2297,0.2,0.363,7
2298,-0.467,0.347,7
2300,1.56,0.606,7
2301,1.56,0.606,7
2302,0.641,0.436,7
2303,1.56,0.606,7
2304,0.448,0.417,7
2306,-0.236,0.351,7
2307,-0.316,0.342,7
2308,0.69,0.45,7
2309,0.902,0.479,7
2310,1.56,0.606,7
2311,1.56,0.606,7
2313,-0.94,0.333,7
2314,-0.97,0.327,7
2315,-1.2,0.319,7
2317,-0.554,0.34,7
2319,0.39,0.402,7
2320,-0.323,0.337,7
2321,-0.564,0.335,7
2322,0.348,0.394,7
2324,0.477,0.429,7
2326,0.007,0.363,7
2327,0.239,0.386,7
2328,-0.539,0.34,8
2329,-0.256,0.359,8
2330,0.579,0.429,8
2331,0.778,0.461,8
2333,-0.229,0.357,8
2334,0.077,0.378,8
2335,1.23,0.537,8
2337,-0.142,0.365,8
2338,-0.636,0.336,8
2339,1.56,0.606,8
2340,-0.399,0.342,8
2341,0.64,0.441,8
2342,1.039,0.489,8
2344,-0.571,0.341,8
2345,-1.37,0.318,8
2346,1.56,0.606,8
2347,-1.16,0.329,8
2349,0.388,0.405,8
2350,1.23,0.537,8
2351,0.184,0.385,8
2352,-0.337,0.351,8
2353,-0.541,0.335,8
2355,-1.905,0.317,8
2357,0.87,0.484,8
2358,-2.049,0.309,8
2359,-0.75,0.329,8
2360,-1.352,0.303,8
2363,-0.435,0.339,8
2364,0.558,0.417,8
2365,-0.853,0.332,8
2370,0.687,0.447,8
2371,-0.315,0.341,8
2372,0.9,0.477,8
2375,-0.326,0.347,8
2378,0.478,0.408,8
2379,1.56,0.606,8
2380,-0.374,0.341,8
2381,-0.788,0.327,8
2382,1.56,0.606,8
2383,-0.325,0.36,8
2385,0.047,0.377,8
2388,0.198,0.389,8
2389,0.488,0.421,8
2392,0.299,0.379,8
2393,1.56,0.606,8
2394,-0.62,0.329,8
2395,1.56,0.606,8
2396,-1.624,0.309,8
2397,1.223,0.533,8
2398,-0.194,0.362,8
2399,1.56,0.606,8
2400,0.437,0.402,8
2402,0.831,0.462,8
2403,0.333,0.394,8
2404,0.553,0.426,8
2405,0.902,0.479,8
2406,-1.331,0.321,8
2408,-1.015,0.328,8
2409,-0.422,0.347,8
2410,0.714,0.447,8
2411,-0.406,0.347,8
2412,1.56,0.606,8
2414,-1.433,0.31,8
2415,0.87,0.484,8
2416,-0.254,0.349,8
2417,-0.305,0.351,8
2419,-1.569,0.315,8
2420,0.966,0.495,8
2421,-1.017,0.327,8
2422,-0.537,0.329,8
2423,1.235,0.54,8
2425,-0.169,0.362,8
2426,-0.381,0.351,8
2427,1.137,0.515,8
2428,-1.264,0.311,8
2429,1.56,0.606,8
2430,0.392,0.411,8
2431,-0.722,0.333,8
2433,1.235,0.54,8
2434,-2.249,0.308,8
2435,0.196,0.387,8
2436,0.39,0.411,8
2437,-0.399,0.346,8
2438,-0.408,0.349,8
2440,-0.864,0.33,8
2442,-0.019,0.365,8
2443,-0.58,0.336,8
2446,0.331,0.404,8
2447,0.522,0.428,8
2448,0.463,0.421,8
2449,-0.153,0.353,8
2450,1.56,0.606,8
2451,-0.554,0.341,8
2452,0.661,0.446,8
2454,-0.064,0.366,8
2455,1.56,0.606,8
2456,-0.925,0.325,8
2457,-1.934,0.304,8
2458,-0.444,0.338,8
2459,0.69,0.45,8
2460,0.394,0.41,8
2461,-0.313,0.355,8
2462,0.185,0.39,8
2463,-0.735,0.335,8
2464,-0.769,0.326,8
2465,-0.431,0.348,8
2466,-1.131,0.328,8
2469,-1.002,0.325,8
2471,0.976,0.494,8
2472,-1.104,0.323,8
2473,-0.722,0.333,8
2475,-0.926,0.331,8
2476,1.137,0.515,8
2477,-0.259,0.347,8
2479,-1.232,0.321,8
2480,-0.905,0.327,8
2482,1.223,0.533,8
2483,-0.824,0.333,8
2485,0.895,0.474,8
2486,0.233,0.382,8
2487,0.9,0.477,8
2490,-0.736,0.33,8
2491,-0.607,0.329,8
2492,0.465,0.416,8
2493,0.474,0.404,8
2494,0.536,0.413,8
2495,-0.256,0.359,8
2496,-0.603,0.332,8
2497,-0.136,0.359,8
2498,-0.069,0.358,8
2499,0.065,0.368,8
2500,1.56,0.606,8
2501,0.902,0.479,8
2502,1.56,0.606,8
2504,-0.201,0.352,8
2505,-2.381,0.315,8
2507,1.56,0.606,8
2508,0.032,0.377,8
2509,0.768,0.446,8
2510,-0.856,0.332,8
2511,-1.477,0.322,8
2512,0.314,0.402,8
2513,-0.418,0.347,8
2516,-1.281,0.32,8
2517,1.56,0.606,8
2518,-3.042,0.325,8
2519,1.235,0.54,8
2520,0.208,0.389,8
2521,-0.597,0.339,8
2522,0.44,0.411,8
2523,-0.602,0.34,8
2524,0.699,0.451,8
2525,-0.285,0.344,8
2526,0.976,0.494,8
2527,0.592,0.433,8
2529,-1.349,0.321,8
2530,0.994,0.49,8
2531,-0.896,0.328,8
2533,-0.561,0.338,8
2534,-0.105,0.37,8
2537,1.56,0.606,8
2539,1.045,0.491,8
2540,-0.508,0.348,8
2541,0.383,0.403,8
2542,0.217,0.39,8
2543,-0.117,0.351,8
2544,1.223,0.533,8
2545,1.452,0.607,8
2546,-1.258,0.321,8
2548,-0.096,0.366,8
2549,-0.558,0.342,8
2550,-0.56,0.337,8
2551,-0.359,0.372,8
2553,0.144,0.388,8
2554,-0.081,0.37,8
2555,-0.296,0.346,8
2556,-0.617,0.338,8
2557,1.56,0.606,8
2558,-0.693,0.33,8
2560,0.966,0.495,8
2561,0.168,0.388,8
2562,-0.306,0.353,8
2563,0.902,0.479,8
2567,-1.647,0.316,8
2569,1.56,0.606,8
2570,0.283,0.4,8
2571,0.474,0.418,8
2572,1.137,0.515,8
2573,-0.254,0.355,8
2574,1.56,0.606,8
2576,1.089,0.502,8
2577,-0.924,0.326,8
2579,0.137,0.375,8
2581,1.56,0.606,8
2582,-0.28,0.343,8
2583,-0.031,0.361,8
2584,-1.134,0.319,8
2587,-0.523,0.328,8
2588,1.56,0.606,8
2590,0.23,0.39,8
2591,0.6,0.44,8
2592,1.045,0.491,8
2594,-1.033,0.325,8
2595,0.755,0.446,8
2597,0.477,0.429,8
2598,0.157,0.383,8
2600,-0.954,0.329,8
2601,0.369,0.397,8
2605,0.17,0.388,8
2607,-0.97,0.328,8
2608,0.422,0.415,8
2609,-0.703,0.341,8
2611,-0.863,0.328,8
2612,1.223,0.533,8
2614,-0.874,0.338,8
2615,0.139,0.385,8
2618,0.698,0.449,8
2619,-1.406,0.316,8
2621,0.633,0.42,8
2622,-0.376,0.343,8
2623,0.592,0.423,8
2625,0.638,0.435,8
2626,0.476,0.406,8
2628,0.298,0.401,8
2629,0.512,0.428,8
2631,0.044,0.37,8
2632,1.56,0.606,8
2633,0.826,0.461,8
2634,-0.59,0.333,8
2635,0.059,0.38,8
2637,-0.22,0.358,8
2638,1.56,0.606,8
2640,-1.224,0.322,8
2641,1.039,0.489,8
2642,1.56,0.606,8
2644,1.56,0.606,8
2645,-0.041,0.374,8
2646,0.26,0.382,8
2648,-0.333,0.342,8
2649,-0.351,0.351,8
2650,1.56,0.606,8
2651,0.601,0.428,8
2652,-0.354,0.343,8
2653,0.138,0.383,8
2654,0.118,0.382,8
2655,-1.254,0.318,8
2656,0.87,0.484,8
2657,-0.611,0.328,8
2659,-1.868,0.311,9
2660,0.023,0.374,9
2661,-0.81,0.333,9
2662,-1.295,0.32,9
2663,-0.129,0.362,9
2664,-1.348,0.321,9
2666,0.781,0.458,9
2667,-1.136,0.324,9
2668,-0.434,0.351,9
2669,1.56,0.606,9
2670,0.033,0.367,9
2671,-0.205,0.345,9
2673,0.579,0.426,9
2674,0.218,0.392,9
2675,0.649,0.439,9
2676,-0.697,0.335,9
2677,1.56,0.606,9
2678,-0.145,0.361,9
2679,-1.027,0.323,9
2680,-0.939,0.327,9
2681,-0.296,0.343,9
2682,-0.207,0.359,9
2683,-0.739,0.333,9
2684,-0.234,0.355,9
2686,-0.601,0.34,9
2687,-1.094,0.322,9
2688,-0.203,0.357,9
2689,0.576,0.429,9
2690,-1.036,0.329,9
2691,-1.036,0.318,9
2692,-1.158,0.325,9
2693,0.699,0.451,9
2694,-0.297,0.348,9
2695,0.767,0.445,9
2697,-1.088,0.336,9
2698,-1.053,0.325,9
2699,0.938,0.465,9
2700,0.254,0.383,9
2701,-1.043,0.323,9
2703,-0.039,0.36,9
2704,0.082,0.378,9
2706,-0.196,0.363,9
2707,-0.745,0.336,9
2708,0.776,0.465,9
2711,-0.509,0.351,9
2712,-0.205,0.359,9
2713,-0.589,0.343,9
2715,-0.081,0.37,9
2717,-0.092,0.364,9
2719,-0.706,0.339,9
2720,0.521,0.426,9
2722,-0.427,0.341,9
2723,-0.215,0.354,9
2724,1.124,0.513,9
2725,-0.025,0.355,9
2726,1.137,0.515,9
2729,1.235,0.54,9
2730,0.823,0.463,9
2731,-0.036,0.373,9
2732,0.889,0.476,9
2733,1.23,0.537,9
2734,1.56,0.606,9
2736,0.071,0.383,9
2737,-1.132,0.323,9
2738,-1.062,0.328,9
2739,-0.692,0.347,9
2740,-0.58,0.347,9
2741,-0.453,0.346,9
2742,-1.781,0.314,9
2743,-0.257,0.356,9
2744,-0.05,0.363,9
2745,-0.943,0.328,9
2746,-2.118,0.303,9
2747,-1.159,0.32,9
2748,1.56,0.606,9
2750,-1.167,0.32,9
2751,-0.793,0.336,9
2752,0.571,0.42,9
2753,-0.274,0.35,9
2754,-1.916,0.304,9
2756,-1.35,0.316,9
2758,0.369,0.407,9
2759,-0.785,0.337,9
2761,0.486,0.426,9
2762,-1.219,0.322,9
2763,1.56,0.606,9
2764,0.633,0.42,9
2765,-2.05,0.301,9
2766,-0.677,0.341,9
2767,-0.668,0.341,9
2768,0.413,0.398,9
2769,0.563,0.424,9
2770,0.889,0.476,9
2771,1.56,0.606,9
2772,-0.039,0.361,9
2773,1.045,0.491,9
2774,1.56,0.606,9
2775,1.56,0.606,9
2777,-0.771,0.33,9
2779,0.633,0.441,9
2780,-0.119,0.352,9
2781,-1.612,0.309,9
2782,1.56,0.606,9
2784,-0.607,0.341,9
2785,0.097,0.384,9
2786,-0.166,0.346,9
2787,0.966,0.488,9
2790,-0.265,0.355,9
2791,0.008,0.369,9
2792,1.56,0.606,9
2793,1.56,0.606,9
2794,-0.41,0.342,9
2795,0.553,0.426,9
2796,0.976,0.494,9
2797,0.063,0.38,9
2799,0.252,0.397,9
2800,-0.199,0.359,9
2801,1.56,0.606,9
2802,0.26,0.382,9
2804,0.225,0.395,9
2805,-0.853,0.334,9
2806,0.258,0.383,9
2807,1.089,0.502,9
2808,-0.028,0.376,9
2809,0.571,0.42,9
2810,0.823,0.463,9
2811,0.196,0.377,9
2812,-1.411,0.315,9
2813,-2.334,0.3,9
2814,1.223,0.533,9
2815,-0.589,0.337,9
2816,-0.539,0.342,9
2817,0.394,0.41,9
2818,-2.419,0.309,9
2819,0.783,0.448,9
2820,-1.341,0.318,9
2821,-1.584,0.309,9
2823,-2.195,0.306,9
2824,-0.964,0.325,9
2825,0.759,0.459,9
2827,0.058,0.366,9
2828,1.23,0.537,9
2830,-1.253,0.313,9
2832,0.038,0.364,9
2833,-0.678,0.332,9
2835,-0.398,0.344,9
2836,-0.383,0.339,9
2837,-0.988,0.32,9
2838,0.255,0.394,9
2839,0.739,0.419,9
2840,0.966,0.495,9
2842,0.077,0.373,9
2843,-0.78,0.328,9
2844,1.56,0.606,9
2845,0.854,0.481,9
2846,1.235,0.54,9
2847,-0.389,0.342,9
2848,-0.577,0.336,9
2849,-1.062,0.328,9
2850,-0.529,0.343,9
2851,-0.291,0.36,9
2854,0.298,0.401,9
2855,0.745,0.442,9
2857,-0.043,0.353,9
2858,-1.555,0.318,9
2859,-0.414,0.34,9
2860,0.858,0.474,9
2861,0.022,0.373,9
2862,1.137,0.515,9
10197,-1.171,0.32,9
2865,0.443,0.412,9
2866,1.077,0.515,9
2869,1.048,0.505,9
2870,1.56,0.606,9
2871,0.277,0.398,9
2872,0.192,0.373,9
2874,0.393,0.411,9
2875,-0.763,0.324,9
2876,0.838,0.462,9
2877,0.037,0.362,9
2878,-0.149,0.361,9
2880,0.064,0.367,9
2881,0.972,0.491,9
2882,-0.217,0.362,9
2883,-1.299,0.315,9
2884,-0.06,0.367,9
2885,-1.206,0.322,9
2886,0.614,0.435,9
2889,0.272,0.397,9
2890,-1.14,0.326,9
2892,-1.215,0.325,9
2893,0.15,0.388,9
2894,-0.246,0.356,9
2895,-0.559,0.344,9
2896,0.228,0.394,9
2897,-0.113,0.366,9
2898,1.23,0.537,9
2901,-1.995,0.303,9
2904,-0.815,0.334,9
2906,-0.643,0.339,9
2907,0.889,0.476,9
2908,1.235,0.54,9
2909,0.463,0.421,9
2911,-1.057,0.328,9
2912,1.56,0.606,9
2913,0.321,0.406,9
2914,-0.688,0.337,9
2915,-1.304,0.34,9
2916,-1.041,0.324,9
2917,-0.38,0.349,9
2918,0.42,0.41,9
2919,-0.1,0.368,9
2922,0.023,0.375,9
2923,-0.791,0.334,9
2924,0.826,0.461,9
2925,-0.457,0.347,9
2926,-0.166,0.357,9
2927,-0.817,0.33,9
2928,0.9,0.477,9
2929,-0.969,0.329,9
2930,-0.158,0.351,9
2931,0.633,0.439,9
2933,-1.824,0.308,9
2934,-0.681,0.334,9
2936,-0.997,0.325,9
2937,-0.785,0.337,9
2939,0.309,0.395,9
2940,0.192,0.384,9
2941,1.235,0.54,9
2942,1.223,0.533,9
2943,-0.359,0.346,9
2944,-1.111,0.327,9
2945,0.504,0.411,9
2946,-1.252,0.337,9
2947,0.396,0.405,9
2949,-0.425,0.343,9
2950,0.695,0.447,9
2951,1.01,0.501,9
2952,-1.306,0.322,9
2953,0.11,0.379,9
2954,-0.5,0.337,9
2955,1.56,0.606,9
2956,1.56,0.606,9
2957,0.763,0.449,9
2958,0.976,0.494,9
2959,-1.895,0.312,9
2960,-0.505,0.343,9
2961,-0.931,0.323,9
2962,0.207,0.391,9
2963,0.411,0.416,9
2964,-0.151,0.352,9
2965,0.037,0.361,9
2966,-0.333,0.348,9
2968,0.052,0.374,9
2969,1.126,0.537,9
2970,0.229,0.395,9
2971,-0.841,0.327,9
2972,0.239,0.391,9
2973,-0.369,0.342,9
2974,-0.914,0.324,9
2979,-0.753,0.338,9
2980,0.191,0.392,9
2981,1.235,0.54,9
2982,0.78,0.45,9
10182,-0.615,0.332,9
2986,-0.591,0.331,10
2987,-0.013,0.365,10
2988,-0.529,0.338,10
2989,-0.98,0.322,10
2992,-1.446,0.312,10
2994,-1.143,0.317,10
2995,0.689,0.446,10
2997,0.743,0.439,10
2998,0.435,0.395,10
2999,0.864,0.47,10
3002,0.641,0.436,10
3003,-0.809,0.326,10
3004,-0.414,0.345,10
3005,0.889,0.476,10
3007,-1.076,0.317,10
3008,-0.275,0.346,10
3009,-0.674,0.335,10
3010,-0.463,0.347,10
3011,0.063,0.369,10
3012,0.078,0.368,10
3014,-1.111,0.32,10
3015,-1.07,0.322,10
3016,0.023,0.374,10
3017,-0.516,0.334,10
3018,-0.224,0.352,10
3020,-0.852,0.331,10
3021,-0.01,0.368,10
3022,0.245,0.38,10
3023,-0.806,0.332,10
3024,0.272,0.4,10
3026,-0.409,0.351,10
3027,1.56,0.606,10
3028,0.636,0.422,10
3029,-0.409,0.341,10
3030,-0.651,0.338,10
3031,-0.627,0.338,10
3033,-0.011,0.363,10
3034,-0.327,0.342,10
3036,-0.247,0.347,10
3037,0.139,0.365,10
3038,0.096,0.37,10
3039,-0.829,0.327,10
3040,-0.412,0.348,10
3041,-0.121,0.361,10
3042,1.23,0.537,10
3043,-1.079,0.327,10
3044,-0.59,0.342,10
3045,-1.806,0.313,10
3046,-0.188,0.35,10
3047,0.68,0.449,10
3048,-0.45,0.342,10
3049,-0.076,0.371,10
3052,0.5,0.411,10
3053,-1.045,0.322,10
3054,1.235,0.54,10
3055,0.432,0.41,10
3056,-0.362,0.332,10
3058,-0.399,0.342,10
3060,-0.16,0.365,10
3061,-0.485,0.333,10
3062,0.982,0.477,10
3063,-1.089,0.315,10
3064,-0.415,0.345,10
3065,-0.021,0.374,10
3066,0.766,0.443,10
3067,-0.468,0.343,10
3068,0.173,0.375,10
3071,0.576,0.428,10
3072,0.263,0.387,10
3073,-0.31,0.351,10
3075,-3.036,0.306,10
3076,-0.665,0.336,10
3079,-0.697,0.327,10
3081,-0.802,0.324,10
3082,-0.631,0.338,10
3083,-0.548,0.339,10
3084,-1.227,0.31,10
3085,0.245,0.38,10
3086,-1.5,0.313,10
3087,1.56,0.606,10
3088,-0.806,0.323,10
3089,0.096,0.381,10
3090,-1.356,0.321,10
3092,-1.245,0.324,10
3093,0.676,0.448,10
3095,-0.733,0.331,10
3097,0.889,0.476,10
3098,-0.474,0.339,10
3099,-0.614,0.34,10
3102,-0.803,0.326,10
3107,0.257,0.392,10
3108,1.56,0.606,10
3109,0.576,0.428,10
3110,0.699,0.451,10
3111,-0.165,0.348,10
3112,-1.049,0.329,10
3113,-1.885,0.305,10
3114,-0.078,0.37,10
3115,-1.399,0.316,10
3116,1.045,0.491,10
3117,1.137,0.515,10
3118,-0.085,0.357,10
3119,-1.087,0.324,10
3120,-1.887,0.308,10
3122,-0.125,0.359,10
3123,0.902,0.479,10
3124,0.581,0.406,10
3127,0.902,0.479,10
3128,1.56,0.606,10
3130,-1.397,0.319,10
3131,-0.769,0.327,10
3132,-0.241,0.359,10
3133,1.235,0.54,10
3134,-0.206,0.35,10
3135,-0.909,0.33,10
3136,0.739,0.437,10
3138,-1.047,0.321,10
3139,0.755,0.456,10
3142,0.288,0.409,10
3143,-1.014,0.327,10
3144,-0.224,0.343,10
3145,-0.391,0.345,10
3146,-0.208,0.358,10
3147,-0.127,0.365,10
3148,0.695,0.447,10
3150,-0.339,0.349,10
3151,0.608,0.426,10
3152,1.124,0.513,10
3154,-1.593,0.315,10
3156,-0.076,0.366,10
3158,0.4,0.404,10
3159,-0.496,0.337,10
3160,1.56,0.606,10
3161,0.759,0.459,10
3163,-1.309,0.318,10
3164,-1.552,0.322,10
3165,0.074,0.38,10
3167,-0.215,0.352,10
3168,-0.2,0.348,10
3169,-0.254,0.345,10
3170,0.73,0.453,10
3171,1.56,0.606,10
3172,-0.006,0.37,10
3173,-0.682,0.337,10
3174,-0.177,0.354,10
3175,0.59,0.435,10
3180,-0.313,0.355,10
3181,0.246,0.391,10
3183,0.711,0.436,10
3184,0.202,0.387,10
3185,-0.995,0.325,10
3186,0.826,0.461,10
3187,-0.008,0.37,10
3190,-0.16,0.36,10
3191,-0.002,0.369,10
3192,0.026,0.359,10
3193,-0.848,0.333,10
3194,0.38,0.405,10
3195,0.348,0.395,10
3196,0.089,0.377,10
3197,-1.175,0.321,10
3198,-0.781,0.334,10
3199,1.151,0.513,10
3200,0.536,0.419,10
3201,0.69,0.45,10
3202,-0.129,0.369,10
3203,0.915,0.476,10
3204,0.638,0.437,10
3206,-0.13,0.363,10
3207,-0.043,0.376,10
3209,-1.912,0.303,10
3210,-0.386,0.351,10
3212,0.649,0.439,10
3213,1.089,0.502,10
3214,-0.768,0.335,10
3217,0.416,0.415,10
3218,1.223,0.533,10
3219,-1.347,0.31,10
3220,-1.241,0.321,10
3221,0.439,0.399,10
3222,-1.074,0.319,10
3223,-0.473,0.339,10
3225,-1.35,0.317,10
3226,-0.317,0.349,10
3227,0.311,0.401,10
3228,-0.58,0.341,10
3230,1.56,0.606,10
3231,-1.668,0.314,10
3232,0.78,0.45,10
3233,-0.469,0.338,10
3234,0.029,0.375,10
3235,-0.737,0.334,10
3236,0.624,0.442,10
3238,0.853,0.479,10
3240,-1.594,0.313,10
3242,-0.226,0.359,10
3243,1.56,0.606,10
3244,-1.471,0.315,10
3247,0.174,0.381,10
3248,-0.906,0.326,10
3249,-1.002,0.33,10
3252,0.823,0.463,10
3253,0.279,0.397,10
3254,0.903,0.48,10
3255,-0.364,0.352,10
3256,-0.985,0.325,10
3257,0.163,0.377,10
3258,-0.918,0.325,10
3259,0.038,0.379,10
3260,-0.663,0.339,10
3261,-0.691,0.337,10
3264,-0.167,0.365,10
3265,0.297,0.394,10
3266,-0.21,0.363,10
3268,-0.048,0.373,10
3269,1.56,0.606,10
3271,0.103,0.386,10
3272,1.23,0.537,10
3274,-0.91,0.326,10
3275,0.038,0.379,10
3276,-2.205,0.31,10
3278,1.56,0.606,10
3279,-0.305,0.35,10
3280,0.595,0.435,10
3281,0.055,0.382,10
3282,-0.465,0.341,10
3283,1.223,0.533,10
3284,1.223,0.533,10
3285,0.042,0.378,10
3286,-0.637,0.336,10
3287,-0.367,0.351,10
3288,1.151,0.513,10
3289,0.431,0.402,10
3291,1.223,0.533,10
3292,0.9,0.477,10
3294,-0.248,0.351,10
3296,0.225,0.395,10
3297,0.826,0.461,10
3298,-0.635,0.325,10
3299,-0.593,0.336,10
3301,-0.918,0.334,10
3302,1.151,0.513,10
3305,-0.566,0.346,10
3306,0.422,0.418,10
3307,-2.118,0.303,10
3308,1.235,0.54,10
3310,-0.793,0.334,10
3311,0.504,0.411,10
3312,-0.668,0.337,10
3313,0.29,0.397,10
3314,-0.23,0.363,10
3315,-0.054,0.363,10
3316,0.324,0.395,10
3318,0.387,0.405,10
3319,-1.343,0.313,10
3321,1.124,0.513,10
3322,0.259,0.387,10
3323,-0.923,0.328,10
3324,-1.049,0.326,10
3325,-1.316,0.319,10
3326,-0.635,0.34,10
3327,-0.456,0.338,10
3328,-0.861,0.331,10
3330,-1.048,0.326,10
3331,-0.477,0.334,10
3332,0.235,0.386,11
3335,-1.436,0.319,11
3336,-0.267,0.359,11
3340,-0.001,0.369,11
3342,0.108,0.386,11
3344,-0.553,0.328,11
3345,-0.251,0.343,11
3346,0.003,0.36,11
3347,-0.342,0.346,11
3350,0.618,0.453,11
3352,0.825,0.457,11
3354,-0.176,0.347,11
3356,-0.33,0.356,11
3357,0.286,0.398,11
3358,-0.417,0.343,11
3360,-0.186,0.364,11
3361,0.437,0.402,11
3362,0.306,0.403,11
3364,0.077,0.37,11
3366,-0.549,0.339,11
3372,0.286,0.391,11
3374,-0.297,0.354,11
3375,0.87,0.484,11
3377,-1.982,0.307,11
3378,-0.289,0.343,11
3381,-0.987,0.322,11
3382,0.23,0.393,11
3384,-0.859,0.326,11
3386,0.605,0.433,11
3387,0.87,0.484,11
3388,1.56,0.606,11
3389,0.542,0.418,11
3390,0.03,0.379,11
3397,-1.15,0.32,11
3398,-0.25,0.358,11
3402,-0.332,0.354,11
3404,-0.034,0.376,11
3405,-0.973,0.323,11
3406,-0.997,0.321,11
3407,-0.126,0.353,11
3408,1.235,0.54,11
3411,-0.353,0.35,11
3412,-0.48,0.338,11
3414,-0.508,0.342,11
3415,-0.392,0.343,11
3416,0.28,0.391,11
3418,0.298,0.379,11
3419,-0.473,0.345,11
3420,1.56,0.606,11
3422,-0.653,0.328,11
3423,0.027,0.381,11
3424,1.039,0.489,11
3425,-0.774,0.326,11
3427,1.223,0.533,11
3428,0.938,0.465,11
3429,-0.426,0.343,11
3430,1.56,0.606,11
3432,1.56,0.606,11
3433,-1.411,0.318,11
3434,0.165,0.366,11
3435,-1.555,0.32,11
3437,1.56,0.606,11
3438,-0.129,0.361,11
3439,0.094,0.383,11
3440,0.493,0.409,11
3441,-0.147,0.35,11
3443,-0.69,0.33,11
3445,-1.325,0.319,11
3446,-0.499,0.34,11
3448,-0.288,0.349,11
3450,0.838,0.462,11
3451,1.56,0.606,11
3455,0.887,0.473,11
3457,-0.926,0.333,11
3458,1.56,0.606,11
3460,-0.751,0.335,11
3461,-1.097,0.321,11
3462,0.229,0.375,11
3463,0.498,0.414,11
3464,-0.323,0.347,11
3465,-0.175,0.347,11
3466,-1.061,0.328,11
3469,-0.734,0.338,11
3516,-2.024,0.303,11
3519,-2.589,0.313,11
3520,-0.524,0.345,11
3521,0.699,0.451,11
3522,0.783,0.448,11
3523,-0.989,0.316,11
3525,0.274,0.392,11
3526,1.223,0.533,11
3528,0.783,0.448,11
3531,0.256,0.402,11
3532,-0.913,0.331,11
3534,0.138,0.378,11
3535,-0.04,0.354,11
3536,1.23,0.537,11
3537,0.545,0.427,11
3538,-0.439,0.342,11
3539,-0.302,0.342,11
3540,0.019,0.368,11
3541,0.684,0.442,11
3544,0.094,0.383,11
3546,-0.556,0.328,11
3548,0.315,0.4,11
3549,0.267,0.398,11
3551,1.56,0.606,11
3553,-0.598,0.337,11
3554,0.87,0.484,11
3555,-0.023,0.362,11
3556,-1.135,0.313,11
3557,0.607,0.429,11
3558,-0.912,0.326,11
3559,-1.754,0.311,11
3560,0.972,0.491,11
3561,-0.567,0.337,11
3563,-0.35,0.349,11
3564,-0.481,0.344,11
3565,0.497,0.409,11
3566,0.524,0.414,11
3570,0.633,0.441,11
3571,0.972,0.491,11
3572,-0.457,0.344,11
3573,-0.313,0.348,11
3575,0.066,0.365,11
3576,0.972,0.491,11
3577,-0.259,0.354,11
3578,-0.53,0.339,11
3579,0.353,0.403,11
3582,0.889,0.476,11
3583,1.235,0.54,11
3584,-1.421,0.318,11
3585,-1.284,0.312,11
3587,0.529,0.422,11
3588,0.159,0.38,11
3589,1.223,0.533,11
3590,-1.165,0.327,11
3591,-0.72,0.326,11
3594,0.256,0.399,11
3595,-0.252,0.342,11
3596,-1.402,0.317,11
3597,-0.603,0.336,11
3598,-0.981,0.327,11
3599,-0.236,0.35,11
3600,0.224,0.378,11
3601,0.12,0.368,11
3602,-0.505,0.336,11
3604,0.669,0.444,11
3607,-0.782,0.335,11
3610,-0.456,0.338,11
3611,-0.561,0.331,11
3615,0.889,0.476,11
3616,-0.277,0.343,11
3619,0.585,0.429,11
3620,-0.76,0.33,11
3622,-0.21,0.352,11
3624,0.387,0.405,11
3625,0.263,0.401,11
3626,1.56,0.606,11
3627,-0.521,0.336,11
3630,0.352,0.385,11
3631,1.56,0.606,11
3634,-0.007,0.367,11
3635,1.56,0.606,11
3636,-1.083,0.318,11
3637,-1.24,0.319,11
3638,-0.798,0.332,11
3639,1.56,0.606,11
3640,-0.233,0.361,11
3642,-1.405,0.318,11
3643,-0.829,0.334,11
3644,-0.191,0.36,11
3646,-0.444,0.341,11
3647,0.933,0.464,11
3650,-0.356,0.351,11
3651,0.176,0.386,11
3653,1.56,0.606,11
3654,-1.386,0.315,11
10193,-0.547,0.347,11
3658,-1.213,0.315,11
3661,0.123,0.388,11
3662,0.253,0.405,11
3663,0.823,0.463,11
3666,0.633,0.439,11
3667,0.218,0.39,11
3671,1.56,0.606,11
3673,0.633,0.439,11
3674,0.109,0.365,11
3716,-0.025,0.372,14
3717,1.048,0.505,14
3718,0.283,0.4,14
3719,1.045,0.491,14
3720,-0.467,0.346,14
3722,-0.969,0.326,14
3723,-0.626,0.332,14
3724,-0.174,0.363,14
3725,-0.672,0.334,14
3726,0.585,0.428,14
3727,-0.284,0.355,14
3728,-0.217,0.35,14
3729,1.56,0.606,14
3730,0.69,0.45,14
3732,0.335,0.394,14
3733,1.56,0.606,14
3735,0.153,0.388,14
3736,-0.275,0.351,14
3737,1.56,0.606,14
3738,-1.145,0.325,14
3739,0.668,0.441,14
3741,-0.054,0.357,14
3742,-1.402,0.322,14
3743,0.938,0.465,14
3744,-0.83,0.324,14
3747,1.56,0.606,14
3750,1.235,0.54,14
3751,0.201,0.372,14
3754,-0.316,0.351,14
3755,0.633,0.439,14
3756,0.966,0.495,14
3757,-0.203,0.345,14
3758,0.783,0.448,14
3759,-0.821,0.327,14
3760,-0.4,0.348,14
3762,0.509,0.426,14
3763,1.56,0.606,14
3765,-0.521,0.341,14
3766,-0.763,0.336,14
3767,1.56,0.606,14
3768,0.291,0.401,14
3769,0.21,0.392,14
3770,1.56,0.606,14
3771,-0.197,0.359,14
3772,0.112,0.379,14
3776,1.223,0.533,14
3777,-0.378,0.349,14
3778,-0.47,0.338,14
3779,-0.102,0.365,14
3782,-0.548,0.336,14
3783,1.045,0.491,14
3785,-0.287,0.348,14
3786,0.226,0.395,14
3787,0.903,0.48,14
3788,0.058,0.381,14
3789,-0.245,0.353,14
3790,1.56,0.606,14
3791,0.281,0.396,14
3792,-1.862,0.306,14
3793,-0.293,0.358,14
3794,-1.366,0.313,14
3796,0.3,0.405,14
3798,0.002,0.371,14
3799,1.235,0.54,14
3801,0.174,0.382,14
3802,0.823,0.463,14
3803,1.56,0.606,14
3804,1.23,0.537,14
3805,-2.073,0.305,14
3806,-0.017,0.371,14
3808,0.535,0.42,14
3809,-0.593,0.339,14
3811,-1.213,0.321,14
3812,-0.967,0.328,14
3813,-0.317,0.351,14
3814,0.433,0.401,14
3815,-0.211,0.361,14
3816,0.823,0.463,14
3817,0.398,0.415,14
3818,0.337,0.4,13
3820,-0.171,0.36,13
3821,-0.026,0.368,13
3822,-0.011,0.369,13
3823,-0.043,0.359,13
3824,-0.061,0.353,13
3826,-0.425,0.342,13
3829,0.585,0.429,13
3832,-0.236,0.341,13
3833,0.13,0.39,13
3834,0.228,0.395,13
3837,-1.221,0.315,13
3838,-1.367,0.318,13
3840,-0.858,0.321,13
3842,0.215,0.392,13
3844,-0.577,0.337,13
3845,-0.274,0.347,13
3846,0.689,0.432,13
3848,-0.854,0.334,13
3849,-0.463,0.341,13
3850,0.415,0.412,13
3851,-0.47,0.336,13
3852,1.56,0.606,13
3853,0.917,0.477,13
3854,0.976,0.494,13
3855,-0.524,0.341,13
3857,-0.368,0.352,13
3858,1.512,0.609,13
3860,-0.572,0.341,13
3861,-0.366,0.353,13
3862,-1.166,0.326,13
3865,-0.835,0.329,13
3866,-0.48,0.345,13
3868,0.585,0.429,13
3869,-0.253,0.351,13
3870,-0.245,0.354,13
3871,-1.015,0.327,13
3872,-0.043,0.364,13
3873,0.323,0.393,13
3874,-0.114,0.362,13
3875,1.56,0.606,13
3876,0.24,0.371,13
3877,-0.288,0.354,13
3878,0.419,0.409,13
3879,0.966,0.495,13
3880,0.823,0.463,13
3882,0.394,0.41,13
3883,0.341,0.41,13
3884,-1.332,0.319,13
3885,-0.92,0.331,13
3887,-1.812,0.313,13
3889,-0.712,0.335,13
3890,0.432,0.414,13
3891,1.56,0.606,13
3893,0.156,0.381,13
3894,-0.412,0.342,13
3895,-0.161,0.356,13
3896,0.465,0.419,13
3897,-1.131,0.324,13
3898,-1.218,0.314,13
3899,-0.378,0.348,13
3902,-0.544,0.339,13
3903,1.56,0.606,13
3904,0.358,0.403,13
3905,-0.354,0.352,13
3906,0.966,0.495,13
3907,0.181,0.39,13
3909,-0.755,0.331,13
3911,-0.221,0.363,13
3912,-1.494,0.316,13
3914,-1.22,0.327,13
3915,-0.517,0.337,13
3916,-0.418,0.34,13
3917,-0.181,0.357,12
3918,-0.454,0.341,12
3919,0.183,0.387,12
3920,-1,0.324,12
3921,-1.733,0.313,12
3922,-0.317,0.341,12
3924,0.424,0.411,12
3926,0.523,0.416,12
3928,-0.273,0.343,12
3929,-1.495,0.315,12
3930,-0.335,0.341,12
3931,1.23,0.537,12
3932,-0.182,0.356,12
3933,-1.62,0.305,12
3934,-0.408,0.342,12
3937,-1.21,0.32,12
3939,-0.217,0.351,12
3940,-0.03,0.361,12
3944,-1.261,0.323,12
3945,0.186,0.386,12
3946,-0.459,0.343,12
3947,0.298,0.401,12
3949,0.863,0.468,12
3951,-1.339,0.318,12
3955,-0.32,0.341,12
3956,-1.407,0.31,12
3957,-1.046,0.328,12
3962,-0.773,0.335,12
3963,-0.096,0.368,12
3966,0.759,0.459,12
3970,-1.771,0.311,12
3973,-1.273,0.321,12
3975,-0.656,0.336,12
3976,0.754,0.448,12
3977,-2.038,0.304,12
3979,0.219,0.383,12
3983,-0.798,0.331,12
3985,-0.506,0.34,12
3986,0.758,0.449,12
3987,-0.44,0.348,12
3990,-1.244,0.319,12
3991,-1.245,0.312,12
3992,0.286,0.405,12
3993,0.219,0.391,12
3997,-0.225,0.349,12
3998,-0.401,0.349,12
3999,1.235,0.54,12
4003,-0.329,0.351,12
4005,-0.901,0.33,12
4006,-2.738,0.314,12
4008,0.448,0.415,12
4009,-0.104,0.362,12
4011,1.56,0.606,12
4013,-0.246,0.353,12
4015,-0.312,0.346,12
4017,0.898,0.475,12
4018,-0.795,0.323,12
4019,0.064,0.369,12
4021,-0.707,0.326,12
4022,-0.981,0.318,12
4024,-1.388,0.318,12
4025,0.059,0.38,12
4034,-0.644,0.338,12
4036,-0.882,0.321,12
4037,-0.799,0.332,12
4038,-0.074,0.372,12
4039,-0.995,0.331,12
4040,-0.893,0.322,12
4041,-1.568,0.322,12
4042,-1.971,0.319,12
4044,-0.599,0.337,12
4045,0.553,0.426,12
4052,0.87,0.484,12
4058,-0.778,0.333,12
4059,-1.885,0.311,12
4061,1.56,0.606,12
4062,1.23,0.537,12
4064,0.515,0.425,12
4066,0.903,0.48,12
4067,-0.922,0.328,12
4068,1.23,0.537,12
4069,-0.691,0.333,12
4071,0.241,0.386,12
4074,-0.423,0.344,12
4075,0.976,0.494,12
4076,0.239,0.388,12
4079,-1.463,0.306,12
4080,-0.281,0.353,12
4081,-0.747,0.332,12
4082,0.561,0.42,12
4083,-0.39,0.348,12
4084,-1.132,0.326,12
4086,0.394,0.41,12
4087,-0.446,0.346,12
4089,-1.66,0.309,12
4090,1.045,0.491,12
4091,-1.198,0.323,12
4092,1.56,0.606,12
4093,-1.387,0.32,12
4095,-0.947,0.329,12
4096,-0.681,0.334,12
4097,0.605,0.434,12
4098,-0.936,0.327,12
4102,-1.169,0.322,12
4103,-1.042,0.327,12
4105,0.576,0.428,12
4106,1.23,0.537,12
4107,0.382,0.404,12
4109,-0.707,0.328,12
4110,-0.049,0.371,12
4113,-0.011,0.369,12
4114,0.933,0.464,12
4115,-1.495,0.318,12
4116,-1.032,0.328,12
4117,1.235,0.54,12
4118,0.297,0.397,12
4120,-0.969,0.319,12
4121,0.58,0.437,12
4124,-1.895,0.308,12
4125,0.763,0.449,12
4126,-0.008,0.376,12
4127,-2.833,0.321,12
4128,0.831,0.462,12
4129,1.124,0.513,12
4130,-0.806,0.336,12
4131,-1.673,0.311,12
4133,0.185,0.386,12
4134,1.56,0.606,12
4135,-0.45,0.343,12
4136,0.371,0.406,12
4137,-0.193,0.36,12
4138,0.829,0.46,12
4141,-1.521,0.318,12
4143,-2.542,0.324,12
4144,-1.066,0.323,12
4145,-0.046,0.367,12
4146,0.184,0.39,12
4148,0.633,0.439,12
4149,-0.282,0.356,12
4150,0.536,0.441,12
4152,-1.611,0.314,12
4153,-0.574,0.336,12
4155,-0.924,0.326,12
4157,-0.121,0.358,12
4158,-1.402,0.317,12
4160,-0.886,0.325,12
4161,-0.1,0.368,12
4163,0.864,0.47,12
4164,-0.943,0.331,12
4166,0.177,0.382,12
4168,-2.273,0.309,12
4169,-0.359,0.339,12
4170,0.374,0.402,12
4171,-0.589,0.337,12
4172,1.23,0.537,12
4173,-0.985,0.324,12
4174,0.183,0.384,12
4175,-1.112,0.316,12
4176,-0.338,0.352,12
4177,1.137,0.515,12
4178,1.235,0.54,12
4180,-0.195,0.356,12
4182,0.127,0.388,12
4183,0.997,0.501,12
4184,0.053,0.366,12
4187,-1.556,0.307,12
4188,0.187,0.384,12
4189,0.221,0.398,12
4191,0.579,0.429,12
4192,0.287,0.4,12
4194,-0.604,0.34,12
4196,0.45,0.415,12
4197,-1.328,0.313,12
4198,0.385,0.415,12
4199,-0.524,0.346,12
4200,-0.394,0.346,12
4201,0.5,0.411,12
4202,0.534,0.418,12
4203,1.56,0.606,12
4204,1.045,0.491,12
4207,0.641,0.435,12
4208,-0.833,0.335,12
4209,0.972,0.491,12
4210,-0.908,0.327,12
4211,-0.223,0.362,12
4212,-0.211,0.361,12
4213,0.092,0.376,12
4214,-0.379,0.351,12
4215,-1.201,0.325,12
4217,-0.716,0.329,12
4220,-0.383,0.348,12
4221,-0.86,0.322,12
4222,-1.433,0.315,12
4224,1.56,0.606,12
4226,-0.434,0.341,12
4229,1.23,0.537,12
4233,-0.553,0.336,12
4235,-0.009,0.37,12
4238,-0.452,0.344,12
4241,-0.911,0.324,12
4242,0.089,0.377,12
4243,-0.972,0.321,12
10134,1.56,0.606,17
10091,-0.423,0.342,17
10105,0.9,0.477,17
10150,-0.523,0.341,17
4251,0.513,0.413,17
4253,0.633,0.441,17
4254,0.251,0.392,17
10094,-0.588,0.339,17
4256,0.204,0.388,17
10166,-0.568,0.341,17
10118,0.633,0.441,17
4260,1.235,0.54,17
4262,0.086,0.369,17
4263,0.246,0.398,17
4264,-0.54,0.335,17
10111,-2.158,0.307,17
4267,-2.144,0.315,17
10181,0.605,0.433,17
10108,0.081,0.381,17
4270,1.23,0.537,17
4272,1.56,0.606,17
4275,-0.639,0.34,17
4276,-0.606,0.334,17
4277,-0.105,0.355,17
10119,-1.105,0.322,17
10163,-0.863,0.332,17
10133,-0.14,0.354,17
4281,0.889,0.476,17
10123,-0.478,0.343,17
10143,0.024,0.37,17
10180,0.381,0.416,17
10160,-0.293,0.352,17
4286,-0.599,0.338,17
4287,0.826,0.461,17
10158,-0.577,0.337,17
10097,0.127,0.373,17
10113,-0.012,0.38,17
4291,1.56,0.606,17
10106,1.56,0.606,17
4293,0.569,0.419,17
4294,0.147,0.38,17
4296,-0.086,0.36,17
10135,0.903,0.48,17
4299,-1.18,0.32,17
10174,-0.255,0.356,17
4301,0.329,0.392,17
4302,-0.764,0.33,17
4304,-0.002,0.369,17
10203,-1.128,0.314,17
4307,-0.188,0.364,17
4308,0.086,0.368,17
4309,1.23,0.537,17
4310,-0.397,0.335,17
10102,0.754,0.448,17
10138,-0.983,0.327,17
4315,-0.89,0.332,17
10175,-0.905,0.328,17
4318,0.327,0.394,17
4319,1.56,0.606,17
4321,0.789,0.456,17
10171,-0.467,0.346,17
10129,-1.325,0.318,17
10157,0.104,0.383,17
10156,0.976,0.494,17
10227,-0.22,0.36,17
10112,-0.331,0.353,17
10147,-0.223,0.353,17
10124,0.777,0.455,17
4332,-0.847,0.33,17
4334,1.56,0.606,17
10139,1.235,0.54,17
10122,-0.452,0.345,17
10179,0.465,0.416,17
10140,0.038,0.379,17
10132,0.505,0.417,17
4340,0.38,0.391,17
4341,-0.079,0.358,17
4342,-1.452,0.315,17
10167,-0.474,0.342,17
10161,-0.723,0.332,17
4345,0.012,0.37,15
4346,-0.876,0.331,15
4347,-0.463,0.346,15
4348,-1.402,0.317,15
4349,1.56,0.606,15
10202,0.976,0.494,15
10192,0.019,0.361,15
4353,-0.78,0.33,15
4354,-0.535,0.345,15
4355,-2.205,0.314,15
10232,-1.076,0.322,15
4357,1.56,0.606,15
4358,0.546,0.42,15
4360,0.799,0.457,15
10206,0.306,0.391,15
4363,1.56,0.606,15
10211,-1.138,0.326,15
10207,1.56,0.606,15
4366,-2.259,0.303,15
10230,-1.084,0.326,15
4369,-0.1,0.372,15
10205,-0.842,0.33,15
10221,-0.93,0.333,15
4372,1.56,0.606,15
4373,0.889,0.476,15
4374,1.56,0.606,15
4375,0.284,0.381,15
4378,0.478,0.408,15
4379,0.43,0.417,15
4382,-0.572,0.331,15
10223,0.361,0.403,15
4385,0.826,0.461,15
10209,-0.142,0.36,15
10198,-1.644,0.313,15
10208,0.187,0.389,15
4392,0.87,0.484,15
10215,0.825,0.459,15
4395,-0.222,0.36,15
4403,0.825,0.459,15
4404,0.303,0.405,15
10222,0.373,0.407,15
10229,-0.491,0.341,15
4409,-0.917,0.326,15
4412,1.23,0.537,15
4413,0.426,0.413,15
4414,1.048,0.505,15
10200,0.349,0.405,15
10214,0.585,0.429,15
4422,-0.352,0.347,15
10199,-1.305,0.325,15
4426,1.56,0.606,15
10224,1.56,0.606,15
10220,-1.569,0.311,15
4430,-0.382,0.344,15
4433,0.903,0.48,15
4435,-0.738,0.331,15
4436,0.078,0.381,15
4438,0.902,0.479,15
4439,0.903,0.48,15
10194,-1.318,0.32,15
4441,1.045,0.491,15
4442,0.223,0.393,15
10226,0.153,0.385,15
10212,-1.376,0.312,15
4446,-0.31,0.352,15
10228,0.082,0.384,15
4449,-1.318,0.319,15
10219,0.582,0.406,15
4451,-0.518,0.337,15
4452,-0.209,0.361,15
4453,0.313,0.377,15
4454,0.369,0.407,15
10225,-0.962,0.329,15
10195,-0.818,0.325,15
4460,0.82,0.456,15
4461,-0.148,0.346,15
4463,-1.141,0.32,15
4466,-0.299,0.354,15
4468,0.021,0.367,15
4469,-1.223,0.317,15
4470,1.56,0.606,15
4471,-0.957,0.321,15
4472,1.56,0.606,15
4473,0.24,0.369,15
4476,-0.798,0.333,15
4478,-1.355,0.321,15
4479,-0.508,0.346,15
4480,-1.273,0.316,15
10204,0.451,0.413,15
4483,-1.133,0.327,15
4484,0.228,0.392,15
10234,-0.2,0.345,15
4489,-0.095,0.353,15
4490,-0.844,0.334,15
4491,-0.752,0.33,15
10231,-0.369,0.353,15
4493,-2.49,0.299,15
10196,0.753,0.48,15
10216,1.089,0.502,15
4496,0.933,0.464,15
4497,-0.431,0.35,15
4499,0.21,0.39,15
4500,0.006,0.373,19
4501,0.246,0.398,19
4502,0.903,0.48,19
4504,-0.819,0.335,19
4506,0.826,0.461,19
4507,0.579,0.426,19
4508,-0.704,0.336,19
4509,-0.948,0.324,19
4510,-0.87,0.326,19
4511,-1.039,0.322,19
4512,1.235,0.54,19
4514,-0.438,0.346,19
4515,0.299,0.398,19
4516,-1.753,0.31,19
4518,-0.599,0.34,19
4519,1.235,0.54,19
4520,0.712,0.446,19
4521,-0.211,0.361,19
4522,1.23,0.537,19
4525,-0.905,0.327,19
4528,0.352,0.4,19
4530,-1.193,0.323,19
4531,0.87,0.484,19
4532,-1.48,0.316,19
4534,-0.97,0.332,19
4536,0.894,0.467,19
4538,1.089,0.502,19
4539,-0.027,0.372,19
4540,-0.551,0.339,19
4542,-0.129,0.364,19
4543,-0.076,0.366,19
4544,0.038,0.379,19
4545,-1.783,0.313,19
4547,-1.121,0.322,19
4548,-0.477,0.34,19
4550,0.259,0.372,19
4551,-0.272,0.357,19
4553,-0.673,0.328,19
4554,-0.958,0.33,19
4555,0.522,0.427,19
4556,0.249,0.395,19
4558,-0.1,0.368,19
4559,1.23,0.537,19
4560,-0.568,0.338,19
4562,0.018,0.369,19
4563,0.203,0.389,19
4565,0.642,0.438,19
10235,-0.718,0.333,19
4568,-1.062,0.328,19
4569,-1.773,0.309,19
4571,1.56,0.606,19
4573,-0.345,0.347,19
4574,0.605,0.432,19
4575,-0.875,0.327,19
4576,-0.259,0.359,19
4577,-0.133,0.356,19
4578,0.09,0.382,19
4581,0.38,0.405,19
4585,-2.219,0.312,19
4586,0.601,0.427,19
4587,-0.858,0.322,19
4589,-1.076,0.322,19
4590,1.512,0.609,19
4591,1.56,0.606,19
4592,0.433,0.413,19
4593,-0.596,0.337,19
4595,1.512,0.609,19
4596,-0.057,0.367,19
4597,0.739,0.419,19
4598,-0.621,0.34,19
4600,0.225,0.377,20
4601,1.56,0.606,20
4602,-0.905,0.327,20
4606,1.045,0.491,20
4607,0.42,0.411,20
4608,0.863,0.468,20
4609,-0.913,0.328,20
4610,1.56,0.606,20
4612,1.089,0.502,20
4613,0.121,0.384,20
4614,1.56,0.606,20
4615,-1.037,0.329,20
4618,-0.197,0.36,20
4619,-0.658,0.337,20
4620,1.56,0.606,20
4623,-0.85,0.33,20
4625,-0.277,0.354,20
4626,0.889,0.485,20
4627,0.22,0.394,20
4628,0.712,0.439,20
4629,0.015,0.384,20
4630,0.371,0.406,20
4631,0.889,0.476,20
4632,-0.275,0.355,20
4633,1.045,0.491,20
4634,-0.061,0.359,20
4636,-1.543,0.309,20
4638,1.56,0.606,20
4639,-1.106,0.327,20
4640,0.225,0.395,20
4641,0.523,0.423,20
4643,0.643,0.431,20
4644,0.737,0.436,20
4645,0.686,0.443,20
4646,0.228,0.395,20
4647,-0.159,0.356,20
4648,-0.443,0.343,20
4649,-2.805,0.307,20
4650,-0.721,0.332,20
4651,1.235,0.54,20
4652,0.11,0.374,20
4653,0.87,0.484,20
4654,1.56,0.606,20
4656,0.581,0.406,20
4657,0.092,0.372,20
4658,0.021,0.375,20
4659,-0.636,0.338,20
4661,0.178,0.38,20
4662,0.365,0.411,20
4663,-1.373,0.315,20
4664,0.393,0.411,20
4665,-0.542,0.342,20
4667,0.356,0.408,20
4668,0.633,0.441,20
4669,1.137,0.515,20
4670,0.172,0.388,20
4671,-0.486,0.331,20
4673,-1.463,0.319,20
4675,0.576,0.429,20
4676,0.97,0.489,20
4677,0.966,0.472,20
4678,-0.886,0.328,20
4679,0.373,0.407,20
4681,0.699,0.451,20
4682,-0.206,0.356,20
4683,0.34,0.397,20
4684,-0.589,0.343,20
4685,0.697,0.44,20
4687,0.215,0.392,20
4689,-0.608,0.339,20
4690,0.394,0.41,20
4691,-0.791,0.334,20
4692,-0.107,0.35,20
4693,0.302,0.393,20
4694,0.737,0.443,20
4695,1.56,0.606,20
4696,0.938,0.465,20
4697,1.187,0.542,20
4698,-0.91,0.328,20
4699,-0.527,0.341,16
4700,0.462,0.419,16
4701,-0.061,0.367,16
4702,1.044,0.506,16
4703,-2.256,0.308,16
4705,-0.795,0.336,16
10217,-0.62,0.335,16
4708,1.56,0.606,16
4709,0.224,0.378,16
4710,1.235,0.54,16
4712,-0.505,0.344,16
4714,0.31,0.398,16
4715,1.56,0.606,16
4716,-1.695,0.311,16
4717,0.339,0.398,16
4718,-0.971,0.326,16
4719,1.124,0.513,16
4720,-2.467,0.306,16
4721,-0.277,0.354,16
4723,1.235,0.54,16
4724,0.233,0.391,16
4726,-0.224,0.361,16
4727,0.096,0.36,16
4728,0.562,0.425,16
4732,-0.63,0.338,16
4733,0.903,0.48,16
4735,-1.05,0.329,16
4736,-0.535,0.338,16
4737,-0.474,0.342,16
4738,-0.282,0.349,16
4739,1.56,0.606,16
4740,1.23,0.537,16
4741,1.56,0.606,16
4742,0.318,0.397,16
4743,0.203,0.389,16
4744,1.56,0.606,16
4746,0.127,0.369,16
4747,-0.641,0.332,16
4748,0.396,0.409,16
4750,-0.116,0.362,16
4752,-0.678,0.34,16
4753,-0.254,0.353,16
4754,0.441,0.396,16
4757,1.56,0.606,16
4759,0.02,0.369,16
4760,-0.375,0.339,16
4763,0.308,0.375,16
4766,0.249,0.397,16
4767,0.21,0.392,16
4768,0.972,0.491,16
4769,-0.906,0.328,16
4770,-0.495,0.34,16
4771,1.56,0.606,16
4773,-0.534,0.342,16
4775,0.021,0.375,16
4776,0.889,0.476,16
4777,0.638,0.437,16
4779,0.976,0.494,16
4780,-0.696,0.337,16
4781,1.56,0.606,16
4782,-2.065,0.322,16
4783,-0.332,0.356,16
4787,-1.577,0.306,16
4788,-0.009,0.369,16
4789,-0.026,0.374,16
4790,-0.844,0.334,16
4793,0.473,0.417,16
4794,-1.291,0.317,16
4796,-0.324,0.347,16
4798,0.22,0.384,16
4799,-1.137,0.319,18
4800,-0.944,0.326,18
4801,0.588,0.43,18
4802,0.534,0.418,18
4803,0.096,0.383,18
4804,0.917,0.477,18
4805,-1.146,0.327,18
4806,0.684,0.442,18
4808,-1.521,0.317,18
4809,0.304,0.405,18
4810,-0.47,0.345,18
4811,-0.759,0.339,18
4812,1.56,0.606,18
4813,1.56,0.606,18
4814,0.394,0.41,18
4815,-0.632,0.336,18
4816,1.56,0.606,18
4817,0.917,0.477,18
4818,0.889,0.476,18
4819,1.045,0.491,18
4820,0.902,0.479,18
4821,-1.496,0.31,18
4822,0.966,0.495,18
4824,1.56,0.606,18
4825,0.097,0.373,18
4826,0.69,0.45,18
4828,-0.344,0.354,18
4829,-1.114,0.33,18
4830,0.266,0.385,18
4831,-0.13,0.366,18
4832,0.452,0.424,18
4835,1.56,0.606,18
4836,0.387,0.405,18
4837,-0.097,0.355,18
4838,-0.511,0.346,18
4839,-1.184,0.314,18
4840,-0.7,0.335,18
4841,1.235,0.54,18
4843,-0.791,0.334,18
4844,0.073,0.36,18
4846,0.994,0.49,18
4847,1.56,0.606,18
4848,-0.335,0.339,18
4850,1.56,0.606,18
4851,-1.414,0.319,18
4852,0.714,0.446,18
4853,-1.273,0.322,18
4854,0.629,0.443,18
4855,1.56,0.606,18
4856,-0.959,0.325,18
4857,-0.05,0.353,18
4858,-0.675,0.338,18
4860,0.592,0.425,18
4861,-0.056,0.371,18
4862,-0.295,0.35,18
4863,0.732,0.442,18
4864,0.912,0.473,18
4865,0.202,0.378,18
4866,-0.752,0.334,18
4867,0.47,0.42,18
4868,0.224,0.378,18
4871,0.005,0.362,18
4872,0.314,0.393,18
4874,0.456,0.406,18
4876,1.56,0.606,18
4878,0.912,0.473,18
4879,-0.299,0.359,18
4880,-0.136,0.347,18
4881,1.223,0.533,18
4882,0.823,0.457,18
4883,-2.673,0.313,18
4884,0.902,0.479,18
4886,0.633,0.438,18
4889,-0.153,0.357,18
4891,-0.548,0.337,18
4892,0.477,0.404,18
4893,0.14,0.374,18
4897,-1.29,0.322,18