ff_id,SC15,SC15_SE,city
1,-1.053,0.471,1
2,-0.124,0.495,1
4,-0.393,0.478,1
5,-0.773,0.471,1
6,-0.637,0.481,1
8,-1.107,0.457,1
11,-0.079,0.491,1
13,-0.558,0.469,1
16,0.912,0.655,1
19,-0.773,0.471,1
20,-2.46,0.515,1
21,0.912,0.655,1
22,0.352,0.548,1
24,0.912,0.655,1
26,-0.9,0.467,1
28,0.352,0.548,1
29,-0.145,0.496,1
30,-1.32,0.449,1
31,-0.583,0.474,1
38,-0.124,0.495,1
41,-1.082,0.459,1
42,0.912,0.655,1
43,0.912,0.655,1
45,0.912,0.655,1
47,-2.042,0.46,1
48,-0.145,0.496,1
49,0.912,0.655,1
52,0.352,0.548,1
54,0.912,0.655,1
55,-0.686,0.467,1
58,0.912,0.655,1
59,0.912,0.655,1
61,-0.145,0.496,1
63,-0.059,0.49,1
66,0.912,0.655,1
68,0.912,0.655,1
69,-0.145,0.496,1
70,-0.059,0.49,1
71,0.912,0.655,1
73,0.251,0.52,1
74,0.912,0.655,1
75,0.23,0.519,1
77,-0.124,0.495,1
78,-2.655,0.542,1
79,0.912,0.655,1
81,-0.145,0.496,1
82,0.352,0.548,1
83,0.251,0.52,1
84,-0.637,0.481,1
86,0.912,0.655,1
87,0.251,0.52,1
88,0.23,0.519,1
89,-0.778,0.462,1
91,-0.124,0.495,1
95,-0.802,0.469,1
96,-0.124,0.495,1
97,-0.533,0.48,1
98,-0.741,0.471,1
100,0.251,0.52,1
101,-0.019,0.51,1
103,-1.023,0.462,1
104,-2.46,0.515,1
105,-1.243,0.471,1
106,-0.124,0.495,1
107,-0.204,0.485,1
109,-0.204,0.485,1
110,-0.393,0.478,1
112,0.912,0.655,1
114,-0.773,0.471,1
116,0.352,0.548,1
117,-0.019,0.51,1
118,-0.414,0.479,1
120,-1.119,0.455,1
122,-0.145,0.496,1
126,0.912,0.655,1
127,-0.204,0.485,1
128,-0.583,0.474,1
130,-0.124,0.495,1
132,-0.204,0.485,1
133,-0.145,0.496,1
135,-0.414,0.479,1
136,-0.461,0.472,1
137,-1.531,0.442,1
139,-0.773,0.471,1
144,-0.533,0.48,1
146,-0.393,0.478,1
147,-0.533,0.48,1
148,0.352,0.548,1
151,0.42,0.55,1
156,0.352,0.548,1
158,-0.259,0.483,1
159,0.912,0.655,1
160,0.912,0.655,1
161,-1.554,0.511,1
162,-0.124,0.495,1
164,0.42,0.55,1
165,-0.773,0.471,1
166,-0.515,0.476,1
167,-0.533,0.48,1
168,0.42,0.55,1
170,-1.774,0.454,1
171,0.912,0.655,1
172,0.42,0.55,1
173,-0.533,0.48,1
175,0.912,0.655,1
178,0.912,0.655,1
179,-0.145,0.496,1
181,0.009,0.506,1
182,0.352,0.548,1
185,0.251,0.52,1
187,-0.778,0.462,1
188,-0.533,0.48,1
190,0.912,0.655,1
191,0.009,0.506,1
194,0.912,0.655,1
195,-0.533,0.48,1
197,0.251,0.52,1
198,-0.393,0.478,1
200,-1.119,0.455,1
202,-1.774,0.454,1
203,0.251,0.52,1
204,-0.019,0.51,1
205,-1.458,0.446,1
207,-2.295,0.508,1
209,-0.802,0.469,1
210,0.251,0.52,1
211,0.912,0.655,1
212,-0.802,0.469,1
216,-0.773,0.471,1
217,0.059,0.518,1
218,0.912,0.655,1
219,-0.773,0.471,1
221,0.42,0.55,1
222,-0.461,0.472,1
227,0.251,0.52,1
228,0.912,0.655,1
231,0.352,0.548,1
232,-1.053,0.471,1
237,0.352,0.548,1
238,0.23,0.519,1
239,-0.124,0.495,1
242,0.912,0.655,1
243,-1.264,0.471,1
244,0.912,0.655,1
245,-0.802,0.469,1
246,-0.393,0.478,1
248,-1.992,0.469,1
249,-0.461,0.472,1
250,-0.706,0.462,1
251,-1.645,0.456,1
252,0.352,0.548,1
253,-0.414,0.479,1
254,0.352,0.548,1
255,-0.124,0.495,1
259,0.42,0.55,1
263,0.251,0.52,1
267,-1.341,0.446,1
269,0.352,0.548,1
271,0.251,0.52,1
272,0.912,0.655,1
274,-1.724,0.451,1
275,-0.533,0.48,1
276,-0.393,0.478,1
277,-0.932,0.468,1
279,-1.02,0.476,1
280,0.912,0.655,1
281,-0.865,0.466,1
287,-1.503,0.459,1
288,0.912,0.655,1
291,-0.533,0.48,1
292,-0.533,0.48,1
293,0.23,0.519,1
294,0.912,0.655,1
295,-0.533,0.48,1
296,0.352,0.548,1
297,-2.337,0.495,1
298,-0.773,0.471,1
299,-1.397,0.469,1
301,-0.145,0.496,1
302,0.912,0.655,1
304,-0.444,0.48,1
305,-0.533,0.48,1
306,-0.533,0.48,1
307,-0.204,0.485,1
309,-0.204,0.485,1
312,-0.802,0.469,1
313,-1.458,0.446,1
315,-0.204,0.485,1
317,-0.461,0.472,1
318,-1.119,0.455,1
319,0.912,0.655,1
320,-0.533,0.48,1
321,-1.266,0.452,1
322,-0.773,0.471,1
325,-1.763,0.471,1
326,0.251,0.52,1
327,-0.773,0.471,1
330,0.912,0.655,1
331,-0.533,0.48,2
332,0.912,0.655,2
334,-0.124,0.495,2
335,0.912,0.655,2
336,-0.441,0.476,2
337,0.352,0.548,2
339,-0.124,0.495,2
340,0.352,0.548,2
342,-0.533,0.48,2
343,-0.583,0.474,2
344,-0.995,0.474,2
346,-0.461,0.472,2
348,-1.035,0.448,2
349,-1.341,0.446,2
351,-1.036,0.46,2
353,-0.533,0.48,2
354,0.251,0.52,2
355,0.912,0.655,2
358,-0.204,0.485,2
360,0.912,0.655,2
364,-1.023,0.462,2
366,0.352,0.548,2
367,-0.124,0.495,2
368,-0.059,0.49,2
369,0.912,0.655,2
371,-0.393,0.478,2
375,-0.204,0.485,2
376,0.352,0.548,2
377,0.912,0.655,2
378,0.251,0.52,2
379,0.912,0.655,2
380,-1.082,0.459,2
381,-0.145,0.496,2
383,0.352,0.548,2
385,-0.145,0.496,2
386,0.912,0.655,2
388,0.23,0.519,2
389,-1.569,0.465,2
390,-0.079,0.491,2
391,0.251,0.52,2
392,-0.204,0.485,2
395,0.912,0.655,2
397,0.912,0.655,2
398,-1.32,0.449,2
399,0.352,0.548,2
401,0.912,0.655,2
402,-0.533,0.48,2
403,0.912,0.655,2
404,-0.059,0.49,2
405,-0.393,0.478,2
407,-1.036,0.46,2
408,-1.554,0.474,2
409,0.352,0.548,2
410,-0.124,0.495,2
411,-0.393,0.478,2
412,-0.414,0.479,2
413,-1.023,0.462,2
414,0.912,0.655,2
415,0.912,0.655,2
417,0.352,0.548,2
421,0.42,0.55,2
423,0.912,0.655,2
425,0.912,0.655,2
426,0.23,0.519,2
427,0.912,0.655,2
428,-1.553,0.461,2
429,-1.32,0.449,2
435,-1.325,0.466,2
437,0.251,0.52,2
439,0.251,0.52,2
441,-1.579,0.456,2
442,-0.145,0.496,2
444,0.912,0.655,2
445,0.912,0.655,2
446,0.912,0.655,2
448,0.23,0.519,2
450,0.912,0.655,2
452,-0.393,0.478,2
453,0.251,0.52,2
454,-0.444,0.47,2
455,0.912,0.655,2
458,-0.533,0.48,2
459,0.912,0.655,2
460,-0.533,0.48,2
461,-0.204,0.485,2
462,0.912,0.655,2
464,0.912,0.655,2
465,-0.124,0.495,2
470,-0.423,0.478,2
471,0.912,0.655,2
472,-0.145,0.496,2
473,0.912,0.655,2
474,0.912,0.655,2
475,-0.019,0.51,2
478,-0.773,0.471,2
479,0.912,0.655,2
480,-0.444,0.48,2
481,0.912,0.655,2
482,0.251,0.52,2
483,-0.204,0.485,2
484,-1.107,0.457,2
487,-2.337,0.495,2
489,0.912,0.655,2
491,0.912,0.655,2
492,-0.995,0.474,2
493,-1.32,0.449,2
495,-0.533,0.48,2
496,0.23,0.519,2
499,-0.079,0.491,2
503,0.912,0.655,2
504,0.912,0.655,2
505,0.352,0.548,2
506,0.912,0.655,2
507,0.251,0.52,2
509,0.912,0.655,2
510,-0.533,0.48,2
512,-0.145,0.496,2
513,0.912,0.655,2
515,0.251,0.52,2
516,-0.145,0.496,2
517,0.912,0.655,2
518,0.912,0.655,2
519,-0.995,0.474,2
522,0.352,0.548,2
524,-0.124,0.495,2
525,0.912,0.655,2
526,-0.393,0.478,2
527,0.912,0.655,2
528,0.352,0.548,2
532,0.23,0.519,2
533,0.352,0.548,2
538,0.912,0.655,2
539,0.912,0.655,2
541,0.912,0.655,2
542,-0.204,0.485,2
544,-0.393,0.478,2
545,-0.591,0.473,2
546,-0.204,0.485,2
548,0.912,0.655,2
550,-0.533,0.48,2
551,-0.145,0.496,2
552,-1.023,0.462,2
555,0.352,0.548,2
557,0.251,0.52,2
558,0.251,0.52,2
560,0.912,0.655,2
561,-0.964,0.465,2
562,0.251,0.52,2
564,0.912,0.655,2
565,0.23,0.519,2
567,0.912,0.655,2
568,-0.079,0.491,2
570,0.912,0.655,2
571,-0.533,0.48,2
573,-0.414,0.479,2
575,-0.124,0.495,2
576,0.352,0.548,2
578,0.23,0.519,2
579,-0.204,0.485,2
581,-0.533,0.48,2
582,0.912,0.655,2
583,-0.414,0.479,2
584,0.912,0.655,2
586,-0.204,0.485,2
587,0.42,0.55,2
588,0.912,0.655,2
589,0.912,0.655,2
591,0.912,0.655,2
593,-1.478,0.464,2
595,0.912,0.655,2
596,0.23,0.519,2
600,-1.553,0.461,2
601,0.912,0.655,2
603,-1.082,0.459,2
604,-0.414,0.479,2
605,-0.145,0.496,2
608,0.23,0.519,2
609,0.912,0.655,2
610,-0.124,0.495,2
612,-1.31,0.451,2
613,-0.816,0.467,2
614,-0.204,0.485,2
617,-0.124,0.495,2
619,-0.533,0.48,2
622,0.912,0.655,2
623,0.912,0.655,2
625,0.352,0.548,2
626,-0.533,0.48,2
627,-0.186,0.489,2
628,-0.393,0.478,2
632,0.352,0.548,2
634,0.23,0.519,2
635,-0.204,0.485,2
636,-1.561,0.459,2
637,-2.295,0.508,2
638,-1.31,0.451,2
640,-0.145,0.496,2
642,-0.461,0.472,2
643,0.912,0.655,2
646,0.23,0.519,2
647,-0.432,0.484,2
648,0.912,0.655,2
649,-0.303,0.482,2
650,-0.414,0.479,2
651,0.352,0.548,2
653,0.912,0.655,2
656,0.912,0.655,2
657,-0.145,0.496,3
658,0.009,0.506,3
659,-0.773,0.471,3
661,-0.238,0.482,3
662,-0.636,0.48,3
663,0.912,0.655,3
664,0.352,0.548,3
665,-0.124,0.495,3
666,-2.655,0.542,3
669,-0.145,0.496,3
671,0.251,0.52,3
672,-0.181,0.494,3
673,-0.108,0.491,3
674,-0.461,0.472,3
675,0.912,0.655,3
676,-1.503,0.459,3
677,-0.124,0.495,3
679,0.23,0.519,3
680,-1.763,0.471,3
681,0.23,0.519,3
682,-0.947,0.46,3
685,0.009,0.506,3
686,0.42,0.55,3
687,-0.995,0.474,3
688,-0.75,0.464,3
690,0.352,0.548,3
691,0.251,0.52,3
692,0.23,0.519,3
693,-0.444,0.48,3
694,0.009,0.506,3
697,-0.773,0.471,3
699,-1.475,0.478,3
700,0.352,0.548,3
701,-0.124,0.495,3
702,-0.393,0.478,3
703,-0.75,0.464,3
704,0.912,0.655,3
706,-0.794,0.471,3
711,-0.623,0.468,3
715,-1.023,0.462,3
717,0.251,0.52,3
719,-0.637,0.481,3
720,0.42,0.55,3
721,0.912,0.655,3
722,0.352,0.548,3
723,0.912,0.655,3
724,-0.826,0.456,3
727,-0.816,0.467,3
733,-0.145,0.496,3
734,0.23,0.519,3
735,-0.124,0.495,3
737,-0.393,0.478,3
739,0.912,0.655,3
740,-0.533,0.48,3
741,-0.108,0.491,3
742,0.352,0.548,3
743,0.251,0.52,3
744,-0.059,0.49,3
746,0.42,0.55,3
747,-1.243,0.471,3
749,-0.414,0.479,3
750,-0.393,0.478,3
751,-0.124,0.495,3
753,0.912,0.655,3
754,-0.655,0.5,3
759,-0.533,0.48,3
760,-0.145,0.496,3
761,0.194,0.526,3
762,-0.145,0.496,3
763,0.352,0.548,3
764,0.009,0.506,3
765,0.912,0.655,3
767,-0.124,0.495,3
768,-1.061,0.458,3
769,0.912,0.655,3
770,-1.082,0.459,3
771,-0.372,0.47,3
772,-2.337,0.495,3
773,0.912,0.655,3
774,-0.145,0.496,3
780,-0.533,0.48,3
781,-0.414,0.479,3
782,0.912,0.655,3
783,0.251,0.52,3
784,-1.32,0.449,3
787,0.23,0.519,3
789,0.352,0.548,3
790,0.912,0.655,3
791,0.251,0.52,3
798,0.352,0.548,3
800,0.912,0.655,3
801,0.912,0.655,3
802,0.912,0.655,3
804,0.42,0.55,3
805,0.912,0.655,3
806,-1.107,0.457,3
807,0.912,0.655,3
808,0.352,0.548,3
809,-1.551,0.459,3
810,-0.393,0.478,3
811,0.251,0.52,3
812,-1.023,0.462,3
813,-0.414,0.479,3
814,0.912,0.655,3
815,0.42,0.55,3
816,0.912,0.655,3
817,0.352,0.548,3
818,-0.059,0.49,3
820,-1.325,0.467,3
821,-0.444,0.48,3
822,0.352,0.548,3
823,-0.461,0.472,3
824,-1.023,0.462,3
825,-0.507,0.47,3
826,-1.691,0.476,3
827,-0.533,0.48,3
828,-1.406,0.449,3
829,-0.414,0.479,3
830,-0.145,0.496,3
831,0.352,0.548,3
835,0.352,0.548,3
836,0.912,0.655,3
838,0.352,0.548,3
839,-1.119,0.455,3
840,-0.533,0.48,3
841,0.912,0.655,3
842,-0.124,0.495,3
843,-0.802,0.469,3
844,0.009,0.506,3
845,0.912,0.655,3
847,-0.414,0.479,3
848,0.912,0.655,3
849,0.912,0.655,3
850,-1.298,0.463,3
851,0.912,0.655,3
852,-0.839,0.469,3
853,-0.865,0.466,3
854,0.352,0.548,3
855,0.912,0.655,3
856,0.23,0.519,3
858,-2.03,0.479,3
859,-1.107,0.457,3
860,0.912,0.655,3
862,0.912,0.655,3
863,0.912,0.655,3
865,0.912,0.655,3
866,0.009,0.506,3
867,-0.181,0.494,3
869,-0.816,0.467,3
870,-0.414,0.479,3
871,0.352,0.548,3
872,-0.816,0.467,3
873,0.912,0.655,3
874,-0.773,0.471,3
875,0.009,0.506,3
880,0.912,0.655,3
882,0.912,0.655,3
883,-0.816,0.467,3
884,-0.461,0.472,3
887,-0.124,0.495,3
888,-1.082,0.459,3
889,-0.964,0.465,3
890,0.23,0.519,3
10177,-0.441,0.476,3
892,-0.059,0.49,3
893,-0.533,0.48,3
894,-0.461,0.472,3
895,-0.423,0.478,3
896,0.912,0.655,3
897,-0.932,0.468,3
898,-0.686,0.467,3
899,-0.802,0.469,3
900,-0.079,0.491,3
901,-1.325,0.467,3
902,-0.393,0.478,3
903,-0.773,0.471,3
905,-0.145,0.496,3
906,0.912,0.655,3
908,-1.325,0.466,3
910,-0.558,0.469,3
911,0.912,0.655,3
912,0.912,0.655,3
913,0.42,0.55,3
914,-0.461,0.472,3
915,0.009,0.506,3
917,-0.785,0.459,3
919,0.352,0.548,3
921,-1.576,0.45,3
922,0.352,0.548,3
923,0.912,0.655,3
924,-0.124,0.495,3
925,-0.059,0.49,3
926,0.352,0.548,3
929,-0.533,0.48,3
930,-0.079,0.491,3
932,0.251,0.52,3
933,-1.475,0.465,3
934,-1.325,0.466,3
935,0.009,0.506,3
936,-1.819,0.476,3
937,0.42,0.55,3
938,-0.305,0.49,3
10184,0.912,0.655,3
940,0.42,0.55,3
941,0.42,0.55,3
943,-0.414,0.479,3
945,-0.802,0.469,3
946,-0.124,0.495,3
947,-0.079,0.491,3
948,0.912,0.655,3
949,0.009,0.506,3
950,0.912,0.655,3
951,-0.145,0.496,3
952,-1.267,0.468,3
953,-0.533,0.48,3
954,-0.461,0.472,3
956,0.912,0.655,3
958,-0.204,0.485,3
959,0.912,0.655,3
960,0.912,0.655,3
961,0.352,0.548,3
962,-0.773,0.471,3
963,-1.036,0.46,3
964,-0.079,0.491,3
965,-1.104,0.456,3
966,0.912,0.655,3
967,0.912,0.655,3
968,-0.238,0.482,3
969,-0.507,0.47,3
971,0.912,0.655,3
972,0.352,0.548,3
973,-2.46,0.515,3
975,-0.079,0.491,3
976,0.912,0.655,3
977,0.912,0.655,3
978,-1.264,0.457,3
979,-0.124,0.495,3
981,-0.773,0.471,3
982,-0.932,0.468,3
983,-1.325,0.466,3
984,0.912,0.655,3
985,0.251,0.52,3
986,-0.145,0.496,3
987,0.912,0.655,3
988,-0.145,0.496,3
989,-0.818,0.46,3
990,-0.059,0.49,3
991,-0.533,0.48,3
992,-0.079,0.491,3
993,-0.678,0.463,3
994,-1.624,0.463,3
996,0.912,0.655,4
10019,-0.124,0.495,4
998,-0.181,0.494,4
10100,-0.533,0.48,4
10153,-0.533,0.48,4
10023,-1.036,0.46,4
10033,0.912,0.655,4
10001,-0.059,0.49,4
10107,0.009,0.506,4
10187,0.251,0.52,4
1011,-0.019,0.51,4
10014,0.23,0.519,4
10136,0.912,0.655,4
10137,-0.145,0.496,4
10018,0.912,0.655,4
1019,-0.414,0.479,4
10148,0.251,0.52,4
1022,-0.995,0.474,4
1025,0.352,0.548,4
10128,-1.184,0.457,4
1027,-0.558,0.469,4
1028,0.352,0.548,4
10115,-1.061,0.458,4
10021,-0.785,0.459,4
10185,-0.533,0.48,4
10013,-2.022,0.464,4
10237,0.352,0.548,4
1035,-1.243,0.471,4
10047,0.912,0.655,4
10064,-1.217,0.468,4
1039,-0.414,0.479,4
10015,-0.533,0.48,4
1041,-0.204,0.485,4
10011,-1.691,0.476,4
10152,0.912,0.655,4
1045,-0.802,0.469,4
1046,0.912,0.655,4
10034,-2.295,0.508,4
10050,0.42,0.55,4
1051,0.009,0.506,4
10165,0.251,0.52,4
1054,0.352,0.548,4
10089,-0.533,0.48,4
10055,-0.533,0.48,4
1058,0.42,0.55,4
1059,-0.145,0.496,4
10032,-0.204,0.485,4
10039,-0.414,0.479,4
1063,0.352,0.548,4
10012,-0.816,0.467,4
10063,0.009,0.506,4
10170,-1.23,0.456,4
10084,0.352,0.548,4
10046,-0.124,0.495,4
10027,0.912,0.655,4
1071,0.912,0.655,4
1072,-0.145,0.496,4
1073,-0.145,0.496,4
1074,0.352,0.548,4
10009,-0.533,0.48,4
10083,-0.636,0.48,4
10085,0.352,0.548,4
10077,-1.184,0.457,4
10004,-1.053,0.471,4
10104,-0.145,0.496,4
10081,0.912,0.655,4
10054,-0.773,0.471,4
10076,0.352,0.548,4
10036,0.009,0.506,4
10078,-2.03,0.479,4
10088,-0.305,0.49,4
10030,-0.865,0.466,4
1091,-0.816,0.467,4
10005,-0.802,0.469,4
10114,0.352,0.548,4
1095,-0.414,0.479,4
10090,-0.303,0.482,4
1099,-1.341,0.446,4
10164,0.009,0.506,4
1101,0.352,0.548,4
10048,-0.124,0.495,4
10190,-0.778,0.462,4
1104,-0.533,0.48,4
1105,0.251,0.52,4
10010,-1.553,0.461,4
1108,0.912,0.655,4
10201,-0.932,0.468,4
1110,-0.773,0.471,4
1111,0.251,0.52,4
10154,0.352,0.548,4
10003,-0.145,0.496,4
10075,0.23,0.519,4
10176,-0.019,0.51,4
10038,-1.184,0.457,4
10053,-1.691,0.476,4
10116,0.912,0.655,4
1122,-0.441,0.476,4
10236,-2.655,0.542,4
10096,-0.757,0.476,4
10043,-0.145,0.496,4
1128,0.23,0.519,4
10127,0.23,0.519,4
10173,0.009,0.506,4
10074,-0.773,0.471,4
1133,0.42,0.55,4
1134,0.912,0.655,4
1135,-0.623,0.468,4
10210,0.251,0.52,4
10024,0.912,0.655,4
1139,-1.762,0.477,4
10022,-0.124,0.495,4
1141,0.251,0.52,4
1143,-1.266,0.452,4
10026,0.912,0.655,4
10188,-1.108,0.472,4
1146,0.42,0.55,4
1147,0.42,0.55,4
1148,-0.533,0.48,4
1149,0.912,0.655,4
10007,-0.773,0.471,4
10079,-0.145,0.496,4
10159,0.23,0.519,4
1155,0.009,0.506,4
1156,-0.583,0.474,4
10131,-0.558,0.469,4
10120,0.251,0.52,4
1161,-0.773,0.471,4
10125,-0.145,0.496,4
10008,0.912,0.655,4
10146,0.251,0.52,4
10130,-0.706,0.462,4
1171,0.251,0.52,4
10052,-0.773,0.471,4
1175,-0.865,0.466,4
1177,0.352,0.548,4
10141,-0.414,0.479,4
10095,0.912,0.655,4
10045,0.352,0.548,4
10037,-0.124,0.495,4
1183,-0.145,0.496,4
1184,-1.036,0.46,4
10144,0.912,0.655,4
1187,0.352,0.548,4
1188,0.009,0.506,4
10109,-0.461,0.472,4
10183,-1.531,0.442,4
1191,0.912,0.655,4
1193,0.912,0.655,4
1194,-1.053,0.471,4
10031,0.352,0.548,4
10178,0.912,0.655,4
10151,0.352,0.548,4
10042,-2.295,0.508,4
1199,-0.393,0.478,4
10117,0.352,0.548,4
10099,0.23,0.519,4
1204,0.42,0.55,4
10020,-0.515,0.476,4
10069,-1.478,0.464,4
10145,-0.305,0.49,4
10066,-0.932,0.468,4
10025,-0.124,0.495,4
10110,0.912,0.655,4
10056,0.352,0.548,4
1213,0.251,0.52,4
1214,-0.204,0.485,4
10098,0.912,0.655,4
10057,-0.444,0.48,4
10006,-0.995,0.474,4
10126,-2.283,0.48,4
10162,0.912,0.655,4
10073,0.352,0.548,4
10189,-0.778,0.462,4
10060,0.009,0.506,4
10062,0.912,0.655,4
10142,-0.145,0.496,4
1230,-1.224,0.458,4
10101,-0.444,0.48,4
10065,-0.785,0.459,4
10061,-0.757,0.476,4
10103,-0.145,0.496,4
1236,-0.816,0.467,4
1237,-0.079,0.491,4
1238,-0.816,0.467,4
10051,0.23,0.519,4
1240,0.251,0.52,4
1242,-1.243,0.471,4
1244,0.912,0.655,4
10093,-0.533,0.48,4
10092,0.23,0.519,4
10149,0.23,0.519,4
10041,0.912,0.655,4
10169,-0.773,0.471,4
1252,0.912,0.655,4
10070,0.352,0.548,4
1255,0.912,0.655,4
1256,0.352,0.548,4
1257,0.912,0.655,4
1260,-0.461,0.472,4
1261,-0.533,0.48,4
1262,-0.533,0.48,4
10059,-0.56,0.473,4
1264,-1.173,0.459,4
1266,0.912,0.655,4
10068,-0.124,0.495,4
1268,-0.773,0.471,4
10058,-0.059,0.49,4
1271,-1.108,0.472,4
1273,-0.204,0.485,4
10168,-2.022,0.464,4
1276,0.251,0.52,4
10035,-0.393,0.478,4
1278,0.352,0.548,4
10172,0.42,0.55,4
10186,0.352,0.548,4
10016,-0.145,0.496,4
10002,-0.636,0.48,4
10040,-0.019,0.51,4
10080,0.42,0.55,4
10071,-0.393,0.478,4
10191,0.912,0.655,4
1288,-1.406,0.449,4
1289,-0.874,0.47,4
1290,-1.889,0.457,4
10028,-0.865,0.466,4
10086,-0.678,0.463,4
10017,-0.533,0.48,4
10067,-1.368,0.466,4
1297,-0.533,0.48,4
1299,0.912,0.655,4
10049,0.352,0.548,4
10072,0.912,0.655,4
1304,0.912,0.655,4
1306,0.42,0.55,4
1307,-0.738,0.46,4
10155,0.912,0.655,4
1309,0.912,0.655,4
10121,0.352,0.548,4
10087,-1.75,0.457,4
10029,-0.393,0.478,4
10044,-0.204,0.485,4
10082,0.912,0.655,4
1316,0.912,0.655,4
1317,-0.079,0.491,4
1318,0.912,0.655,4
1319,0.912,0.655,4
1320,-0.414,0.479,4
1321,0.912,0.655,4
1322,0.23,0.519,5
1323,0.352,0.548,5
1324,0.912,0.655,5
1325,0.912,0.655,5
1327,0.912,0.655,5
1328,-0.773,0.471,5
1329,-2.295,0.508,5
1331,-2.064,0.498,5
1332,0.23,0.519,5
1333,-0.305,0.49,5
1335,0.42,0.55,5
1336,-0.393,0.478,5
1338,-0.124,0.495,5
1339,-1.677,0.461,5
1341,0.23,0.519,5
1342,0.912,0.655,5
1343,0.352,0.548,5
1344,-0.372,0.47,5
1346,0.352,0.548,5
1348,-0.124,0.495,5
1349,-0.393,0.478,5
1350,-0.414,0.479,5
1351,0.912,0.655,5
1353,-0.773,0.471,5
1355,-0.636,0.48,5
1356,0.352,0.548,5
1357,0.251,0.52,5
1358,-0.145,0.496,5
1359,0.352,0.548,5
1360,-0.773,0.471,5
1364,-2.042,0.46,5
1365,0.912,0.655,5
1366,-0.393,0.478,5
1368,0.352,0.548,5
1369,0.912,0.655,5
1370,-0.079,0.491,5
1375,-1.217,0.468,5
1376,0.912,0.655,5
1377,-1.531,0.442,5
1378,-0.773,0.471,5
1379,-1.691,0.476,5
1380,-0.414,0.479,5
1383,0.251,0.52,5
1384,0.912,0.655,5
1385,0.912,0.655,5
1386,0.42,0.55,5
1387,-0.533,0.48,5
1388,-0.533,0.48,5
1390,-0.145,0.496,5
1392,0.352,0.548,5
1393,0.912,0.655,5
1394,-0.785,0.459,5
1396,0.912,0.655,5
1397,-1.405,0.452,5
1398,-0.773,0.471,5
1399,-0.108,0.491,5
1400,-1.458,0.459,5
1401,0.912,0.655,5
1402,0.912,0.655,5
1403,-1.763,0.471,5
1405,0.912,0.655,5
1406,-0.124,0.495,5
1407,0.059,0.518,5
1408,0.912,0.655,5
1409,-0.145,0.496,5
1410,-2.295,0.508,5
1411,0.251,0.52,5
1412,0.912,0.655,5
1413,-1.23,0.456,5
1415,-0.558,0.469,5
1417,-0.778,0.462,5
1418,-0.124,0.495,5
1419,-0.461,0.472,5
1421,0.912,0.655,5
1422,0.23,0.519,5
1424,-0.204,0.485,5
1426,-0.059,0.49,5
1427,-1.023,0.462,5
1428,-1.104,0.456,5
1430,0.352,0.548,5
1431,-0.773,0.471,5
1432,0.912,0.655,5
1433,0.42,0.55,5
1435,0.912,0.655,5
1437,-0.678,0.463,5
1438,-0.533,0.48,5
1439,0.912,0.655,5
1440,-0.773,0.471,5
1441,0.912,0.655,5
1442,-1.475,0.478,5
1443,0.912,0.655,5
1446,0.352,0.548,5
1447,0.912,0.655,5
1448,0.23,0.519,5
1449,0.912,0.655,5
1450,0.912,0.655,5
1451,0.352,0.548,5
1452,-0.515,0.476,5
1453,-1.136,0.449,5
1454,0.912,0.655,5
1455,0.912,0.655,5
1456,0.912,0.655,5
1457,-0.614,0.479,5
1458,0.42,0.55,5
1459,0.912,0.655,5
1461,-0.741,0.471,5
1462,0.251,0.52,5
1463,0.912,0.655,5
1464,-0.623,0.468,5
1465,0.23,0.519,5
1468,-0.663,0.465,5
1469,-0.059,0.49,5
1470,0.912,0.655,5
1471,-0.757,0.476,5
1475,-0.441,0.476,5
1476,-0.865,0.466,5
1478,0.912,0.655,5
1481,-0.145,0.496,5
1482,0.912,0.655,5
1484,-1.662,0.439,5
1487,-0.773,0.471,5
1489,-0.995,0.474,5
1490,0.912,0.655,5
1493,-0.414,0.479,5
1494,-1.23,0.456,5
1497,-2.655,0.542,5
1499,0.42,0.55,5
1501,-1.325,0.466,5
1502,-0.445,0.54,5
1503,-0.773,0.471,5
1505,-1.525,0.452,5
1507,-0.773,0.471,5
1508,0.42,0.55,5
1509,0.912,0.655,5
1511,-0.124,0.495,5
1512,-0.145,0.496,5
1513,0.912,0.655,5
1517,0.912,0.655,5
1518,0.912,0.655,5
1519,0.912,0.655,5
1521,-0.432,0.484,5
1522,-0.145,0.496,5
1524,-0.444,0.48,5
1525,-1.082,0.459,5
1527,-0.533,0.48,5
1528,-0.124,0.495,5
1532,-0.079,0.491,5
1533,0.912,0.655,5
1534,0.912,0.655,5
1535,0.009,0.506,5
1537,-0.124,0.495,5
1538,0.912,0.655,5
1540,-0.204,0.485,5
1541,0.912,0.655,5
1542,-0.874,0.47,5
1543,0.42,0.55,5
1548,0.251,0.52,5
1549,0.352,0.548,5
1550,-0.204,0.485,5
1551,-0.145,0.496,5
1552,-0.393,0.478,5
1553,0.912,0.655,5
1554,0.912,0.655,5
1555,-0.773,0.471,5
1558,-0.533,0.48,5
1559,0.912,0.655,5
1561,-0.019,0.51,5
1563,0.912,0.655,5
1565,-1.987,0.485,5
1566,-0.773,0.471,5
1567,-1.107,0.457,5
1568,0.23,0.519,5
1569,0.912,0.655,5
1571,-1.531,0.442,5
1572,-1.527,0.474,5
1573,0.912,0.655,5
1576,0.912,0.655,5
1577,0.009,0.506,5
1578,-0.238,0.482,5
1579,-0.741,0.471,5
1580,-0.145,0.496,5
1582,0.912,0.655,5
1583,-0.393,0.478,5
1586,0.912,0.655,5
1587,0.912,0.655,5
1588,0.912,0.655,5
1589,-0.75,0.464,5
1591,-1.173,0.459,5
1592,0.352,0.548,5
1594,-0.773,0.471,5
1596,-0.145,0.496,5
1597,0.42,0.55,5
1598,0.251,0.52,5
1599,0.912,0.655,5
1601,0.352,0.548,5
1602,-0.773,0.471,5
1604,-0.738,0.46,5
1605,-0.558,0.469,5
1606,0.912,0.655,5
1607,0.912,0.655,5
1608,0.251,0.52,5
1609,-1.75,0.457,5
1610,0.23,0.519,5
1611,0.912,0.655,5
1612,0.352,0.548,5
1614,-2.03,0.479,5
1616,-1.475,0.478,5
1619,0.912,0.655,5
1620,-1.32,0.449,5
1622,-2.337,0.495,5
1623,-1.061,0.458,5
1624,0.912,0.655,5
1627,0.912,0.655,5
1629,-0.108,0.491,5
1630,-0.636,0.48,5
1632,-0.865,0.466,5
1635,0.23,0.519,5
1636,-0.816,0.467,5
1639,-0.773,0.471,5
1641,0.912,0.655,5
1642,-0.124,0.495,5
1643,-0.414,0.479,5
1644,0.912,0.655,5
1647,0.42,0.55,5
1649,-1.859,0.449,5
1650,-0.414,0.479,5
1654,0.912,0.655,5
1655,0.912,0.655,5
1656,-0.393,0.478,5
1657,-0.204,0.485,5
1659,0.23,0.519,5
1660,-1.252,0.463,5
1661,-0.773,0.471,5
1664,-0.461,0.472,6
1666,0.251,0.52,6
1667,-0.124,0.495,6
1668,0.912,0.655,6
1670,0.912,0.655,6
1671,0.912,0.655,6
1672,-0.204,0.485,6
1675,0.912,0.655,6
1677,0.352,0.548,6
1680,-0.204,0.485,6
1682,0.912,0.655,6
1685,-0.145,0.496,6
1686,0.912,0.655,6
1687,-0.079,0.491,6
1690,0.23,0.519,6
1691,-0.226,0.502,6
1692,0.912,0.655,6
1693,0.912,0.655,6
1694,-0.079,0.491,6
1697,0.251,0.52,6
1698,-0.124,0.495,6
1699,-0.124,0.495,6
1701,-0.533,0.48,6
1702,0.912,0.655,6
1703,0.251,0.52,6
1704,0.352,0.548,6
1706,-0.773,0.471,6
1708,-0.932,0.468,6
1710,-0.533,0.48,6
1711,-1.808,0.467,6
1712,-0.181,0.494,6
1713,0.059,0.518,6
1714,0.251,0.52,6
1715,0.912,0.655,6
1716,-0.441,0.476,6
1717,-0.773,0.471,6
1720,-0.533,0.48,6
1721,0.912,0.655,6
1722,-0.773,0.471,6
1723,0.912,0.655,6
1724,-0.059,0.49,6
1725,0.352,0.548,6
1726,0.912,0.655,6
1727,-0.773,0.471,6
1728,0.352,0.548,6
1729,-0.145,0.496,6
1730,0.912,0.655,6
1731,-0.773,0.471,6
1734,0.352,0.548,6
1735,-0.204,0.485,6
1736,0.912,0.655,6
1738,0.912,0.655,6
1739,-1.347,0.464,6
1741,0.912,0.655,6
1742,0.912,0.655,6
1744,0.912,0.655,6
1745,-1.956,0.481,6
1746,-1.136,0.449,6
1748,0.23,0.519,6
1749,0.912,0.655,6
1751,-0.932,0.468,6
1752,-0.802,0.469,6
1753,-0.802,0.469,6
1754,-0.124,0.495,6
1755,-1.023,0.462,6
1756,0.251,0.52,6
1758,0.251,0.52,6
1760,0.251,0.52,6
1761,0.23,0.519,6
1762,0.009,0.506,6
1764,-2.135,0.469,6
1765,0.352,0.548,6
1767,0.23,0.519,6
1769,-0.145,0.496,6
1771,0.912,0.655,6
1772,0.251,0.52,6
1773,-0.872,0.469,6
1775,-1.207,0.471,6
1776,0.42,0.55,6
1777,0.251,0.52,6
1778,-0.393,0.478,6
1779,0.352,0.548,6
1780,-0.986,0.467,6
1782,-0.533,0.48,6
1783,-0.995,0.474,6
1784,0.059,0.518,6
1785,0.251,0.52,6
1786,-0.414,0.479,6
1788,0.912,0.655,6
1789,-0.124,0.495,6
1790,-0.357,0.481,6
1791,-0.204,0.485,6
1793,-0.393,0.478,6
1794,0.42,0.55,6
1795,0.251,0.52,6
1796,-0.124,0.495,6
1797,0.912,0.655,6
1798,-1.082,0.459,6
1799,-1.325,0.466,6
1801,0.352,0.548,6
1802,0.352,0.548,6
1803,0.42,0.55,6
1804,0.912,0.655,6
1807,-1.036,0.46,6
1808,-0.124,0.495,6
1809,0.912,0.655,6
1810,0.912,0.655,6
1811,-0.393,0.478,6
1814,-0.614,0.479,6
1815,0.352,0.548,6
1816,0.352,0.548,6
1817,0.251,0.52,6
1819,-1.082,0.459,6
1820,0.23,0.519,6
1821,-0.145,0.496,6
1822,0.352,0.548,6
1823,0.912,0.655,6
1826,-0.444,0.48,6
1827,-0.145,0.496,6
1828,-0.124,0.495,6
1829,-0.461,0.472,6
1830,-0.773,0.471,6
1831,0.42,0.55,6
1832,-0.56,0.472,6
1833,-0.444,0.48,6
1836,0.352,0.548,6
1837,0.912,0.655,6
1838,0.912,0.655,6
1839,0.912,0.655,6
1841,0.912,0.655,6
1842,-0.802,0.469,6
1845,0.352,0.548,6
1846,0.352,0.548,6
1847,0.912,0.655,6
1849,0.352,0.548,6
1850,-0.533,0.48,6
1851,0.912,0.655,6
1852,0.23,0.519,6
1853,0.009,0.506,6
1854,-0.932,0.468,6
1855,-0.773,0.471,6
1856,0.23,0.519,6
1857,-0.059,0.49,6
1858,0.23,0.519,6
1859,0.912,0.655,6
1860,-0.393,0.478,6
1861,-0.145,0.496,6
1863,-0.842,0.463,6
1866,-1.02,0.461,6
1867,0.912,0.655,6
1868,-1.347,0.464,6
1869,-0.533,0.48,6
1872,-0.204,0.485,6
1873,-1.02,0.476,6
1874,-0.305,0.49,6
1875,0.912,0.655,6
1876,0.912,0.655,6
1879,-0.145,0.496,6
1882,-0.204,0.485,6
1883,0.912,0.655,6
1884,0.009,0.506,6
1885,-1.449,0.448,6
1886,-1.036,0.46,6
1888,0.912,0.655,6
1890,-1.459,0.748,6
1891,0.912,0.655,6
1892,-0.124,0.495,6
1893,0.912,0.655,6
1895,-0.461,0.472,6
1897,0.912,0.655,6
1898,-1.459,0.748,6
1899,0.912,0.655,6
1900,-0.441,0.476,6
1901,-0.832,0.458,6
1903,0.912,0.655,6
1904,-1.23,0.456,6
1905,0.912,0.655,6
1906,0.912,0.655,6
1909,0.23,0.519,6
1910,-0.614,0.479,6
1911,0.912,0.655,6
1912,-0.414,0.479,6
1913,0.352,0.548,6
1914,0.912,0.655,6
1915,0.912,0.655,6
1916,0.912,0.655,6
1919,-1.23,0.457,6
1920,-1.304,0.46,6
1921,0.912,0.655,6
1922,0.251,0.52,6
1923,0.912,0.655,6
1924,-0.145,0.496,6
1925,-0.145,0.496,6
1926,0.912,0.655,6
1927,-0.204,0.485,6
1928,0.352,0.548,6
1929,-1.267,0.468,6
1930,0.251,0.52,6
1932,0.352,0.548,6
1934,0.912,0.655,6
1935,0.912,0.655,6
1936,0.352,0.548,6
1937,0.352,0.548,6
1938,0.23,0.519,6
1939,-0.678,0.463,6
1941,0.912,0.655,6
1942,0.912,0.655,6
1943,-0.874,0.47,6
1944,0.23,0.519,6
1945,0.009,0.506,6
1946,0.912,0.655,6
1947,-1.036,0.46,6
1948,0.23,0.519,6
1951,0.912,0.655,6
1953,0.912,0.655,6
1954,-0.507,0.47,6
1955,0.912,0.655,6
1958,-1.023,0.462,6
1959,0.912,0.655,6
1960,-0.773,0.471,6
1961,-1.036,0.46,6
1962,-0.995,0.474,6
1966,-0.773,0.471,6
1967,0.352,0.548,6
1969,-0.226,0.502,6
1970,-0.678,0.463,6
1972,-0.741,0.471,6
1973,-0.995,0.474,6
1974,0.352,0.548,6
1975,-0.393,0.478,6
1976,0.352,0.548,6
1978,-0.558,0.469,6
1981,0.912,0.655,6
1982,-0.865,0.466,6
1984,0.23,0.519,6
1985,0.912,0.655,6
1989,0.059,0.518,6
1990,0.352,0.548,6
1991,-0.204,0.485,6
1992,0.912,0.655,6
1993,-1.094,0.472,6
1994,-0.773,0.471,6
1995,0.912,0.655,6
1996,0.42,0.55,6
1997,0.912,0.655,6
1998,-0.414,0.479,6
1999,-2.022,0.464,6
2000,-0.204,0.485,6
2002,0.251,0.52,7
2003,0.42,0.55,7
2004,0.912,0.655,7
2005,-0.461,0.472,7
2006,-2.03,0.479,7
2007,-0.802,0.469,7
2009,-1.267,0.468,7
2010,-0.145,0.496,7
2011,0.912,0.655,7
2012,0.912,0.655,7
2014,0.912,0.655,7
2016,0.352,0.548,7
2019,-1.266,0.452,7
2020,-0.637,0.481,7
2021,-0.773,0.471,7
2022,-1.624,0.463,7
2026,-1.819,0.476,7
2027,0.352,0.548,7
2029,0.912,0.655,7
2030,0.352,0.548,7
2031,0.912,0.655,7
2032,-0.204,0.485,7
2034,0.42,0.55,7
2035,-0.778,0.462,7
2036,-0.461,0.472,7
2037,-0.204,0.485,7
2039,0.352,0.548,7
2040,0.912,0.655,7
2041,-1.843,0.476,7
2042,-0.414,0.479,7
2043,-0.059,0.49,7
2044,-0.816,0.467,7
2045,0.009,0.506,7
2047,-0.773,0.471,7
2050,-1.551,0.459,7
2051,0.912,0.655,7
2052,-0.414,0.479,7
2054,0.009,0.506,7
2056,0.23,0.519,7
2057,0.42,0.55,7
2058,0.352,0.548,7
2059,0.912,0.655,7
2061,-0.932,0.468,7
2062,-0.932,0.468,7
2063,0.912,0.655,7
2064,-0.124,0.495,7
2067,-1.325,0.467,7
2068,-1.503,0.459,7
2069,0.912,0.655,7
2070,0.912,0.655,7
2072,-0.423,0.478,7
2074,0.912,0.655,7
2076,0.912,0.655,7
2077,0.912,0.655,7
2079,-0.678,0.463,7
2080,0.912,0.655,7
2082,0.352,0.548,7
2083,0.42,0.55,7
2084,0.912,0.655,7
2085,0.912,0.655,7
2088,-1.503,0.459,7
2089,-1.458,0.446,7
2090,-1.503,0.459,7
2092,-0.816,0.467,7
2093,0.912,0.655,7
2095,0.009,0.506,7
2096,-0.059,0.49,7
2099,-0.816,0.467,7
2102,-0.441,0.476,7
2103,-1.023,0.462,7
2104,-0.145,0.496,7
2105,-0.773,0.471,7
2106,0.912,0.655,7
2107,-0.865,0.466,7
2109,-0.533,0.48,7
2110,-1.889,0.457,7
2111,-0.865,0.466,7
2113,0.352,0.548,7
2114,-0.816,0.467,7
2115,-0.079,0.491,7
2116,0.912,0.655,7
2117,0.009,0.506,7
2118,0.912,0.655,7
2119,-0.773,0.471,7
2120,-1.478,0.464,7
2121,0.912,0.655,7
2122,-0.56,0.473,7
2123,0.251,0.52,7
2124,-0.414,0.479,7
2126,0.912,0.655,7
2127,-0.614,0.479,7
2128,0.912,0.655,7
2129,-0.393,0.478,7
2130,0.42,0.55,7
2132,-0.778,0.462,7
2133,-0.785,0.459,7
2136,0.251,0.52,7
2137,-0.059,0.49,7
2138,-0.059,0.49,7
2139,0.23,0.519,7
2140,-0.533,0.48,7
2141,-0.393,0.478,7
2142,-1.082,0.459,7
2144,-0.773,0.471,7
2146,-0.145,0.496,7
2147,-1.05,0.458,7
2148,-0.533,0.48,7
2149,0.251,0.52,7
2150,0.912,0.655,7
2151,-0.835,0.464,7
2152,-1.304,0.46,7
2153,-1.02,0.476,7
2160,-1.322,0.454,7
2161,-0.145,0.496,7
2162,0.912,0.655,7
2163,-0.533,0.48,7
2164,0.912,0.655,7
2165,-0.124,0.495,7
2173,0.912,0.655,7
2174,-0.533,0.48,7
2175,-0.865,0.466,7
2177,0.912,0.655,7
2178,-0.145,0.496,7
2179,-1.184,0.457,7
2180,-0.019,0.51,7
2181,0.912,0.655,7
2182,0.912,0.655,7
2183,0.912,0.655,7
2185,0.352,0.548,7
2187,-0.204,0.485,7
2188,-0.494,0.48,7
2189,0.352,0.548,7
2190,0.912,0.655,7
2191,-0.533,0.48,7
2192,-2.295,0.508,7
2193,0.352,0.548,7
2195,-1.036,0.46,7
2196,-0.444,0.47,7
2199,-0.533,0.48,7
2200,-1.956,0.481,7
2202,0.352,0.548,7
2204,-1.036,0.46,7
2206,-0.773,0.471,7
2207,0.912,0.655,7
2208,0.251,0.52,7
2209,-0.461,0.472,7
2210,0.912,0.655,7
2211,-0.393,0.478,7
2212,-0.849,0.468,7
2213,-0.444,0.48,7
2214,0.912,0.655,7
2216,-0.533,0.48,7
2217,-0.533,0.48,7
2218,0.912,0.655,7
2219,-0.9,0.467,7
2221,-0.533,0.48,7
2222,-0.773,0.471,7
2224,0.42,0.55,7
2225,0.352,0.548,7
2228,-1.23,0.456,7
2229,0.23,0.519,7
2230,0.912,0.655,7
2232,-0.145,0.496,7
2233,0.912,0.655,7
2234,0.912,0.655,7
2235,-1.082,0.459,7
2236,-0.393,0.478,7
2237,-0.507,0.47,7
2239,0.912,0.655,7
2240,-1.325,0.467,7
2241,0.009,0.506,7
2242,-0.186,0.489,7
2244,-0.059,0.49,7
2245,-1.252,0.463,7
2246,-0.204,0.485,7
2247,0.23,0.519,7
2248,-0.515,0.476,7
2249,-0.444,0.48,7
2250,-0.932,0.468,7
2251,-0.079,0.491,7
2253,-0.079,0.491,7
2254,0.912,0.655,7
2256,-0.533,0.48,7
2257,0.352,0.548,7
2259,-1.023,0.462,7
2260,-0.444,0.48,7
2263,0.912,0.655,7
2264,-1.036,0.46,7
2265,-2.03,0.479,7
2268,0.912,0.655,7
2269,-0.773,0.471,7
2270,-2.283,0.48,7
2272,0.912,0.655,7
2273,-0.204,0.485,7
2274,0.912,0.655,7
2275,-1.267,0.468,7
2277,0.251,0.52,7
2279,-0.802,0.469,7
2280,0.23,0.519,7
2282,-0.019,0.51,7
2283,-0.124,0.495,7
2284,-0.816,0.467,7
2287,-1.601,0.457,7
2288,-0.393,0.478,7
2290,0.009,0.506,7
2291,-0.204,0.485,7
2293,0.352,0.548,7
2294,-1.696,0.459,7
2296,-0.124,0.495,7
2297,-1.325,0.467,7
2298,0.912,0.655,7
2300,0.352,0.548,7
2301,0.912,0.655,7
2302,0.912,0.655,7
2303,-0.059,0.49,7
2304,0.352,0.548,7
2306,-1.036,0.46,7
2307,-0.124,0.495,7
2308,0.42,0.55,7
2309,0.912,0.655,7
2310,0.912,0.655,7
2311,-1.7,0.471,7
2314,-0.849,0.468,7
2315,-0.145,0.496,7
2317,-0.204,0.485,7
2319,0.912,0.655,7
2320,-0.773,0.471,7
2321,0.42,0.55,7
2322,-0.816,0.467,7
2324,0.912,0.655,7
2326,0.912,0.655,7
2327,-0.124,0.495,7
2328,0.23,0.519,8
2329,-0.773,0.471,8
2330,0.912,0.655,8
2331,-0.124,0.495,8
2333,0.912,0.655,8
2334,0.352,0.548,8
2335,0.23,0.519,8
2337,-0.059,0.49,8
2338,-0.303,0.482,8
2339,0.912,0.655,8
2340,-0.461,0.472,8
2341,0.42,0.55,8
2342,-0.124,0.495,8
2344,0.352,0.548,8
2345,-1.023,0.462,8
2346,0.42,0.55,8
2347,-0.305,0.49,8
2349,0.251,0.52,8
2350,0.912,0.655,8
2351,0.23,0.519,8
2352,0.912,0.655,8
2353,0.352,0.548,8
2355,-2.03,0.479,8
2357,0.912,0.655,8
2358,-1.512,0.49,8
2359,0.912,0.655,8
2360,0.009,0.506,8
2363,-0.393,0.478,8
2364,0.23,0.519,8
2365,-1.184,0.457,8
2371,-0.204,0.485,8
2372,0.23,0.519,8
2375,0.009,0.506,8
2378,-0.145,0.496,8
2379,-0.461,0.472,8
2380,-0.305,0.49,8
2381,-0.773,0.471,8
2382,0.912,0.655,8
2383,0.009,0.506,8
2385,0.23,0.519,8
2388,0.059,0.518,8
2389,-0.145,0.496,8
2392,-0.515,0.476,8
2393,0.912,0.655,8
2394,-0.124,0.495,8
2395,-0.145,0.496,8
2396,-1.082,0.459,8
2397,0.912,0.655,8
2398,-0.414,0.479,8
2399,0.23,0.519,8
2400,-0.124,0.495,8
2402,-0.145,0.496,8
2403,-0.124,0.495,8
2404,0.912,0.655,8
2405,0.912,0.655,8
2406,0.352,0.548,8
2408,-0.816,0.467,8
2409,-0.461,0.472,8
2410,-0.773,0.471,8
2411,0.352,0.548,8
2412,0.912,0.655,8
2414,0.352,0.548,8
2415,0.42,0.55,8
2417,0.912,0.655,8
2419,-1.478,0.464,8
2420,0.23,0.519,8
2421,-1.449,0.448,8
2422,-0.414,0.479,8
2423,0.912,0.655,8
2425,0.912,0.655,8
2426,0.352,0.548,8
2427,0.912,0.655,8
2428,-0.461,0.472,8
2429,0.912,0.655,8
2430,-0.874,0.47,8
2431,-0.145,0.496,8
2433,0.912,0.655,8
2434,-0.56,0.472,8
2435,0.912,0.655,8
2436,0.912,0.655,8
2437,0.912,0.655,8
2438,-0.124,0.495,8
2440,0.23,0.519,8
2442,-0.816,0.467,8
2443,-0.75,0.464,8
2446,-0.204,0.485,8
2447,0.352,0.548,8
2448,0.912,0.655,8
2449,-0.773,0.471,8
2450,0.912,0.655,8
2451,-0.414,0.479,8
2452,0.912,0.655,8
2454,0.352,0.548,8
2455,0.912,0.655,8
2456,-0.802,0.469,8
2457,-2.135,0.469,8
2458,0.352,0.548,8
2459,-0.204,0.485,8
2460,0.912,0.655,8
2461,-0.059,0.49,8
2462,-0.773,0.471,8
2463,-1.97,0.473,8
2464,-0.303,0.482,8
2465,0.912,0.655,8
2466,-0.533,0.48,8
2469,-0.533,0.48,8
2471,-0.393,0.478,8
2472,0.23,0.519,8
2473,-0.124,0.495,8
2475,-0.145,0.496,8
2476,-0.558,0.469,8
2477,-0.533,0.48,8
2479,0.251,0.52,8
2480,-1.082,0.459,8
2482,0.912,0.655,8
2483,0.009,0.506,8
2485,0.352,0.548,8
2486,0.912,0.655,8
2487,0.912,0.655,8
2490,0.23,0.519,8
2491,0.23,0.519,8
2492,0.912,0.655,8
2493,0.912,0.655,8
2494,0.912,0.655,8
2495,0.42,0.55,8
2496,-1.036,0.46,8
2497,-0.145,0.496,8
2498,0.352,0.548,8
2499,-0.079,0.491,8
2500,0.912,0.655,8
2501,0.912,0.655,8
2502,0.912,0.655,8
2504,-0.204,0.485,8
2505,-2.337,0.495,8
2507,0.912,0.655,8
2508,0.352,0.548,8
2509,-0.145,0.496,8
2510,0.352,0.548,8
2511,-1.992,0.469,8
2512,-0.636,0.48,8
2513,-0.865,0.466,8
2516,-0.773,0.471,8
2517,0.912,0.655,8
2518,-1.774,0.454,8
2519,0.912,0.655,8
2520,0.912,0.655,8
2521,0.352,0.548,8
2522,-0.393,0.478,8
2523,0.912,0.655,8
2524,0.912,0.655,8
2525,-0.124,0.495,8
2526,0.352,0.548,8
2529,0.912,0.655,8
2530,-0.423,0.478,8
2531,0.251,0.52,8
2533,-0.773,0.471,8
2534,-0.108,0.491,8
2537,-0.145,0.496,8
2539,0.912,0.655,8
2540,-0.204,0.485,8
2541,0.912,0.655,8
2542,0.912,0.655,8
2543,-0.995,0.474,8
2544,0.352,0.548,8
2545,0.912,0.655,8
2546,-0.816,0.467,8
2548,-0.145,0.496,8
2549,-0.145,0.496,8
2550,-0.533,0.48,8
2551,0.23,0.519,8
2553,-0.533,0.48,8
2554,0.912,0.655,8
2556,0.23,0.519,8
2557,0.912,0.655,8
2558,-1.458,0.459,8
2559,-0.059,0.49,8
2560,0.912,0.655,8
2561,0.912,0.655,8
2562,-0.773,0.471,8
2563,0.42,0.55,8
2567,-0.849,0.468,8
2569,0.23,0.519,8
2570,0.352,0.548,8
2571,-0.124,0.495,8
2572,-1.023,0.462,8
2573,0.912,0.655,8
2574,0.912,0.655,8
2576,-0.204,0.485,8
2577,-1.551,0.459,8
2579,-0.181,0.494,8
2581,0.42,0.55,8
2582,-0.259,0.483,8
2583,0.912,0.655,8
2584,-0.773,0.471,8
2587,-2.655,0.542,8
2588,0.42,0.55,8
2590,0.23,0.519,8
2591,0.912,0.655,8
2592,0.009,0.506,8
2594,0.912,0.655,8
2595,-0.444,0.47,8
2597,0.912,0.655,8
2598,-0.414,0.479,8
2600,-0.773,0.471,8
2601,0.912,0.655,8
2605,0.009,0.506,8
2607,-0.145,0.496,8
2608,0.42,0.55,8
2609,-1.31,0.451,8
2611,-1.325,0.466,8
2612,0.912,0.655,8
2614,0.912,0.655,8
2615,0.009,0.506,8
2618,-0.124,0.495,8
2619,-0.802,0.469,8
2621,-1.061,0.458,8
2622,-0.865,0.466,8
2623,0.23,0.519,8
2625,0.912,0.655,8
2626,-1.458,0.446,8
2628,0.912,0.655,8
2629,0.352,0.548,8
2631,0.912,0.655,8
2632,0.352,0.548,8
2633,0.912,0.655,8
2634,-0.204,0.485,8
2635,0.23,0.519,8
2637,-0.773,0.471,8
2638,0.352,0.548,8
2640,-0.932,0.468,8
2641,0.912,0.655,8
2642,-0.145,0.496,8
2644,-0.019,0.51,8
2645,0.352,0.548,8
2646,0.251,0.52,8
2648,0.912,0.655,8
2649,0.912,0.655,8
2650,0.251,0.52,8
2651,0.912,0.655,8
2652,-1.082,0.459,8
2653,0.009,0.506,8
2654,0.251,0.52,8
2655,-1.75,0.457,8
2656,0.912,0.655,8
2657,-0.461,0.472,8
2659,-2.295,0.508,9
2660,0.912,0.655,9
2662,-1.325,0.467,9
2663,-1.023,0.462,9
2664,-0.773,0.471,9
2666,0.251,0.52,9
2667,-0.124,0.495,9
2668,0.912,0.655,9
2669,0.912,0.655,9
2670,0.912,0.655,9
2671,0.912,0.655,9
2673,-1.217,0.468,9
2674,0.912,0.655,9
2675,0.352,0.548,9
2676,0.352,0.548,9
2677,0.912,0.655,9
2678,-0.079,0.491,9
2679,0.912,0.655,9
2680,-1.217,0.468,9
2681,-0.204,0.485,9
2682,-0.124,0.495,9
2683,-1.107,0.457,9
2684,-0.773,0.471,9
2686,-0.423,0.478,9
2687,0.352,0.548,9
2688,-0.773,0.471,9
2689,0.912,0.655,9
2690,0.23,0.519,9
2691,-0.533,0.48,9
2692,-0.533,0.48,9
2693,0.251,0.52,9
2694,0.912,0.655,9
2695,0.912,0.655,9
2698,0.912,0.655,9
2699,-0.533,0.48,9
2700,0.352,0.548,9
2701,-0.835,0.464,9
2703,0.352,0.548,9
2704,-0.414,0.479,9
2706,-0.995,0.474,9
2707,-0.124,0.495,9
2708,-0.678,0.463,9
2711,-0.259,0.483,9
2712,0.912,0.655,9
2713,-0.414,0.479,9
2715,-0.533,0.48,9
2717,-1.094,0.472,9
2719,0.23,0.519,9
2720,-1.819,0.476,9
2722,0.912,0.655,9
2723,0.352,0.548,9
2724,0.251,0.52,9
2725,0.42,0.55,9
2726,0.352,0.548,9
2729,0.352,0.548,9
2730,-0.059,0.49,9
2731,0.352,0.548,9
2732,0.352,0.548,9
2733,0.251,0.52,9
2734,0.912,0.655,9
2736,0.23,0.519,9
2737,-1.119,0.455,9
2738,0.912,0.655,9
2739,-2.064,0.498,9
2740,-0.816,0.467,9
2741,0.251,0.52,9
2742,-1.553,0.461,9
2743,0.912,0.655,9
2744,-0.059,0.49,9
2745,-0.414,0.479,9
2746,-0.558,0.469,9
2747,-0.773,0.471,9
2748,-0.124,0.495,9
2750,-0.124,0.495,9
2751,-0.533,0.48,9
2752,0.352,0.548,9
2753,0.352,0.548,9
2754,0.23,0.519,9
2758,-0.533,0.48,9
2759,-0.145,0.496,9
2761,-1.217,0.468,9
2762,-1.061,0.458,9
2763,0.251,0.52,9
2764,-1.987,0.455,9
2765,-1.677,0.461,9
2766,0.912,0.655,9
2767,0.352,0.548,9
2768,0.352,0.548,9
2769,0.352,0.548,9
2770,0.251,0.52,9
2771,-0.533,0.48,9
2772,-0.019,0.51,9
2773,-0.079,0.491,9
2774,0.352,0.548,9
2775,-1.028,0.466,9
2777,-0.145,0.496,9
2779,0.912,0.655,9
2780,-0.204,0.485,9
2781,-0.75,0.464,9
2782,0.912,0.655,9
2784,0.23,0.519,9
2785,0.912,0.655,9
2787,0.912,0.655,9
2790,-0.802,0.469,9
2791,-0.773,0.471,9
2792,-0.124,0.495,9
2793,-0.432,0.484,9
2794,-1.108,0.472,9
2795,0.912,0.655,9
2796,-1.264,0.471,9
2797,-0.773,0.471,9
2800,0.912,0.655,9
2801,-1.554,0.474,9
2802,0.912,0.655,9
2804,0.23,0.519,9
2805,0.912,0.655,9
2806,-1.755,0.469,9
2807,-1.531,0.442,9
2808,0.912,0.655,9
2809,0.912,0.655,9
2810,0.912,0.655,9
2811,0.912,0.655,9
2812,-0.059,0.49,9
2813,-0.865,0.466,9
2814,-0.145,0.496,9
2815,-0.145,0.496,9
2816,0.912,0.655,9
2817,0.912,0.655,9
2818,-2.266,0.485,9
2819,-0.124,0.495,9
2820,-1.624,0.463,9
2821,-0.204,0.485,9
2823,-1.061,0.458,9
2824,-0.226,0.502,9
2825,-0.145,0.496,9
2827,-0.444,0.48,9
2828,0.009,0.506,9
2830,-1.774,0.454,9
2832,0.251,0.52,9
2833,-1.036,0.46,9
2835,0.23,0.519,9
2836,-0.059,0.49,9
2837,-0.145,0.496,9
2838,0.352,0.548,9
2839,0.352,0.548,9
2840,-0.019,0.51,9
2842,0.009,0.506,9
2843,0.251,0.52,9
2844,0.912,0.655,9
2845,-0.145,0.496,9
2846,0.23,0.519,9
2847,0.23,0.519,9
2848,-0.124,0.495,9
2849,-0.145,0.496,9
2850,-0.932,0.468,9
2851,-1.325,0.467,9
2854,0.912,0.655,9
2855,0.352,0.548,9
2857,0.352,0.548,9
2858,0.352,0.548,9
2859,-0.204,0.485,9
2860,0.352,0.548,9
2861,0.23,0.519,9
2862,-1.108,0.472,9
10197,-0.773,0.471,9
2865,-0.079,0.491,9
2866,-1.243,0.471,9
2869,0.912,0.655,9
2870,0.912,0.655,9
2871,0.251,0.52,9
2872,-0.145,0.496,9
2874,-0.059,0.49,9
2875,-0.773,0.471,9
2876,-0.079,0.491,9
2877,0.251,0.52,9
2878,-0.079,0.491,9
2880,-1.02,0.476,9
2881,0.352,0.548,9
2882,0.912,0.655,9
2883,-0.145,0.496,9
2884,0.352,0.548,9
2885,0.42,0.55,9
2886,0.912,0.655,9
2889,0.912,0.655,9
2890,-1.766,0.473,9
2892,-0.773,0.471,9
2893,-0.204,0.485,9
2894,0.912,0.655,9
2895,0.009,0.506,9
2896,0.352,0.548,9
2897,0.23,0.519,9
2898,0.912,0.655,9
2901,-0.533,0.48,9
2904,-1.023,0.462,9
2906,-0.533,0.48,9
2907,0.912,0.655,9
2908,0.42,0.55,9
2909,0.912,0.655,9
2912,0.912,0.655,9
2913,0.352,0.548,9
2914,-0.019,0.51,9
2915,0.42,0.55,9
2916,0.912,0.655,9
2917,0.912,0.655,9
2918,-1.475,0.478,9
2919,0.912,0.655,9
2922,-0.533,0.48,9
2923,-0.533,0.48,9
2924,0.912,0.655,9
2925,-0.145,0.496,9
2926,0.352,0.548,9
2927,-1.843,0.476,9
2928,-0.124,0.495,9
2929,0.912,0.655,9
2930,0.912,0.655,9
2931,0.912,0.655,9
2933,-0.533,0.48,9
2934,0.912,0.655,9
2936,0.23,0.519,9
2937,-1.341,0.446,9
2939,0.251,0.52,9
2940,0.251,0.52,9
2941,0.912,0.655,9
2942,0.912,0.655,9
2943,0.912,0.655,9
2944,-0.145,0.496,9
2945,-0.533,0.48,9
2946,-0.145,0.496,9
2947,0.251,0.52,9
2949,-0.059,0.49,9
2950,0.912,0.655,9
2951,0.251,0.52,9
2952,-1.02,0.476,9
2953,0.251,0.52,9
2954,-0.393,0.478,9
2955,0.912,0.655,9
2956,0.912,0.655,9
2957,-0.145,0.496,9
2958,0.912,0.655,9
2959,-0.637,0.481,9
2960,-0.964,0.465,9
2961,0.912,0.655,9
2962,0.352,0.548,9
2963,0.251,0.52,9
2964,0.352,0.548,9
2965,0.912,0.655,9
2966,-0.145,0.496,9
2968,0.42,0.55,9
2969,0.912,0.655,9
2970,0.352,0.548,9
2971,-0.124,0.495,9
2972,0.009,0.506,9
2973,-1.153,0.469,9
2974,0.251,0.52,9
2979,0.912,0.655,9
2980,0.912,0.655,9
2981,0.912,0.655,9
2982,0.912,0.655,9
10182,0.009,0.506,9
2986,-0.079,0.491,10
2987,-0.079,0.491,10
2988,-0.773,0.471,10
2989,-2.655,0.542,10
2992,-0.393,0.478,10
2994,0.42,0.55,10
2995,0.352,0.548,10
2997,-0.473,0.473,10
2998,0.912,0.655,10
2999,0.912,0.655,10
3002,0.912,0.655,10
3003,-0.393,0.478,10
3004,-2.295,0.508,10
3005,-0.678,0.463,10
3007,-0.558,0.469,10
3008,-0.124,0.495,10
3009,0.251,0.52,10
3010,-0.515,0.476,10
3011,-0.124,0.495,10
3012,0.912,0.655,10
3014,-0.059,0.49,10
3015,-0.204,0.485,10
3016,0.912,0.655,10
3017,0.912,0.655,10
3018,-0.124,0.495,10
3020,-0.019,0.51,10
3021,0.912,0.655,10
3022,0.009,0.506,10
3023,0.912,0.655,10
3024,0.912,0.655,10
3026,0.912,0.655,10
3027,0.912,0.655,10
3028,0.912,0.655,10
3029,-0.019,0.51,10
3030,-0.995,0.474,10
3031,-0.019,0.51,10
3033,-0.515,0.476,10
3034,-1.023,0.462,10
3036,-1.385,0.461,10
3037,0.009,0.506,10
3038,0.23,0.519,10
3039,-0.461,0.472,10
3040,0.352,0.548,10
3041,0.912,0.655,10
3042,-2.059,0.482,10
3043,-0.932,0.468,10
3044,-0.226,0.502,10
3045,0.352,0.548,10
3046,0.912,0.655,10
3047,0.912,0.655,10
3048,-0.124,0.495,10
3049,0.352,0.548,10
3052,0.352,0.548,10
3053,-0.108,0.491,10
3054,0.352,0.548,10
3055,0.912,0.655,10
3056,-1.624,0.463,10
3058,-0.637,0.481,10
3060,-0.145,0.496,10
3061,-0.773,0.471,10
3062,-1.184,0.457,10
3063,-1.304,0.46,10
3064,-0.816,0.467,10
3065,-0.059,0.49,10
3066,0.352,0.548,10
3067,0.42,0.55,10
3068,0.009,0.506,10
3071,0.009,0.506,10
3072,-0.145,0.496,10
3073,-1.02,0.476,10
3075,-1.859,0.449,10
3076,-0.204,0.485,10
3079,-1.763,0.471,10
3081,-0.865,0.466,10
3082,-1.325,0.466,10
3083,0.352,0.548,10
3084,0.251,0.52,10
3085,0.352,0.548,10
3086,-1.036,0.46,10
3087,0.912,0.655,10
3088,-0.533,0.48,10
3089,0.352,0.548,10
3090,-0.533,0.48,10
3092,-0.773,0.471,10
3093,0.23,0.519,10
3095,-1.02,0.476,10
3096,-0.9,0.467,10
3097,0.912,0.655,10
3098,-0.204,0.485,10
3099,-0.186,0.489,10
3102,-0.145,0.496,10
3107,0.912,0.655,10
3108,0.352,0.548,10
3109,0.352,0.548,10
3110,-0.414,0.479,10
3111,-0.204,0.485,10
3112,-0.802,0.469,10
3113,-1.31,0.451,10
3114,-0.461,0.472,10
3115,-0.145,0.496,10
3116,-1.78,0.443,10
3117,0.912,0.655,10
3118,-0.773,0.471,10
3119,0.912,0.655,10
3120,0.352,0.548,10
3122,0.251,0.52,10
3123,0.352,0.548,10
3124,0.352,0.548,10
3127,0.912,0.655,10
3128,0.912,0.655,10
3130,-0.816,0.467,10
3131,-0.773,0.471,10
3132,0.23,0.519,10
3133,0.352,0.548,10
3134,0.251,0.52,10
3135,0.23,0.519,10
3136,-1.018,0.464,10
3138,-1.02,0.476,10
3139,0.912,0.655,10
3142,-1.02,0.476,10
3143,-1.207,0.471,10
3144,-0.686,0.467,10
3145,-0.204,0.485,10
3146,-0.932,0.468,10
3147,0.912,0.655,10
3148,0.352,0.548,10
3150,-0.124,0.495,10
3151,-0.059,0.49,10
3152,0.912,0.655,10
3154,-0.773,0.471,10
3156,0.912,0.655,10
3158,0.23,0.519,10
3159,-0.124,0.495,10
3160,0.912,0.655,10
3161,0.912,0.655,10
3163,-1.243,0.471,10
3164,-1.23,0.456,10
3165,0.352,0.548,10
3167,0.352,0.548,10
3168,-0.145,0.496,10
3169,0.912,0.655,10
3170,0.912,0.655,10
3171,0.912,0.655,10
3172,0.23,0.519,10
3173,-0.533,0.48,10
3174,-0.124,0.495,10
3175,0.912,0.655,10
3180,-0.533,0.48,10
3181,0.23,0.519,10
3183,-0.414,0.479,10
3184,-0.145,0.496,10
3185,-0.124,0.495,10
3186,0.912,0.655,10
3187,0.912,0.655,10
3190,-1.053,0.471,10
3191,0.912,0.655,10
3192,-0.124,0.495,10
3194,0.912,0.655,10
3195,0.912,0.655,10
3196,0.251,0.52,10
3197,-0.461,0.472,10
3198,-0.079,0.491,10
3199,0.912,0.655,10
3200,0.42,0.55,10
3201,-0.636,0.48,10
3202,-0.226,0.502,10
3203,0.352,0.548,10
3204,0.23,0.519,10
3206,-1.703,0.458,10
3207,0.912,0.655,10
3209,-0.444,0.47,10
3210,-0.059,0.49,10
3212,-0.145,0.496,10
3213,0.912,0.655,10
3214,-1.217,0.468,10
3217,-0.079,0.491,10
3218,-0.515,0.476,10
3219,-1.763,0.471,10
3220,0.352,0.548,10
3221,-1.023,0.462,10
3222,-1.036,0.46,10
3223,-0.019,0.51,10
3225,-0.145,0.496,10
3226,0.23,0.519,10
3227,0.912,0.655,10
3228,-0.393,0.478,10
3230,-0.124,0.495,10
3231,-0.995,0.474,10
3232,0.912,0.655,10
3233,0.251,0.52,10
3234,-0.124,0.495,10
3235,-0.145,0.496,10
3236,0.912,0.655,10
3238,-0.773,0.471,10
3240,-1.449,0.448,10
3242,-0.204,0.485,10
3243,0.912,0.655,10
3244,-1.766,0.473,10
3247,0.352,0.548,10
3248,-0.623,0.468,10
3249,-0.802,0.469,10
3252,0.912,0.655,10
3253,-0.533,0.48,10
3254,0.42,0.55,10
3255,0.912,0.655,10
3256,-0.108,0.491,10
3257,-0.423,0.478,10
3258,-0.773,0.471,10
3259,0.912,0.655,10
3260,-0.204,0.485,10
3261,-0.204,0.485,10
3264,-0.637,0.481,10
3265,0.912,0.655,10
3266,0.23,0.519,10
3268,-1.252,0.463,10
3269,0.42,0.55,10
3271,-0.079,0.491,10
3272,0.912,0.655,10
3274,-0.802,0.469,10
3275,0.912,0.655,10
3276,-0.832,0.458,10
3278,0.912,0.655,10
3279,0.352,0.548,10
3280,0.251,0.52,10
3281,0.912,0.655,10
3283,0.009,0.506,10
3284,0.251,0.52,10
3285,0.42,0.55,10
3286,-0.079,0.491,10
3287,0.352,0.548,10
3288,0.912,0.655,10
3289,0.251,0.52,10
3291,0.912,0.655,10
3292,-0.533,0.48,10
3294,-0.393,0.478,10
3296,0.912,0.655,10
3297,0.912,0.655,10
3298,-0.865,0.466,10
3299,-0.124,0.495,10
3301,0.23,0.519,10
3302,0.912,0.655,10
3305,0.912,0.655,10
3306,0.352,0.548,10
3307,-0.238,0.482,10
3308,-0.773,0.471,10
3310,-0.816,0.467,10
3311,0.23,0.519,10
3312,0.912,0.655,10
3313,-0.186,0.489,10
3314,-0.865,0.466,10
3315,-0.533,0.48,10
3316,-0.059,0.49,10
3318,0.23,0.519,10
3319,-1.094,0.472,10
3321,0.352,0.548,10
3322,0.251,0.52,10
3323,-0.145,0.496,10
3324,-0.124,0.495,10
3325,-1.341,0.446,10
3326,-0.204,0.485,10
3327,0.912,0.655,10
3328,0.23,0.519,10
3331,-1.184,0.457,10
3332,0.009,0.506,11
3335,-0.773,0.471,11
3336,0.912,0.655,11
3340,0.912,0.655,11
3342,0.912,0.655,11
3344,-0.145,0.496,11
3345,-0.414,0.479,11
3346,-1.32,0.449,11
3347,0.912,0.655,11
3350,0.912,0.655,11
3352,0.912,0.655,11
3354,-0.393,0.478,11
3356,0.912,0.655,11
3357,0.912,0.655,11
3358,-0.432,0.484,11
3360,0.912,0.655,11
3361,-0.614,0.479,11
3362,0.912,0.655,11
3364,0.912,0.655,11
3366,-0.533,0.48,11
3372,-0.702,0.476,11
3374,0.912,0.655,11
3375,-0.865,0.466,11
3377,-1.568,0.452,11
3378,0.912,0.655,11
3381,-0.773,0.471,11
3382,0.912,0.655,11
3384,-0.461,0.472,11
3386,0.912,0.655,11
3387,0.912,0.655,11
3388,-1.728,0.461,11
3389,-1.086,0.465,11
3390,-0.145,0.496,11
3397,-0.773,0.471,11
3398,0.912,0.655,11
3402,0.251,0.52,11
3404,0.912,0.655,11
3405,0.251,0.52,11
3406,-1.082,0.459,11
3407,-0.059,0.49,11
3408,-0.145,0.496,11
3411,0.912,0.655,11
3412,-0.414,0.479,11
3414,0.912,0.655,11
3415,0.912,0.655,11
3416,0.912,0.655,11
3418,0.912,0.655,11
3419,-0.204,0.485,11
3420,0.912,0.655,11
3422,-0.816,0.467,11
3423,0.352,0.548,11
3424,0.912,0.655,11
3425,-0.56,0.472,11
3427,-0.773,0.471,11
3428,0.23,0.519,11
3430,0.912,0.655,11
3432,0.912,0.655,11
3433,0.352,0.548,11
3434,-0.145,0.496,11
3435,-0.995,0.474,11
3437,-1.587,0.479,11
3438,0.251,0.52,11
3439,0.912,0.655,11
3440,-0.145,0.496,11
3441,-0.414,0.479,11
3443,0.251,0.52,11
3445,0.352,0.548,11
3446,0.42,0.55,11
3448,-2.295,0.508,11
3450,0.009,0.506,11
3451,0.912,0.655,11
3455,0.912,0.655,11
3457,-0.145,0.496,11
3458,0.352,0.548,11
3460,-0.773,0.471,11
3461,-0.145,0.496,11
3462,-1.987,0.485,11
3463,-0.414,0.479,11
3464,-0.832,0.458,11
3465,0.009,0.506,11
3466,-0.124,0.495,11
3469,-0.583,0.474,11
3516,0.912,0.655,11
3519,-2.295,0.508,11
3520,0.23,0.519,11
3521,-0.079,0.491,11
3522,0.912,0.655,11
3523,-1.531,0.442,11
3525,0.23,0.519,11
3526,0.352,0.548,11
3528,0.352,0.548,11
3531,0.23,0.519,11
3532,-1.97,0.473,11
3534,-0.414,0.479,11
3535,0.352,0.548,11
3536,0.912,0.655,11
3537,-0.204,0.485,11
3538,-1.119,0.455,11
3539,-0.393,0.478,11
3540,0.352,0.548,11
3541,0.912,0.655,11
3544,0.912,0.655,11
3546,0.42,0.55,11
3548,0.912,0.655,11
3549,0.912,0.655,11
3551,0.912,0.655,11
3553,0.059,0.518,11
3554,0.912,0.655,11
3555,-0.059,0.49,11
3556,0.009,0.506,11
3557,0.912,0.655,11
3558,0.352,0.548,11
3559,-0.773,0.471,11
3560,-0.059,0.49,11
3561,-0.145,0.496,11
3563,-0.145,0.496,11
3564,-0.108,0.491,11
3565,-1.036,0.46,11
3566,0.912,0.655,11
3570,0.912,0.655,11
3571,0.352,0.548,11
3572,-1.531,0.442,11
3573,0.009,0.506,11
3575,0.912,0.655,11
3576,0.912,0.655,11
3577,-1.082,0.459,11
3578,-0.414,0.479,11
3579,-0.124,0.495,11
3582,-0.461,0.472,11
3583,0.352,0.548,11
3584,-0.533,0.48,11
3585,-0.773,0.471,11
3587,0.009,0.506,11
3588,0.352,0.548,11
3589,-0.124,0.495,11
3590,0.009,0.506,11
3591,-1.677,0.461,11
3594,0.251,0.52,11
3595,-1.036,0.46,11
3596,0.009,0.506,11
3597,0.42,0.55,11
3598,-0.145,0.496,11
3599,0.912,0.655,11
3600,0.352,0.548,11
3601,-0.145,0.496,11
3602,0.912,0.655,11
3604,0.912,0.655,11
3607,0.352,0.548,11
3610,-0.461,0.472,11
3611,-1.036,0.46,11
3615,-1.819,0.476,11
3616,-0.533,0.48,11
3619,0.912,0.655,11
3620,-0.773,0.471,11
3622,0.912,0.655,11
3624,0.912,0.655,11
3625,0.912,0.655,11
3626,-0.145,0.496,11
3627,0.912,0.655,11
3630,0.912,0.655,11
3631,0.912,0.655,11
3634,0.912,0.655,11
3635,0.912,0.655,11
3636,-0.778,0.462,11
3637,-0.533,0.48,11
3638,-0.414,0.479,11
3639,0.912,0.655,11
3640,0.23,0.519,11
3642,-0.145,0.496,11
3643,0.352,0.548,11
3644,-0.124,0.495,11
3646,-0.874,0.47,11
3647,0.23,0.519,11
3650,-0.145,0.496,11
3651,-0.414,0.479,11
3653,0.42,0.55,11
3654,-0.663,0.465,11
10193,-0.226,0.502,11
3658,0.912,0.655,11
3661,0.912,0.655,11
3662,0.912,0.655,11
3663,-0.204,0.485,11
3666,-2.03,0.479,11
3667,0.912,0.655,11
3671,0.912,0.655,11
3673,0.23,0.519,11
3674,-0.393,0.478,11
3716,0.912,0.655,14
3717,0.352,0.548,14
3718,0.912,0.655,14
3719,0.251,0.52,14
3720,0.912,0.655,14
3722,-0.259,0.483,14
3723,-0.865,0.466,14
3724,0.912,0.655,14
3725,-0.533,0.48,14
3726,-0.393,0.478,14
3727,0.352,0.548,14
3728,0.912,0.655,14
3729,0.912,0.655,14
3732,0.912,0.655,14
3733,0.251,0.52,14
3735,-1.31,0.451,14
3736,0.912,0.655,14
3737,0.912,0.655,14
3738,-1.75,0.457,14
3739,0.912,0.655,14
3741,0.352,0.548,14
3742,-0.414,0.479,14
3743,0.352,0.548,14
3744,-2.022,0.464,14
3747,0.912,0.655,14
3750,0.251,0.52,14
3751,-1.368,0.466,14
3754,-0.558,0.469,14
3755,-0.124,0.495,14
3756,0.912,0.655,14
3757,-0.145,0.496,14
3758,-0.145,0.496,14
3759,-0.533,0.48,14
3760,0.009,0.506,14
3762,0.912,0.655,14
3763,0.912,0.655,14
3765,0.352,0.548,14
3766,0.912,0.655,14
3767,0.912,0.655,14
3768,0.912,0.655,14
3769,-0.145,0.496,14
3770,0.352,0.548,14
3771,0.912,0.655,14
3772,-1.325,0.466,14
3776,0.912,0.655,14
3777,-0.393,0.478,14
3778,-0.145,0.496,14
3779,-0.393,0.478,14
3782,0.352,0.548,14
3783,0.251,0.52,14
3785,-0.181,0.494,14
3786,0.912,0.655,14
3787,0.912,0.655,14
3788,0.912,0.655,14
3789,0.009,0.506,14
3790,0.912,0.655,14
3791,0.059,0.518,14
3792,-0.059,0.49,14
3793,0.912,0.655,14
3794,-0.204,0.485,14
3796,-0.124,0.495,14
3799,0.352,0.548,14
3801,0.352,0.548,14
3802,0.912,0.655,14
3803,0.251,0.52,14
3804,0.912,0.655,14
3805,-1.31,0.451,14
3806,0.352,0.548,14
3808,0.912,0.655,14
3809,0.352,0.548,14
3811,-0.773,0.471,14
3812,-0.663,0.465,14
3813,0.352,0.548,14
3814,0.251,0.52,14
3815,-0.204,0.485,14
3817,-0.145,0.496,14
3818,0.912,0.655,13
3820,0.912,0.655,13
3821,-0.204,0.485,13
3822,0.251,0.52,13
3823,-0.145,0.496,13
3824,0.251,0.52,13
3826,0.912,0.655,13
3829,0.912,0.655,13
3832,-1.357,0.462,13
3833,0.251,0.52,13
3834,0.912,0.655,13
3837,-0.663,0.465,13
3838,-0.533,0.48,13
3840,-1.036,0.46,13
3842,0.912,0.655,13
3844,0.251,0.52,13
3845,0.23,0.519,13
3846,-0.124,0.495,13
3848,0.251,0.52,13
3849,0.42,0.55,13
3850,0.912,0.655,13
3851,-0.059,0.49,13
3852,0.912,0.655,13
3853,0.912,0.655,13
3854,0.352,0.548,13
3855,-0.461,0.472,13
3857,0.23,0.519,13
3858,-0.507,0.47,13
3860,0.251,0.52,13
3861,-0.204,0.485,13
3862,-0.773,0.471,13
3865,-0.124,0.495,13
3866,0.912,0.655,13
3868,-0.059,0.49,13
3869,-0.533,0.48,13
3870,0.912,0.655,13
3871,0.912,0.655,13
3872,-0.773,0.471,13
3873,-0.145,0.496,13
3874,0.42,0.55,13
3875,0.42,0.55,13
3876,0.352,0.548,13
3877,0.352,0.548,13
3878,0.912,0.655,13
3879,-0.145,0.496,13
3882,-1.053,0.471,13
3883,-0.461,0.472,13
3884,0.251,0.52,13
3885,0.251,0.52,13
3887,-0.019,0.51,13
3889,-0.414,0.479,13
3890,0.352,0.548,13
3891,-0.533,0.48,13
3893,-0.124,0.495,13
3894,0.23,0.519,13
3895,-0.533,0.48,13
3896,-0.441,0.476,13
3897,-0.124,0.495,13
3898,-0.773,0.471,13
3899,0.912,0.655,13
3902,-0.533,0.48,13
3903,-1.819,0.476,13
3904,0.352,0.548,13
3905,0.352,0.548,13
3906,0.912,0.655,13
3907,0.912,0.655,13
3909,0.352,0.548,13
3911,0.352,0.548,13
3912,-0.414,0.479,13
3914,-1.491,0.46,13
3915,-0.414,0.479,13
3916,0.912,0.655,13
3917,0.352,0.548,12
3918,0.352,0.548,12
3919,-0.145,0.496,12
3920,-0.204,0.485,12
3921,-0.773,0.471,12
3922,0.23,0.519,12
3924,0.912,0.655,12
3926,-0.145,0.496,12
3928,0.352,0.548,12
3929,-0.393,0.478,12
3930,-0.145,0.496,12
3931,0.912,0.655,12
3932,-0.414,0.479,12
3933,-1.533,0.463,12
3934,0.912,0.655,12
3937,-0.204,0.485,12
3939,-0.145,0.496,12
3940,0.912,0.655,12
3943,-1.956,0.481,12
3944,-1.243,0.471,12
3945,-0.059,0.49,12
3946,-1.496,0.47,12
3947,0.912,0.655,12
3949,0.23,0.519,12
3951,-0.204,0.485,12
3955,-0.145,0.496,12
3956,-0.802,0.469,12
3957,0.352,0.548,12
3962,-0.393,0.478,12
3963,0.23,0.519,12
3966,0.912,0.655,12
3970,-0.865,0.466,12
3973,-0.865,0.466,12
3975,-0.932,0.468,12
3976,-0.533,0.48,12
3977,-0.932,0.468,12
3979,-0.079,0.491,12
3983,0.009,0.506,12
3985,-0.145,0.496,12
3986,-0.444,0.48,12
3987,0.352,0.548,12
3990,-1.217,0.468,12
3991,-1.217,0.468,12
3992,-0.515,0.476,12
3993,-1.325,0.467,12
3997,-1.082,0.459,12
3998,0.912,0.655,12
3999,0.912,0.655,12
4003,0.912,0.655,12
4005,-0.186,0.489,12
4006,-1.59,0.471,12
4008,0.912,0.655,12
4009,0.009,0.506,12
4011,0.352,0.548,12
4013,-1.531,0.442,12
4015,-0.461,0.472,12
4017,0.23,0.519,12
4018,0.912,0.655,12
4019,-0.204,0.485,12
4021,-1.217,0.468,12
4022,0.352,0.548,12
4024,-1.587,0.479,12
4025,-0.802,0.469,12
4034,0.009,0.506,12
4036,-1.645,0.456,12
4037,0.23,0.519,12
4038,0.352,0.548,12
4039,0.352,0.548,12
4040,0.42,0.55,12
4041,-0.802,0.469,12
4042,0.912,0.655,12
4044,-0.533,0.48,12
4045,0.352,0.548,12
4052,-0.515,0.476,12
4058,-0.124,0.495,12
4059,-1.755,0.469,12
4061,0.912,0.655,12
4062,0.912,0.655,12
4064,0.352,0.548,12
4066,0.912,0.655,12
4067,-0.773,0.471,12
4068,0.352,0.548,12
4069,-0.204,0.485,12
4071,0.912,0.655,12
4074,-0.124,0.495,12
4075,0.23,0.519,12
4076,0.912,0.655,12
4079,-0.414,0.479,12
4080,-0.145,0.496,12
4081,-0.145,0.496,12
4082,-0.78,0.473,12
4083,-0.414,0.479,12
4084,0.912,0.655,12
4086,0.912,0.655,12
4087,-0.773,0.471,12
4089,-0.145,0.496,12
4090,-0.145,0.496,12
4091,0.912,0.655,12
4092,-0.432,0.484,12
4093,-0.124,0.495,12
4095,0.352,0.548,12
4096,-0.145,0.496,12
4097,0.912,0.655,12
4098,-0.145,0.496,12
4102,-0.414,0.479,12
4103,-0.204,0.485,12
4105,-0.773,0.471,12
4106,0.912,0.655,12
4107,0.251,0.52,12
4109,-0.145,0.496,12
4110,0.912,0.655,12
4113,-0.124,0.495,12
4114,0.251,0.52,12
4115,-1.347,0.464,12
4116,-0.533,0.48,12
4117,0.23,0.519,12
4118,0.912,0.655,12
4120,0.009,0.506,12
4121,0.912,0.655,12
4124,-0.414,0.479,12
4125,0.912,0.655,12
4126,-0.414,0.479,12
4127,-2.179,0.481,12
4128,0.23,0.519,12
4129,0.912,0.655,12
4130,-0.773,0.471,12
4131,-1.266,0.452,12
4133,0.352,0.548,12
4134,0.42,0.55,12
4135,0.912,0.655,12
4136,0.912,0.655,12
4137,0.251,0.52,12
4138,0.912,0.655,12
4141,-1.531,0.442,12
4143,-0.932,0.468,12
4144,-0.461,0.472,12
4145,-0.145,0.496,12
4146,0.912,0.655,12
4148,0.912,0.655,12
4149,-0.865,0.466,12
4150,0.912,0.655,12
4152,-0.124,0.495,12
4153,0.912,0.655,12
4155,-0.079,0.491,12
4157,-0.059,0.49,12
4158,-0.773,0.471,12
4160,0.912,0.655,12
4161,-0.079,0.491,12
4163,-0.019,0.51,12
4164,-1.018,0.464,12
4166,0.352,0.548,12
4168,-1.97,0.473,12
4169,-0.773,0.471,12
4170,-0.145,0.496,12
4171,-0.932,0.468,12
4172,0.912,0.655,12
4173,0.23,0.519,12
4174,0.912,0.655,12
4175,0.352,0.548,12
4176,0.352,0.548,12
4177,0.352,0.548,12
4178,0.912,0.655,12
4180,-0.533,0.48,12
4182,0.23,0.519,12
4183,0.23,0.519,12
4184,-1.75,0.457,12
4187,-0.773,0.471,12
4188,0.352,0.548,12
4189,0.912,0.655,12
4192,0.352,0.548,12
4194,-0.204,0.485,12
4196,0.251,0.52,12
4197,0.23,0.519,12
4198,0.912,0.655,12
4199,-0.145,0.496,12
4200,0.912,0.655,12
4202,0.23,0.519,12
4203,0.23,0.519,12
4204,0.912,0.655,12
4207,-0.461,0.472,12
4208,-1.108,0.472,12
4209,0.912,0.655,12
4210,-0.145,0.496,12
4211,-0.773,0.471,12
4212,0.42,0.55,12
4213,-0.773,0.471,12
4214,0.912,0.655,12
4215,-0.393,0.478,12
4217,0.912,0.655,12
4220,0.23,0.519,12
4221,-1.266,0.452,12
4222,0.912,0.655,12
4224,0.912,0.655,12
4226,0.009,0.506,12
4229,-0.145,0.496,12
4233,0.352,0.548,12
4235,0.912,0.655,12
4238,0.009,0.506,12
4241,-0.533,0.48,12
4242,-0.145,0.496,12
4243,0.912,0.655,12
10134,-0.393,0.478,17
10091,-0.108,0.491,17
10105,0.912,0.655,17
10150,0.352,0.548,17
4251,0.23,0.519,17
4253,0.009,0.506,17
4254,0.352,0.548,17
10094,0.912,0.655,17
10233,0.912,0.655,17
10166,0.23,0.519,17
10118,0.912,0.655,17
4260,0.42,0.55,17
4262,-0.757,0.476,17
4263,0.23,0.519,17
4264,-0.533,0.48,17
10111,-1.624,0.463,17
4267,-2.337,0.495,17
10181,0.251,0.52,17
10108,0.352,0.548,17
4270,-0.393,0.478,17
4272,0.912,0.655,17
4275,0.912,0.655,17
4276,-0.414,0.479,17
4277,-0.181,0.494,17
10119,0.23,0.519,17
10163,-2.179,0.481,17
10133,0.352,0.548,17
4281,0.912,0.655,17
10123,-1.119,0.455,17
10143,-0.757,0.476,17
10180,0.912,0.655,17
10160,0.352,0.548,17
4287,0.912,0.655,17
10158,-0.533,0.48,17
10097,0.009,0.506,17
10113,-0.305,0.49,17
4291,0.23,0.519,17
10106,0.42,0.55,17
4293,0.912,0.655,17
4294,0.352,0.548,17
4296,0.912,0.655,17
10135,0.912,0.655,17
4299,-0.533,0.48,17
10174,-0.865,0.466,17
4301,0.352,0.548,17
4302,0.251,0.52,17
4304,0.23,0.519,17
10203,-0.124,0.495,17
4307,-0.145,0.496,17
4308,0.912,0.655,17
4309,0.251,0.52,17
4310,-0.686,0.467,17
10102,0.009,0.506,17
10138,-1.266,0.452,17
4315,0.352,0.548,17
10175,-1.266,0.452,17
4318,0.912,0.655,17
4319,0.912,0.655,17
4321,0.912,0.655,17
10171,0.912,0.655,17
10129,0.912,0.655,17
10157,0.352,0.548,17
10156,0.912,0.655,17
10227,-1.325,0.466,17
10112,-0.145,0.496,17
10147,-0.558,0.469,17
10124,0.912,0.655,17
4332,0.912,0.655,17
4334,0.912,0.655,17
10139,0.912,0.655,17
10122,-1.061,0.458,17
10179,0.251,0.52,17
10140,0.912,0.655,17
10132,-0.204,0.485,17
4340,0.912,0.655,17
4341,-0.108,0.491,17
4342,0.352,0.548,17
10167,0.42,0.55,17
10161,-1.478,0.469,17
4345,0.251,0.52,15
4346,0.912,0.655,15
4347,-0.145,0.496,15
4348,0.009,0.506,15
4349,0.352,0.548,15
10202,0.42,0.55,15
10192,-0.414,0.479,15
4353,0.352,0.548,15
4354,0.251,0.52,15
4355,0.912,0.655,15
10232,-0.773,0.471,15
4357,0.912,0.655,15
4358,0.23,0.519,15
4360,0.912,0.655,15
10206,0.912,0.655,15
4363,-0.019,0.51,15
10211,-1.554,0.474,15
10207,0.42,0.55,15
4366,-0.865,0.466,15
10230,-0.507,0.47,15
4369,-0.663,0.465,15
10205,-0.414,0.479,15
10221,-0.079,0.491,15
4372,0.912,0.655,15
4373,0.352,0.548,15
4374,0.912,0.655,15
4375,-0.461,0.472,15
4378,0.912,0.655,15
4379,0.352,0.548,15
4382,0.912,0.655,15
10223,-0.444,0.48,15
4385,0.352,0.548,15
10209,-0.533,0.48,15
10198,-0.558,0.469,15
10208,-0.393,0.478,15
4392,0.912,0.655,15
10215,0.912,0.655,15
4395,-0.204,0.485,15
4403,-0.816,0.467,15
4404,0.251,0.52,15
10222,-0.145,0.496,15
10229,-0.204,0.485,15
4409,-1.298,0.463,15
4412,0.352,0.548,15
4413,0.912,0.655,15
4414,0.912,0.655,15
10200,-0.305,0.49,15
10214,0.009,0.506,15
4422,-0.623,0.468,15
10199,-1.75,0.457,15
4426,0.352,0.548,15
10224,0.912,0.655,15
10220,-1.826,0.465,15
4430,-0.124,0.495,15
4433,-2.022,0.464,15
4435,0.009,0.506,15
4436,0.352,0.548,15
4438,0.352,0.548,15
4439,0.912,0.655,15
10194,-0.9,0.467,15
4441,-0.393,0.478,15
10226,0.42,0.55,15
10212,-1.252,0.463,15
4446,0.009,0.506,15
10228,0.251,0.52,15
4449,-1.266,0.452,15
10219,0.251,0.52,15
4451,-0.145,0.496,15
4452,-0.773,0.471,15
4453,-0.393,0.478,15
4454,0.23,0.519,15
10225,-0.124,0.495,15
10195,-0.124,0.495,15
4460,-0.019,0.51,15
4461,0.352,0.548,15
4463,-1.173,0.459,15
4466,0.912,0.655,15
4468,-0.533,0.48,15
4469,-0.423,0.478,15
4470,0.352,0.548,15
4471,0.009,0.506,15
4472,0.912,0.655,15
4473,-0.515,0.476,15
4476,-1.304,0.46,15
4478,0.912,0.655,15
4479,-0.533,0.48,15
4480,-0.533,0.48,15
10204,-0.124,0.495,15
4483,-0.444,0.48,15
4484,0.912,0.655,15
10234,-0.533,0.48,15
4489,-0.124,0.495,15
4490,-0.145,0.496,15
4491,0.251,0.52,15
10231,0.912,0.655,15
4493,0.352,0.548,15
10196,0.912,0.655,15
10216,0.912,0.655,15
4496,0.912,0.655,15
4497,-0.533,0.48,15
4499,-0.533,0.48,15
4500,0.251,0.52,19
4501,-0.124,0.495,19
4502,0.912,0.655,19
4504,0.912,0.655,19
4506,0.251,0.52,19
4507,-0.393,0.478,19
4508,-0.533,0.48,19
4509,0.352,0.548,19
4510,-0.414,0.479,19
4511,0.912,0.655,19
4512,-0.533,0.48,19
4514,-1.107,0.457,19
4515,0.912,0.655,19
4516,-0.865,0.466,19
4518,0.912,0.655,19
4519,0.912,0.655,19
4520,0.42,0.55,19
4521,0.912,0.655,19
4522,-0.393,0.478,19
4525,0.352,0.548,19
4528,0.352,0.548,19
4530,-0.204,0.485,19
4531,0.251,0.52,19
4532,-0.414,0.479,19
4534,-0.145,0.496,19
4536,-0.533,0.48,19
4538,0.912,0.655,19
4539,0.912,0.655,19
4540,-0.393,0.478,19
4542,-0.079,0.491,19
4543,-0.145,0.496,19
4544,0.352,0.548,19
4545,0.23,0.519,19
4547,-0.533,0.48,19
4548,0.912,0.655,19
4550,-0.124,0.495,19
4551,-0.079,0.491,19
4553,-0.124,0.495,19
4554,-0.816,0.467,19
4555,-0.393,0.478,19
4556,0.251,0.52,19
4558,-0.204,0.485,19
4559,0.42,0.55,19
4560,-1.458,0.446,19
4562,0.23,0.519,19
4563,0.251,0.52,19
4565,-0.393,0.478,19
10235,-0.059,0.49,19
4568,-0.204,0.485,19
4569,-0.816,0.467,19
4571,-1.889,0.457,19
4573,-0.204,0.485,19
4574,0.912,0.655,19
4575,-0.124,0.495,19
4576,0.912,0.655,19
4577,-0.558,0.469,19
4578,0.912,0.655,19
4581,0.912,0.655,19
4586,-0.124,0.495,19
4587,0.251,0.52,19
4589,-0.186,0.489,19
4590,0.912,0.655,19
4591,0.352,0.548,19
4592,0.352,0.548,19
4593,0.009,0.506,19
4595,-1.061,0.458,19
4596,-0.686,0.467,19
4597,-0.337,0.531,19
4600,-0.204,0.485,20
4601,0.912,0.655,20
4602,-0.773,0.471,20
4606,0.009,0.506,20
4607,-0.124,0.495,20
4608,0.251,0.52,20
4609,-1.31,0.451,20
4610,0.912,0.655,20
4612,0.23,0.519,20
4614,0.912,0.655,20
4615,-0.204,0.485,20
4618,0.912,0.655,20
4619,-2.655,0.542,20
4620,0.912,0.655,20
4623,-0.773,0.471,20
4625,-1.023,0.462,20
4626,0.251,0.52,20
4627,0.912,0.655,20
4628,0.009,0.506,20
4629,-1.803,0.48,20
4630,-0.701,0.476,20
4631,-0.124,0.495,20
4632,-0.738,0.46,20
4633,0.42,0.55,20
4634,-0.145,0.496,20
4636,-0.865,0.466,20
4638,0.42,0.55,20
4639,-0.995,0.474,20
4640,-0.145,0.496,20
4641,-0.441,0.476,20
4643,-0.826,0.456,20
4644,-1.624,0.463,20
4645,0.912,0.655,20
4646,-0.533,0.48,20
4647,-0.145,0.496,20
4648,0.251,0.52,20
4649,0.912,0.655,20
4650,-0.9,0.467,20
4651,-0.533,0.48,20
4652,-0.558,0.469,20
4653,0.251,0.52,20
4654,0.912,0.655,20
4656,-0.533,0.48,20
4657,0.23,0.519,20
4658,0.912,0.655,20
4661,-0.932,0.468,20
4662,0.912,0.655,20
4663,-1.209,0.469,20
4664,-0.816,0.467,20
4665,-0.461,0.472,20
4667,0.912,0.655,20
4668,0.251,0.52,20
4669,0.912,0.655,20
4670,-0.802,0.469,20
4671,-1.267,0.468,20
4676,0.912,0.655,20
4677,0.912,0.655,20
4678,-0.865,0.466,20
4679,0.912,0.655,20
4681,0.912,0.655,20
4682,-0.533,0.48,20
4683,0.912,0.655,20
4684,-0.145,0.496,20
4685,0.352,0.548,20
4687,0.23,0.519,20
4689,-0.124,0.495,20
4690,0.251,0.52,20
4691,-0.204,0.485,20
4692,0.352,0.548,20
4693,0.352,0.548,20
4694,0.352,0.548,20
4695,0.912,0.655,20
4696,0.352,0.548,20
4697,0.912,0.655,20
4698,0.23,0.519,20
4699,-0.444,0.48,16
4700,-0.785,0.459,16
4701,0.23,0.519,16
4702,-0.637,0.481,16
4703,-1.184,0.457,16
4705,0.912,0.655,16
10217,0.912,0.655,16
4708,0.912,0.655,16
4709,0.352,0.548,16
4710,0.912,0.655,16
4712,0.42,0.55,16
4714,-0.678,0.463,16
4715,0.912,0.655,16
4716,-1.503,0.459,16
4717,0.912,0.655,16
4718,-1.662,0.439,16
4719,0.912,0.655,16
4720,-0.778,0.462,16
4721,0.912,0.655,16
4723,0.912,0.655,16
4724,-1.826,0.465,16
4726,-1.987,0.485,16
4727,0.912,0.655,16
4728,0.352,0.548,16
4732,-0.461,0.472,16
4733,-0.226,0.502,16
4735,-1.023,0.462,16
4736,-0.186,0.489,16
4737,-1.293,0.462,16
4738,0.23,0.519,16
4739,0.352,0.548,16
4741,0.42,0.55,16
4742,-0.204,0.485,16
4743,-0.124,0.495,16
4744,0.009,0.506,16
4746,-0.773,0.471,16
4747,-1.397,0.469,16
4748,-0.059,0.49,16
4750,-0.533,0.48,16
4752,0.352,0.548,16
4753,0.009,0.506,16
4754,0.23,0.519,16
4757,0.352,0.548,16
4759,-0.773,0.471,16
4760,0.912,0.655,16
4763,0.251,0.52,16
4766,0.912,0.655,16
4767,0.009,0.506,16
4768,0.352,0.548,16
4769,-0.059,0.49,16
4771,0.912,0.655,16
4773,-1.31,0.451,16
4775,0.251,0.52,16
4776,-0.623,0.468,16
4777,0.912,0.655,16
4779,0.251,0.52,16
4780,-0.145,0.496,16
4781,0.352,0.548,16
4782,-0.9,0.467,16
4783,-2.283,0.48,16
4787,-1.75,0.457,16
4788,0.912,0.655,16
4789,0.912,0.655,16
4790,-1.341,0.446,16
4793,0.912,0.655,16
4794,0.912,0.655,16
4796,-1.568,0.452,16
4798,0.009,0.506,16
4799,-1.019,0.463,18
4800,0.912,0.655,18
4801,0.912,0.655,18
4802,0.912,0.655,18
4803,0.251,0.52,18
4804,0.912,0.655,18
4805,0.912,0.655,18
4806,0.912,0.655,18
4808,-1.31,0.451,18
4809,0.912,0.655,18
4810,0.352,0.548,18
4811,0.912,0.655,18
4812,0.912,0.655,18
4813,0.912,0.655,18
4814,0.352,0.548,18
4815,0.23,0.519,18
4816,-1.15,0.469,18
4817,0.912,0.655,18
4818,-0.079,0.491,18
4819,0.352,0.548,18
4820,0.912,0.655,18
4821,-2.179,0.481,18
4822,0.912,0.655,18
4824,0.352,0.548,18
4825,0.912,0.655,18
4826,0.912,0.655,18
4828,-0.533,0.48,18
4829,-1.325,0.466,18
4830,0.251,0.52,18
4831,-0.461,0.472,18
4832,0.912,0.655,18
4835,-0.145,0.496,18
4836,0.912,0.655,18
4837,-0.432,0.484,18
4838,-0.816,0.467,18
4839,0.009,0.506,18
4840,-2.655,0.542,18
4841,-0.533,0.48,18
4843,0.42,0.55,18
4844,0.912,0.655,18
4846,0.912,0.655,18
4847,0.912,0.655,18
4848,-0.591,0.473,18
4850,0.912,0.655,18
4851,-0.145,0.496,18
4852,0.23,0.519,18
4854,0.912,0.655,18
4855,0.912,0.655,18
4856,-0.204,0.485,18
4857,0.912,0.655,18
4858,-0.124,0.495,18
4860,0.912,0.655,18
4861,0.23,0.519,18
4862,-0.204,0.485,18
4863,0.23,0.519,18
4864,0.912,0.655,18
4865,0.912,0.655,18
4867,0.352,0.548,18
4868,0.912,0.655,18
4871,-0.533,0.48,18
4872,0.912,0.655,18
4874,-0.059,0.49,18
4876,0.912,0.655,18
4878,-0.393,0.478,18
4879,0.912,0.655,18
4880,-0.079,0.491,18
4881,0.912,0.655,18
4882,0.912,0.655,18
4883,-1.119,0.455,18
4884,-0.145,0.496,18
4886,0.912,0.655,18
4889,-0.124,0.495,18
4891,-0.145,0.496,18
4892,-0.637,0.481,18
4893,-0.558,0.469,18
4897,-0.533,0.48,18