ff_id,INT9,INT9_SE,city
2,-0.198,0.489,1
4,0.39,0.388,1
5,2.229,0.273,1
6,-0.532,0.563,1
7,1.859,0.258,1
8,1.146,0.304,1
11,-1.01,0.678,1
19,0.942,0.314,1
20,0.271,0.397,1
22,-1.01,0.678,1
23,-0.376,0.541,1
24,0.839,0.318,1
31,1.73,0.266,1
34,-0.08,0.475,1
38,0.901,0.315,1
42,0.987,0.313,1
43,-0.942,0.688,1
44,-0.265,0.506,1
45,-0.451,0.539,1
46,-1.01,0.678,1
47,-1.01,0.678,1
49,0.549,0.354,1
52,-0.624,0.587,1
56,0.195,0.415,1
58,0.685,0.344,1
59,0.438,0.38,1
63,0.317,0.405,1
66,-1.01,0.678,1
68,-0.599,0.578,1
69,0.735,0.336,1
73,1.406,0.275,1
74,1.308,0.278,1
75,-1.01,0.678,1
77,0.004,0.453,1
83,-1.01,0.678,1
86,0.138,0.43,1
87,-0.169,0.47,1
88,1.134,0.315,1
89,-0.624,0.587,1
90,-0.985,0.68,1
91,0.901,0.325,1
93,-0.08,0.475,1
95,0.337,0.398,1
96,0.493,0.38,1
97,0.428,0.365,1
98,-0.599,0.578,1
*,-0.356,0.513,1
100,1.815,0.274,1
101,-0.139,0.474,1
102,-0.271,0.521,1
103,1.033,0.323,1
104,-1.01,0.678,1
105,0.006,0.451,1
106,-1.01,0.678,1
107,-0.443,0.55,1
109,-1.01,0.678,1
110,0.294,0.602,1
112,0.518,0.368,1
116,-1.01,0.678,1
117,1.158,0.302,1
118,0.747,0.345,1
122,-0.503,0.582,1
123,-1.01,0.678,1
125,1.151,0.296,1
126,-0.624,0.587,1
127,-1.01,0.678,1
128,-1.01,0.678,1
130,-0.496,0.553,1
132,-0.16,0.494,1
133,0.489,0.38,1
135,-1.01,0.678,1
137,0.377,0.394,1
139,0.847,0.322,1
144,0.03,0.438,1
146,-1.01,0.678,1
147,0.746,0.342,1
148,-1.01,0.678,1
149,0.951,0.315,1
150,1.361,0.289,1
151,-1.01,0.678,1
152,0.115,0.432,1
156,0.565,0.352,1
158,0.966,0.319,1
159,1.031,0.305,1
160,1.036,0.31,1
161,2.024,0.255,1
162,0.023,0.445,1
164,-0.624,0.587,1
165,1.322,0.286,1
166,0.647,0.352,1
168,0.759,0.331,1
171,0.863,0.323,1
172,-0.451,0.539,1
175,-0.232,0.497,1
177,-0.145,0.477,1
179,0.305,0.391,1
181,-1.01,0.678,1
182,0.131,0.43,1
183,0.556,0.361,1
185,-0.189,0.469,1
187,-0.532,0.563,1
191,-1.01,0.678,1
195,0.673,0.348,1
197,0.602,0.352,1
198,0.361,0.402,1
200,0.515,0.372,1
202,0.682,0.347,1
203,0.839,0.322,1
204,0.928,0.317,1
205,0.164,0.415,1
206,0.263,0.407,1
207,-0.181,0.489,1
210,-0.532,0.563,1
213,-0.246,0.502,1
216,0.768,0.333,1
217,0.131,0.428,1
218,-0.499,0.552,1
219,-0.203,0.492,1
221,-0.624,0.587,1
222,0.335,0.399,1
226,0.28,0.405,1
228,0.763,0.343,1
230,-0.618,0.583,1
231,1.014,0.322,1
232,0.417,0.388,1
234,-0.451,0.539,1
237,-0.532,0.563,1
238,-1.01,0.678,1
239,-0.618,0.583,1
242,0.294,0.396,1
243,-0.264,0.503,1
244,0.32,0.402,1
245,0.983,0.316,1
246,-1.01,0.678,1
248,-0.576,0.577,1
249,0.021,0.439,1
250,0.747,0.345,1
252,0.266,0.604,1
253,-0.08,0.475,1
258,-0.138,0.474,1
263,1.216,0.297,1
264,0.395,0.381,1
267,1.181,0.304,1
269,-0.451,0.539,1
271,0.961,0.31,1
272,-0.523,0.557,1
274,1.775,0.262,1
275,-1.01,0.678,1
276,-0.496,0.553,1
277,-0.097,0.468,1
278,-0.269,0.51,1
279,-0.499,0.552,1
280,0.231,0.404,1
285,0.911,0.32,1
287,0.392,0.371,1
288,-1.01,0.678,1
289,1.025,0.307,1
291,-1.01,0.678,1
292,0.357,0.387,1
293,-0.599,0.578,1
294,-1.01,0.678,1
295,0.945,0.319,1
296,-0.165,0.484,1
297,0.53,0.369,1
298,0.222,0.404,1
299,-0.496,0.553,1
301,0.541,0.366,1
304,-0.368,0.555,1
312,-0.128,0.475,1
313,1.323,0.285,1
315,-1.01,0.678,1
317,1.978,0.258,1
318,0.843,0.329,1
319,0.903,0.32,1
320,0.074,0.443,1
321,-0.624,0.587,1
322,0.863,0.338,1
324,-0.942,0.688,1
325,0.404,0.39,1
326,1.405,0.277,1
327,0.365,0.39,1
331,0.825,0.322,2
333,-0.214,0.478,2
335,0.401,0.392,2
336,0.341,0.395,2
339,-0.461,0.555,2
340,1.346,0.288,2
341,1.604,0.267,2
342,-1.01,0.678,2
343,-1.01,0.678,2
344,-0.111,0.48,2
345,-1.01,0.678,2
346,-1.01,0.678,2
347,0.304,0.39,2
348,0.045,0.442,2
349,-0.576,0.577,2
352,1.287,0.288,2
353,0.011,0.443,2
354,-0.451,0.539,2
357,1.799,0.264,2
358,0.781,0.325,2
359,0.251,0.389,2
360,0.67,0.351,2
361,0.981,0.315,2
362,-0.233,0.504,2
364,0.239,0.406,2
366,0.209,0.426,2
367,0.892,0.327,2
368,-1.01,0.678,2
369,-1.01,0.678,2
371,1.635,0.271,2
372,1.396,0.276,2
373,0.602,0.353,2
374,0.44,0.372,2
375,-0.532,0.563,2
376,0.025,0.454,2
377,-0.942,0.688,2
378,-1.01,0.678,2
379,0.217,0.41,2
380,-0.075,0.462,2
381,-0.165,0.484,2
384,-0.576,0.577,2
385,-0.138,0.472,2
386,-0.132,0.474,2
388,1.317,0.295,2
389,0.019,0.454,2
390,-0.532,0.563,2
391,-1.01,0.678,2
393,1.751,0.267,2
394,-0.242,0.503,2
395,-0.184,0.489,2
396,-1.01,0.678,2
397,0.448,0.374,2
398,0.193,0.4,2
399,0.965,0.31,2
401,0.938,0.307,2
402,-0.269,0.51,2
403,1.749,0.266,2
404,0.524,0.375,2
405,0.669,0.35,2
407,2.536,0.251,2
408,-0.624,0.587,2
409,-0.009,0.461,2
410,0.288,0.41,2
412,1.112,0.303,2
413,-1.01,0.678,2
414,-1.01,0.678,2
415,-0.435,0.534,2
417,0.099,0.42,2
421,-0.242,0.503,2
423,0.661,0.347,2
425,-1.01,0.678,2
426,0.107,0.43,2
427,0.228,0.405,2
428,-0.492,0.554,2
429,1.656,0.266,2
430,1.101,0.303,2
438,-0.499,0.552,2
441,-0.624,0.587,2
442,-0.233,0.504,2
443,0.087,0.429,2
444,1.06,0.308,2
445,0.209,0.426,2
446,0.209,0.426,2
448,-1.01,0.678,2
450,0.161,0.422,2
451,0.595,0.354,2
452,0.213,0.422,2
453,0.937,0.326,2
454,0.571,0.37,2
455,1.63,0.264,2
458,-1.01,0.678,2
459,-0.207,0.497,2
460,0.569,0.367,2
461,-0.25,0.512,2
462,0.449,0.385,2
464,0.209,0.426,2
465,-1.01,0.678,2
470,0.295,0.414,2
472,0.015,0.456,2
473,0.256,0.413,2
475,1.073,0.317,2
479,0.568,0.361,2
480,0.692,0.344,2
481,0.044,0.452,2
482,-1.01,0.678,2
483,0.764,0.327,2
484,-0.532,0.563,2
489,0.067,0.441,2
491,1.148,0.285,2
493,1.817,0.261,2
495,0.059,0.447,2
496,-0.211,0.497,2
499,0.269,0.41,2
500,0.487,0.379,2
503,0.264,0.422,2
504,1.194,0.291,2
505,-0.214,0.478,2
506,-1.01,0.678,2
510,0.217,0.414,2
514,0.044,0.433,2
515,-1.01,0.678,2
516,0.831,0.314,2
517,-0.624,0.587,2
518,1.118,0.293,2
519,0.995,0.311,2
522,0.385,0.382,2
524,1.284,0.286,2
525,0.988,0.305,2
526,1.667,0.265,2
527,-1.01,0.678,2
528,0.025,0.454,2
531,1.341,0.276,2
532,1.229,0.288,2
533,-0.499,0.552,2
534,0.637,0.349,2
535,0.823,0.331,2
536,-0.942,0.688,2
537,-0.21,0.493,2
538,0.828,0.334,2
539,0.501,0.36,2
541,-0.209,0.491,2
544,1.503,0.275,2
545,0.978,0.312,2
550,1.259,0.287,2
552,0.713,0.328,2
557,1.847,0.257,2
558,-0.618,0.583,2
560,1.177,0.295,2
561,-0.209,0.491,2
562,0.516,0.369,2
564,-0.075,0.462,2
565,-1.01,0.678,2
566,0.675,0.341,2
568,1.368,0.284,2
573,0.541,0.358,2
575,-0.148,0.497,2
578,0.769,0.325,2
579,0.191,0.426,2
582,-0.21,0.493,2
583,0.729,0.338,2
584,0.763,0.338,2
585,0.053,0.444,2
586,-0.005,0.461,2
587,0.926,0.323,2
588,-0.121,0.471,2
589,1.083,0.302,2
590,-0.214,0.478,2
593,1.09,0.303,2
595,0.137,0.442,2
598,-1.01,0.678,2
599,-1.01,0.678,2
600,-0.356,0.513,2
602,0.871,0.321,2
603,1.281,0.302,2
604,0.045,0.442,2
605,0.265,0.399,2
610,1.993,0.249,2
611,0.875,0.324,2
613,0.365,0.39,2
614,2.249,0.249,2
616,0.965,0.317,2
617,0.756,0.346,2
619,-0.344,0.511,2
622,1.233,0.29,2
623,1.505,0.276,2
625,0.601,0.365,2
626,0.615,0.35,2
627,1.08,0.309,2
628,0.074,0.44,2
629,1.522,0.271,2
632,-1.01,0.678,2
634,1.969,0.253,2
635,-0.618,0.583,2
636,1.25,0.292,2
637,0.615,0.35,2
640,0.287,0.405,2
643,0.232,0.394,2
646,0.131,0.428,2
647,-0.366,0.517,2
648,-1.01,0.678,2
649,-0.624,0.587,2
650,-0.942,0.688,2
651,-1.01,0.678,2
653,0,0.467,2
656,0.235,0.414,2
657,-1.01,0.678,3
658,0.044,0.446,3
659,0.03,0.461,3
660,0.154,0.423,3
661,1.048,0.3,3
662,-0.128,0.475,3
663,-0.532,0.563,3
664,-0.3,0.52,3
666,-0.242,0.5,3
667,-0.255,0.504,3
668,-0.149,0.477,3
669,0.117,0.433,3
671,0.263,0.401,3
672,0.494,0.384,3
674,0.449,0.378,3
675,-1.01,0.678,3
676,0.932,0.306,3
677,0.13,0.433,3
679,-0.233,0.504,3
680,0.519,0.358,3
682,0.233,0.411,3
683,0.426,0.375,3
685,-1.01,0.678,3
686,-1.01,0.678,3
687,-0.624,0.587,3
688,-0.214,0.478,3
690,-0.523,0.557,3
691,1.182,0.295,3
692,0.471,0.369,3
693,1.825,0.256,3
694,-1.01,0.678,3
697,-1.01,0.678,3
699,0.917,0.333,3
700,-0.322,0.52,3
701,-1.01,0.678,3
702,0.2,0.413,3
703,0.342,0.392,3
704,-0.618,0.583,3
705,0.044,0.452,3
706,1.612,0.262,3
707,-1.01,0.678,3
710,-0.198,0.487,3
711,-0.009,0.461,3
713,2.257,0.25,3
717,-0.618,0.583,3
718,0.191,0.427,3
719,-0.532,0.563,3
720,-0.07,0.471,3
721,0.803,0.336,3
722,-1.01,0.678,3
723,-0.532,0.563,3
726,-1.01,0.678,3
727,-0.532,0.563,3
728,-0.532,0.563,3
729,-0.523,0.557,3
732,-0.207,0.497,3
734,0.529,0.358,3
735,-0.265,0.506,3
737,1.115,0.311,3
739,1.176,0.291,3
740,-0.988,0.681,3
741,0.418,0.387,3
742,0.256,0.412,3
743,-1.01,0.678,3
744,1.162,0.305,3
745,-0.02,0.462,3
746,-0.624,0.587,3
747,-0.618,0.583,3
751,1.534,0.27,3
753,-0.576,0.577,3
754,0.449,0.376,3
760,0.04,0.451,3
761,-0.181,0.489,3
762,0.778,0.331,3
763,0.529,0.367,3
764,-1.01,0.678,3
765,0.582,0.365,3
767,0.393,0.387,3
769,-0.189,0.469,3
770,1.333,0.281,3
771,0.672,0.347,3
772,-0.624,0.587,3
773,-0.532,0.563,3
774,0.664,0.347,3
776,0.357,0.386,3
780,-0.245,0.5,3
781,-0.576,0.577,3
783,-0.234,0.51,3
784,-1.01,0.678,3
785,-1.01,0.678,3
787,-0.496,0.553,3
789,-0.499,0.552,3
791,-0.009,0.461,3
796,-0.189,0.469,3
798,-1.006,0.68,3
799,0.852,0.313,3
800,0.027,0.452,3
802,0.119,0.416,3
803,-1.01,0.678,3
804,0.372,0.392,3
805,-1.01,0.678,3
806,0.266,0.399,3
807,0.316,0.387,3
809,0.564,0.361,3
810,-0.207,0.497,3
811,-1.01,0.678,3
812,0.824,0.321,3
813,-1.01,0.678,3
814,0.671,0.361,3
815,2.098,0.251,3
816,-0.127,0.49,3
817,-0.233,0.504,3
820,0.164,0.415,3
821,-0.568,0.58,3
822,-1.01,0.678,3
824,1.25,0.287,3
826,1.589,0.27,3
827,0.658,0.333,3
828,-0.451,0.539,3
830,-0.3,0.52,3
831,0.143,0.426,3
833,0.399,0.387,3
835,-0.025,0.466,3
838,0.131,0.428,3
839,0.124,0.431,3
840,0.434,0.387,3
841,-0.233,0.504,3
842,0.051,0.448,3
843,-0.21,0.493,3
844,-1.01,0.678,3
845,0.526,0.358,3
846,0.582,0.361,3
847,0.049,0.463,3
848,0.239,0.4,3
849,-1.01,0.678,3
850,-0.176,0.487,3
851,0.011,0.455,3
852,0.209,0.426,3
853,-0.344,0.511,3
854,0.404,0.385,3
855,-0.403,0.561,3
856,0.456,0.387,3
858,-1.01,0.678,3
859,1.578,0.272,3
860,-0.075,0.462,3
862,-1.01,0.678,3
863,1.448,0.281,3
865,0.475,0.378,3
866,1.104,0.306,3
867,1.801,0.259,3
868,1.425,0.281,3
869,0.326,0.398,3
870,-1.01,0.678,3
871,1.084,0.308,3
872,-1.01,0.678,3
873,-1.01,0.678,3
874,0.43,0.374,3
875,-1.01,0.678,3
876,1.658,0.258,3
880,-0.233,0.504,3
882,1.124,0.302,3
883,0.84,0.318,3
885,-1.01,0.678,3
888,0.044,0.452,3
889,-0.624,0.587,3
890,0.604,0.354,3
10177,1.321,0.291,3
892,0.425,0.396,3
896,-0.599,0.578,3
897,0.724,0.337,3
898,-0.443,0.55,3
899,-0.618,0.583,3
900,-1.01,0.678,3
901,0.353,0.392,3
903,-0.576,0.577,3
904,-0.532,0.563,3
906,1.461,0.279,3
910,-0.532,0.563,3
911,0.246,0.404,3
912,0.744,0.327,3
913,0.438,0.365,3
914,-0.269,0.51,3
915,-0.259,0.518,3
917,-1.01,0.678,3
919,-0.033,0.469,3
922,0.103,0.435,3
923,-1.01,0.678,3
924,0.759,0.335,3
925,0.411,0.389,3
926,-1.01,0.678,3
927,1.951,0.256,3
928,-0.624,0.587,3
929,-0.265,0.506,3
930,0.734,0.333,3
932,0.424,0.372,3
933,1.092,0.306,3
934,0.003,0.444,3
935,-0.069,0.473,3
936,-1.01,0.678,3
937,-0.409,0.529,3
938,-1.01,0.678,3
10184,0.402,0.386,3
940,0.791,0.339,3
941,-1.01,0.678,3
943,0.349,0.392,3
945,-0.576,0.577,3
946,-1.01,0.678,3
948,1.152,0.298,3
949,0.292,0.403,3
950,1.791,0.259,3
951,-1.01,0.678,3
953,0.613,0.352,3
954,0.536,0.365,3
956,-0.523,0.557,3
957,0.929,0.326,3
958,-1.01,0.678,3
959,0.251,0.389,3
960,-1.01,0.678,3
961,0.46,0.372,3
963,-0.025,0.463,3
964,-0.138,0.474,3
965,-1.01,0.678,3
967,0.283,0.407,3
968,-0.576,0.577,3
969,-1.01,0.678,3
970,-1.01,0.678,3
972,0.003,0.444,3
973,0.382,0.411,3
975,-0.3,0.52,3
976,-0.532,0.563,3
977,-0.532,0.563,3
978,-1.01,0.678,3
979,-0.073,0.46,3
981,0.322,0.393,3
982,-1.01,0.678,3
984,-0.499,0.552,3
985,-1.01,0.678,3
986,0.508,0.374,3
987,-1.01,0.678,3
988,0.983,0.312,3
989,0.011,0.455,3
990,-0.126,0.487,3
991,-1.01,0.678,3
992,-0.128,0.475,3
993,4.382,0.325,3
994,-0.203,0.492,3
10019,-1.01,0.678,4
998,-0.618,0.583,4
10100,0.569,0.369,4
10153,-1.01,0.678,4
10023,0.174,0.434,4
10033,0.227,0.406,4
1003,0.419,0.378,4
10001,-0.229,0.48,4
10107,0.218,0.419,4
10187,-0.3,0.52,4
1008,0.42,0.379,4
10014,0.768,0.345,4
10136,1.046,0.301,4
10137,-1.01,0.678,4
10018,0.877,0.322,4
1019,0.776,0.316,4
10148,-0.036,0.451,4
1022,-0.342,0.518,4
1025,-1.01,0.678,4
10128,1.108,0.304,4
1027,-0.618,0.583,4
1028,-0.194,0.499,4
10115,0.362,0.371,4
10021,-1.01,0.678,4
10185,0.474,0.388,4
10237,0.224,0.418,4
1035,-0.624,0.587,4
10047,-1.01,0.678,4
10064,-0.576,0.577,4
1039,-0.234,0.51,4
10015,-0.242,0.503,4
1041,0.76,0.337,4
10011,-1.01,0.678,4
10152,-1.01,0.678,4
10034,-0.145,0.477,4
1048,0.075,0.426,4
10050,0.386,0.397,4
1050,-1.01,0.678,4
1053,0.761,0.33,4
1054,-0.532,0.563,4
10089,0.044,0.448,4
1056,3.334,0.264,4
10055,-1.01,0.678,4
1058,-0.13,0.456,4
1059,-0.532,0.563,4
10032,-0.234,0.51,4
10039,-0.165,0.484,4
1063,-1.01,0.678,4
10012,0.08,0.441,4
10063,0.027,0.46,4
10170,-0.13,0.456,4
10084,-0.624,0.587,4
10046,-1.01,0.678,4
10027,-0.187,0.494,4
1071,-1.01,0.678,4
1072,-0.3,0.52,4
1074,0.841,0.328,4
10009,0.382,0.385,4
10083,-0.532,0.563,4
10085,0.013,0.451,4
10077,0.027,0.452,4
10004,0.731,0.347,4
10104,-1.01,0.678,4
10081,0.316,0.401,4
10054,-0.064,0.458,4
10076,1.755,0.262,4
10036,0.674,0.352,4
10078,1.663,0.274,4
10088,0.604,0.347,4
10030,-0.208,0.502,4
1091,-1.01,0.678,4
10005,-1.01,0.678,4
10114,-0.56,0.581,4
10090,1.38,0.285,4
1099,1.6,0.273,4
10164,0.915,0.325,4
10190,-1.01,0.678,4
1104,-1.01,0.678,4
1105,-0.242,0.503,4
10010,-0.181,0.489,4
1108,0.64,0.34,4
10201,-0.624,0.587,4
1110,-1.01,0.678,4
1111,-0.624,0.587,4
10154,1.666,0.263,4
10003,1.05,0.314,4
10075,-0.618,0.583,4
10176,0.217,0.41,4
10038,0.536,0.355,4
10053,0.44,0.376,4
10116,-1.01,0.678,4
1122,-0.242,0.503,4
10236,-1.01,0.678,4
10096,0.039,0.435,4
10043,0.073,0.44,4
1128,0.348,0.395,4
10127,-1.01,0.678,4
10173,0.259,0.398,4
1133,2.276,0.247,4
1134,-0.618,0.583,4
1135,0.091,0.427,4
10210,0.185,0.414,4
1139,-1.01,0.678,4
10022,0.503,0.362,4
1143,1.327,0.285,4
10026,-1.01,0.678,4
10188,0.01,0.439,4
1146,-0.624,0.587,4
1147,-1.01,0.678,4
1148,-0.443,0.55,4
1149,-0.376,0.541,4
10007,1.349,0.269,4
1152,0.581,0.378,4
10079,-0.599,0.578,4
10159,0.07,0.445,4
1155,-1.01,0.678,4
1156,-1.01,0.678,4
10131,0.352,0.389,4
10218,-0.084,0.464,4
10120,0.139,0.427,4
1161,1.14,0.292,4
10125,0.467,0.374,4
1163,1.359,0.285,4
10008,-0.002,0.454,4
10146,0.72,0.348,4
1168,0.665,0.351,4
10130,-1.008,0.679,4
10052,0.193,0.412,4
1173,0.331,0.38,4
1175,-0.599,0.578,4
10141,-0.532,0.563,4
1179,0.751,0.328,4
10095,0.626,0.363,4
10045,-0.317,0.522,4
10037,1.045,0.314,4
1183,1.08,0.307,4
1184,-0.21,0.493,4
1185,-0.145,0.477,4
10144,0.105,0.433,4
1187,-1.01,0.678,4
1188,-1.01,0.678,4
10109,-1.01,0.678,4
10183,1.358,0.284,4
1191,-0.435,0.534,4
1193,-0.246,0.502,4
1194,0.517,0.367,4
10031,-1.01,0.678,4
10178,0.309,0.398,4
10151,-0.025,0.466,4
10042,-1.002,0.681,4
1199,0.003,0.438,4
10117,0.548,0.365,4
10099,-1.01,0.678,4
1204,0.283,0.401,4
10020,0.184,0.413,4
10069,-0.532,0.563,4
10145,-0.624,0.587,4
10066,-1.01,0.678,4
10025,1.869,0.26,4
10110,-0.624,0.587,4
10056,0.229,0.414,4
1213,0.574,0.369,4
1214,-0.523,0.557,4
10098,0.134,0.424,4
10057,-1.01,0.678,4
10006,-1.01,0.678,4
1219,-0.523,0.557,4
10126,-1.01,0.678,4
1223,-1.01,0.678,4
10073,-1.01,0.678,4
10060,0.656,0.355,4
10062,-1.01,0.678,4
10142,0.069,0.442,4
1229,0.568,0.364,4
1230,-0.265,0.506,4
10065,0.823,0.33,4
10061,-1.01,0.678,4
10103,-1.01,0.678,4
1236,-0.107,0.47,4
1237,-0.3,0.52,4
1238,-0.198,0.489,4
10051,1.359,0.282,4
1240,0.841,0.326,4
1244,0.373,0.395,4
10213,0.23,0.403,4
10093,-0.242,0.503,4
10092,-0.229,0.48,4
10149,0.241,0.401,4
10041,1.641,0.27,4
1252,-1.01,0.678,4
10070,0.333,0.394,4
1255,-0.3,0.52,4
1256,-0.618,0.583,4
1257,0.581,0.357,4
1260,0.666,0.343,4
1262,-1.01,0.678,4
10059,-0.177,0.485,4
1264,0.202,0.424,4
1266,0.156,0.43,4
10068,-1.01,0.678,4
1268,-1.01,0.678,4
10058,0.481,0.368,4
1271,0.913,0.315,4
1272,0.003,0.444,4
1273,1.214,0.292,4
10168,0.525,0.364,4
1276,-0.551,0.584,4
10035,-1.01,0.678,4
1278,1.16,0.294,4
10172,-0.3,0.52,4
10186,0.053,0.438,4
1281,0.246,0.414,4
10016,0.276,0.406,4
10002,-0.229,0.48,4
10040,-1.01,0.678,4
10080,-0.214,0.478,4
10071,-0.269,0.51,4
10191,-0.451,0.539,4
1288,1.211,0.294,4
1289,-0.601,0.588,4
1290,0.602,0.358,4
10028,-0.942,0.688,4
10086,-0.499,0.552,4
10017,-1.01,0.678,4
10067,-1.01,0.678,4
1297,-1.01,0.678,4
1299,-0.138,0.474,4
10049,0.311,0.404,4
10072,-0.322,0.52,4
1304,-1.01,0.678,4
1306,0.17,0.42,4
10155,0.138,0.43,4
1309,0.168,0.416,4
10121,1.738,0.267,4
10087,-1.01,0.678,4
10029,-1.01,0.678,4
10044,-0.942,0.688,4
1316,-0.084,0.464,4
1317,0.303,0.406,4
1318,-0.624,0.587,4
1321,-0.576,0.577,4
1322,-1.01,0.678,5
1323,-1.01,0.678,5
1324,-1.01,0.678,5
1325,-1.01,0.678,5
1327,0.571,0.369,5
1328,-0.229,0.497,5
1329,1.228,0.298,5
1332,0.915,0.313,5
1333,-1.01,0.678,5
1335,-0.119,0.47,5
1336,0.646,0.351,5
1337,-0.868,0.697,5
1338,0.755,0.341,5
1341,0.163,0.419,5
1342,-0.435,0.534,5
1343,-0.3,0.52,5
1344,-0.214,0.478,5
1345,2.134,0.248,5
1346,-0.151,0.481,5
1348,-0.576,0.577,5
1349,-0.898,0.7,5
1350,0.524,0.358,5
1351,1.216,0.295,5
1353,-0.576,0.577,5
1354,0.579,0.361,5
1355,0.167,0.427,5
1356,-1.01,0.678,5
1357,-1.01,0.678,5
1358,1.469,0.274,5
1359,0.86,0.319,5
1360,-0.207,0.497,5
1363,0.422,0.388,5
1364,0.868,0.315,5
1365,-0.138,0.474,5
1366,-1.01,0.678,5
1368,0.364,0.392,5
1369,0.558,0.353,5
1370,-1.01,0.678,5
1371,-1.01,0.678,5
1374,-1.01,0.678,5
1375,0.857,0.331,5
1376,-1.01,0.678,5
1377,0.306,0.396,5
1379,-0.418,0.538,5
1380,0.407,0.388,5
1383,-1.01,0.678,5
1384,-1.01,0.678,5
1385,-0.016,0.462,5
1386,-1.01,0.678,5
1387,-0.245,0.5,5
1390,0.725,0.338,5
1392,-1.01,0.678,5
1393,0.186,0.424,5
1396,0.514,0.365,5
1397,-1.01,0.678,5
1398,-1.01,0.678,5
1400,0.695,0.347,5
1401,-1.01,0.678,5
1402,-0.181,0.489,5
1403,1.409,0.286,5
1404,0.507,0.352,5
1407,-1.01,0.678,5
1408,-0.451,0.539,5
1410,-0.233,0.504,5
1411,-1.008,0.679,5
1413,1.389,0.276,5
1416,1.438,0.28,5
1417,0.082,0.439,5
1418,0.285,0.377,5
1421,1.57,0.273,5
1422,0.627,0.348,5
1426,-0.113,0.472,5
1427,2.191,0.248,5
1428,2.076,0.252,5
1430,-0.435,0.534,5
1431,0.315,0.393,5
1432,-0.496,0.553,5
1437,0.503,0.374,5
1439,0.023,0.452,5
1440,-0.532,0.563,5
1441,0.058,0.432,5
1442,-0.624,0.587,5
1443,-0.511,0.568,5
1445,-1.01,0.678,5
1447,0.401,0.396,5
1448,-0.48,0.557,5
1449,0.594,0.354,5
1450,-0.988,0.681,5
1451,-1.01,0.678,5
1452,-1.01,0.678,5
1453,-1.01,0.678,5
1454,0.231,0.407,5
1455,-0.242,0.503,5
1456,-1.01,0.678,5
1457,2.233,0.255,5
1459,-0.366,0.517,5
1462,-0.233,0.504,5
1463,-0.576,0.577,5
1464,1.223,0.292,5
1465,-1.01,0.678,5
1469,-0.495,0.554,5
1470,-0.496,0.553,5
1471,-1.01,0.678,5
1475,0.386,0.397,5
1476,1.117,0.303,5
1478,-0.523,0.557,5
1479,0.165,0.431,5
1482,-0.042,0.473,5
1484,0.643,0.355,5
1487,-0.21,0.493,5
1489,0.044,0.452,5
1490,-1.01,0.678,5
1493,0.341,0.394,5
1497,0.26,0.397,5
1499,0.22,0.407,5
1501,0.263,0.396,5
1502,-0.211,0.497,5
1503,0.777,0.34,5
1505,1.02,0.303,5
1507,0.777,0.331,5
1508,-0.618,0.583,5
1509,-0.234,0.506,5
1510,-1.01,0.678,5
1511,-0.21,0.493,5
1512,0.051,0.435,5
1513,-1.008,0.679,5
1515,-0.496,0.553,5
1518,-0.23,0.5,5
1519,-0.211,0.497,5
1521,0.094,0.439,5
1522,0.343,0.401,5
1524,-1.01,0.678,5
1525,0.379,0.396,5
1526,0.403,0.376,5
1527,-1.006,0.68,5
1528,-0.496,0.553,5
1530,0.186,0.415,5
1532,1.379,0.287,5
1535,0.089,0.446,5
1537,2.117,0.251,5
1538,0.795,0.334,5
1542,-1.01,0.678,5
1545,0.612,0.352,5
1548,-1.01,0.678,5
1549,-0.265,0.506,5
1550,1.102,0.316,5
1551,1.336,0.286,5
1552,-0.012,0.467,5
1553,-0.532,0.563,5
1554,0.685,0.34,5
1555,0.598,0.361,5
1557,0.683,0.343,5
1558,0.117,0.43,5
1561,0.353,0.401,5
1563,-0.624,0.587,5
1566,-0.409,0.529,5
1567,-1.01,0.678,5
1569,-0.336,0.523,5
1571,0.631,0.351,5
1572,1.392,0.284,5
1573,-0.624,0.587,5
1576,0.04,0.451,5
1577,0.024,0.469,5
1579,-0.118,0.472,5
1582,-1.01,0.678,5
1583,0.9,0.313,5
1586,-0.618,0.583,5
1587,-0.523,0.557,5
1588,0.926,0.317,5
1589,-0.133,0.516,5
1591,1.009,0.308,5
1592,-0.496,0.553,5
1594,-0.233,0.504,5
1597,1.398,0.284,5
1598,0.06,0.437,5
1599,0.387,0.402,5
1601,-0.576,0.577,5
1604,0.635,0.35,5
1605,0.883,0.329,5
1607,-0.496,0.553,5
1609,0.171,0.419,5
1610,0.102,0.436,5
1612,-0.145,0.48,5
1614,1.373,0.275,5
1616,0.496,0.361,5
1619,-0.366,0.517,5
1620,1.076,0.302,5
1622,0.773,0.337,5
1623,-0.3,0.52,5
1624,0.239,0.409,5
1627,-0.234,0.51,5
1630,0.263,0.407,5
1632,0.088,0.438,5
1635,0.468,0.363,5
1636,0.548,0.355,5
1638,0.599,0.353,5
1639,-0.209,0.491,5
1641,0.352,0.387,5
1642,0.851,0.332,5
1644,-1.01,0.678,5
1647,0.445,0.381,5
1649,-0.285,0.513,5
1650,-1.01,0.678,5
1652,2.036,0.25,5
1655,-0.409,0.529,5
1656,-1.01,0.678,5
1657,1.301,0.29,5
1659,1.611,0.27,5
1660,0.575,0.372,5
1664,0.57,0.351,6
1666,-1.01,0.678,6
1667,-0.234,0.51,6
1668,0.693,0.351,6
1670,-0.3,0.52,6
1671,-1.01,0.678,6
1672,1.371,0.281,6
1675,-1.01,0.678,6
1676,-0.242,0.503,6
1677,-0.451,0.539,6
1679,-1.01,0.678,6
1680,-1.01,0.678,6
1681,-0.298,0.517,6
1682,-1.01,0.678,6
1683,1.264,0.288,6
1685,0.294,0.415,6
1686,0.435,0.378,6
1687,-0.211,0.497,6
1690,-0.3,0.52,6
1691,-0.985,0.68,6
1692,-1.01,0.678,6
1694,-1.01,0.678,6
1696,-0.624,0.587,6
1697,0.661,0.352,6
1698,0.031,0.45,6
1699,-0.499,0.552,6
1701,-1.01,0.678,6
1702,-1.01,0.678,6
1703,-1.01,0.678,6
1704,-1.01,0.678,6
1706,1.256,0.289,6
1710,0.48,0.376,6
1711,1.534,0.273,6
1712,2.378,0.252,6
1713,1.014,0.306,6
1714,0.755,0.334,6
1716,0.214,0.414,6
1719,0.955,0.311,6
1720,-1.01,0.678,6
1721,-1.01,0.678,6
1722,-1.01,0.678,6
1723,0.247,0.417,6
1724,-1.01,0.678,6
1725,-0.203,0.492,6
1726,-0.624,0.587,6
1727,-0.532,0.563,6
1728,-0.165,0.484,6
1730,-0.443,0.55,6
1731,0.279,0.407,6
1734,0.315,0.401,6
1735,-0.576,0.577,6
1736,0.169,0.427,6
1739,0.381,0.373,6
1742,-1.01,0.678,6
1744,-1.01,0.678,6
1745,-0.499,0.552,6
1746,-0.236,0.502,6
1748,0.328,0.383,6
1749,-0.229,0.497,6
1751,1.161,0.307,6
1752,-0.285,0.513,6
1753,1.313,0.292,6
1754,-0.599,0.578,6
1756,-0.499,0.552,6
1757,1.115,0.309,6
1758,-1.01,0.678,6
1759,0.285,0.395,6
1760,0.847,0.322,6
1761,0.666,0.336,6
1762,-1.01,0.678,6
1764,1.341,0.287,6
1765,-0.624,0.587,6
1767,-0.576,0.577,6
1769,0.765,0.34,6
1772,-1.01,0.678,6
1773,0.93,0.309,6
1775,0.87,0.323,6
1776,-0.624,0.587,6
1777,0.434,0.38,6
1779,-0.336,0.523,6
1780,1.519,0.278,6
1781,2.186,0.253,6
1782,0.101,0.443,6
1783,-1.01,0.678,6
1784,0.265,0.415,6
1785,-0.285,0.513,6
1786,-0.265,0.506,6
1787,1.078,0.352,6
1788,0.159,0.422,6
1789,-0.624,0.587,6
1790,0.462,0.37,6
1791,0.561,0.361,6
1793,0.861,0.322,6
1794,-0.069,0.473,6
1796,-0.523,0.557,6
1797,0.505,0.369,6
1798,1.232,0.293,6
1799,-0.624,0.587,6
1801,-0.265,0.506,6
1802,-1.01,0.678,6
1803,-1.01,0.678,6
1804,0.621,0.351,6
1806,-1.01,0.678,6
1807,-0.182,0.485,6
1808,0.562,0.353,6
1809,-1.01,0.678,6
1810,0.864,0.328,6
1811,0.376,0.407,6
1812,0.01,0.45,6
1813,0.632,0.341,6
1815,0.589,0.356,6
1816,-0.181,0.489,6
1817,0.196,0.424,6
1820,2.19,0.249,6
1821,-0.624,0.587,6
1822,-0.128,0.472,6
1823,0.081,0.437,6
1826,-1.01,0.678,6
1827,0.981,0.314,6
1828,-1.01,0.678,6
1829,-0.242,0.503,6
1831,-0.356,0.513,6
1832,-0.624,0.587,6
1836,-1.01,0.678,6
1837,-0.255,0.504,6
1838,0.32,0.374,6
1841,-0.532,0.563,6
1842,1.095,0.299,6
1843,0.218,0.42,6
1845,0.044,0.452,6
1846,-1.01,0.678,6
1847,-0.499,0.552,6
1848,0.231,0.406,6
1849,-0.234,0.51,6
1850,-0.624,0.587,6
1851,1.558,0.277,6
1852,-0.624,0.587,6
1853,0.554,0.355,6
1854,-0.624,0.587,6
1855,-1.01,0.678,6
1856,0.327,0.396,6
1857,0.318,0.395,6
1858,0.249,0.403,6
1859,-0.938,0.691,6
1860,0.31,0.388,6
1861,0.66,0.342,6
1862,-0.599,0.578,6
1863,-0.233,0.504,6
1866,0.036,0.434,6
1867,0.04,0.451,6
1868,-0.532,0.563,6
1870,0.386,0.397,6
1872,0.186,0.415,6
1873,0.992,0.313,6
1874,-0.576,0.577,6
1875,-0.532,0.563,6
1876,0.26,0.387,6
1883,-1.01,0.678,6
1884,-0.178,0.486,6
1885,0.342,0.397,6
1886,0.466,0.377,6
1890,1.278,0.29,6
1891,0.04,0.451,6
1892,-0.576,0.577,6
1894,0.23,0.416,6
1895,-0.576,0.577,6
1896,0.26,0.387,6
1897,0.003,0.438,6
1898,-1.01,0.678,6
1899,0.317,0.405,6
1900,0.513,0.371,6
1901,0.977,0.327,6
1903,0.862,0.318,6
1904,-1.01,0.678,6
1905,2.772,0.246,6
1906,-0.523,0.557,6
1907,-1.01,0.678,6
1908,-0.242,0.503,6
1909,0.563,0.358,6
1910,-1.01,0.678,6
1911,0.935,0.313,6
1912,1.04,0.316,6
1913,0.458,0.358,6
1915,-0.624,0.587,6
1916,0.643,0.34,6
1919,0.711,0.326,6
1920,0.475,0.379,6
1921,-0.211,0.497,6
1922,0.229,0.414,6
1923,1.042,0.301,6
1924,0.474,0.383,6
1925,-0.145,0.477,6
1926,0.982,0.315,6
1927,0.089,0.423,6
1929,0.235,0.421,6
1930,-1.01,0.678,6
1932,-1.01,0.678,6
1934,0.195,0.415,6
1935,-1.01,0.678,6
1936,0.222,0.419,6
1937,-1.01,0.678,6
1938,-1.01,0.678,6
1939,0.698,0.333,6
1941,-1.01,0.678,6
1942,-1.01,0.678,6
1943,0.773,0.331,6
1945,-0.618,0.583,6
1946,-1.01,0.678,6
1947,-0.451,0.539,6
1948,-0.031,0.449,6
1949,-0.005,0.461,6
1951,-1.01,0.678,6
1952,0.074,0.44,6
1953,-1.01,0.678,6
1954,-1.01,0.678,6
1955,0.967,0.31,6
1958,0.734,0.326,6
1959,-1.01,0.678,6
1960,1.164,0.299,6
1961,-1.01,0.678,6
1962,0.39,0.396,6
1964,0.434,0.387,6
1965,0.129,0.432,6
1966,-0.3,0.52,6
1967,0.884,0.329,6
1968,2.273,0.252,6
1969,-1.01,0.678,6
1970,0.127,0.43,6
1971,-1.01,0.678,6
1972,2.235,0.251,6
1973,0.794,0.34,6
1974,-1.01,0.678,6
1975,1.083,0.289,6
1976,-1.01,0.678,6
1978,0.04,0.437,6
1981,-1.01,0.678,6
1982,0.471,0.387,6
1984,-0.141,0.477,6
1985,-1.01,0.678,6
1987,-0.523,0.557,6
1989,0.215,0.416,6
1990,0.591,0.346,6
1991,0.76,0.331,6
1992,0.57,0.363,6
1993,-1.01,0.678,6
1994,0.169,0.429,6
1995,0.278,0.395,6
1996,-0.037,0.472,6
1997,1.298,0.286,6
1998,-0.576,0.577,6
1999,0.082,0.439,6
2000,0.285,0.396,6
2001,-0.576,0.577,7
2002,-0.624,0.587,7
2004,0.458,0.372,7
2005,0.387,0.384,7
2006,2.094,0.25,7
2007,-0.233,0.504,7
2009,0.174,0.424,7
2010,0.162,0.392,7
2011,-1.01,0.678,7
2012,-0.576,0.577,7
2013,-0.207,0.497,7
2014,-0.496,0.553,7
2016,0.831,0.32,7
2020,1.278,0.279,7
2021,0.793,0.327,7
2022,-1.01,0.678,7
2024,-1.01,0.678,7
2026,0.299,0.392,7
2027,-0.118,0.472,7
2029,0.019,0.454,7
2030,0.246,0.411,7
2031,-1.01,0.678,7
2032,-0.576,0.577,7
2033,-0.496,0.553,7
2034,0.362,0.391,7
2035,-0.242,0.503,7
2036,-1.01,0.678,7
2039,-0.624,0.587,7
2040,0.427,0.367,7
2041,2.124,0.253,7
2042,0.869,0.324,7
2043,-0.576,0.577,7
2044,1.236,0.286,7
2045,0.111,0.428,7
2050,0.15,0.442,7
2051,-0.624,0.587,7
2052,0.075,0.447,7
2053,1.531,0.275,7
2054,0.668,0.345,7
2056,0.861,0.32,7
2057,-0.211,0.497,7
2058,-1.01,0.678,7
2059,0.334,0.383,7
2061,-0.576,0.577,7
2062,-1.01,0.678,7
2063,-1.01,0.678,7
2064,1.167,0.286,7
2067,0.6,0.362,7
2068,-0.233,0.504,7
2069,0.454,0.383,7
2070,1.35,0.283,7
2072,-1.01,0.678,7
2074,-1.01,0.678,7
2076,-1.01,0.678,7
2080,0.671,0.343,7
2082,-1.01,0.678,7
2084,0.325,0.386,7
2085,-0.532,0.563,7
2088,-1.01,0.678,7
2089,-0.532,0.563,7
2090,0.833,0.314,7
2092,1.645,0.267,7
2093,-0.532,0.563,7
2094,1.06,0.303,7
2095,0.734,0.338,7
2096,0.645,0.338,7
2097,0.537,0.366,7
2099,-1.01,0.678,7
2100,-0.018,0.444,7
2102,2.412,0.248,7
2103,-0.362,0.519,7
2104,0.09,0.435,7
2105,-0.211,0.497,7
2106,-0.224,0.482,7
2107,-0.242,0.503,7
2109,-0.618,0.583,7
2110,0.084,0.441,7
2111,-0.499,0.552,7
2113,-1.01,0.678,7
2114,0.345,0.389,7
2115,-0.176,0.487,7
2116,-0.036,0.451,7
2117,-0.132,0.474,7
2118,-1.01,0.678,7
2119,0.813,0.332,7
2120,1.28,0.285,7
2121,0.262,0.4,7
2122,1.243,0.29,7
2123,0.557,0.362,7
2124,0.432,0.376,7
2126,0.521,0.368,7
2127,-0.576,0.577,7
2128,-0.176,0.488,7
2129,0.235,0.418,7
2130,0.658,0.347,7
2132,0.414,0.382,7
2133,0.804,0.34,7
2134,0.588,0.358,7
2137,-0.356,0.513,7
2138,-0.322,0.52,7
2139,-1.01,0.678,7
2140,-1.01,0.678,7
2141,0.254,0.402,7
2142,0.234,0.391,7
2144,-1.01,0.678,7
2146,-1.01,0.678,7
2148,0.975,0.308,7
2149,0.373,0.403,7
2150,0.948,0.318,7
2151,-1.01,0.678,7
2152,-1.01,0.678,7
2153,-0.451,0.539,7
2155,-0.942,0.688,7
2160,0.655,0.353,7
2161,1.382,0.277,7
2162,-0.242,0.5,7
2163,0.507,0.351,7
2164,0.319,0.4,7
2165,0.118,0.433,7
2168,1.563,0.268,7
2171,-0.576,0.577,7
2174,0.185,0.414,7
2175,1.237,0.291,7
2177,-0.499,0.552,7
2178,0.554,0.368,7
2179,-0.234,0.51,7
2180,-1.01,0.678,7
2181,-1.01,0.678,7
2183,-0.624,0.587,7
2185,0.838,0.33,7
2187,1.497,0.277,7
2188,1.379,0.275,7
2189,-0.409,0.529,7
2190,0.335,0.392,7
2191,0.023,0.421,7
2193,-0.138,0.474,7
2195,-0.3,0.52,7
2196,0.654,0.344,7
2199,-0.229,0.48,7
2200,-0.121,0.471,7
2201,0.931,0.33,7
2202,-1.01,0.678,7
2204,0.26,0.411,7
2206,-1.01,0.678,7
2207,-0.435,0.534,7
2208,0.578,0.354,7
2209,0.535,0.367,7
2210,-0.532,0.563,7
2211,0.446,0.37,7
2212,-0.184,0.471,7
2213,-0.151,0.481,7
2214,1.912,0.263,7
2217,0.498,0.363,7
2218,-1.01,0.678,7
2219,-1.01,0.678,7
2221,-0.285,0.513,7
2222,-1.01,0.678,7
2223,-1.01,0.678,7
2224,0.22,0.407,7
2225,-1.01,0.678,7
2228,-0.233,0.504,7
2229,0.106,0.431,7
2230,-0.409,0.529,7
2232,1.69,0.265,7
2233,0.167,0.416,7
2234,1.137,0.294,7
2236,-1.01,0.678,7
2237,0.303,0.401,7
2238,-0.229,0.48,7
2239,-1.01,0.678,7
2240,0.24,0.413,7
2241,-0.099,0.468,7
2242,-0.523,0.557,7
2243,-1.01,0.678,7
2244,-0.532,0.563,7
2245,-0.009,0.446,7
2246,-0.3,0.52,7
2247,0.217,0.41,7
2248,0.04,0.451,7
2249,1.269,0.295,7
2250,-0.145,0.477,7
2253,-1.01,0.678,7
2254,-1.01,0.678,7
2256,0.084,0.423,7
2257,-0.599,0.578,7
2258,0.067,0.434,7
2259,-0.624,0.587,7
2262,0.679,0.348,7
2263,1.624,0.261,7
2264,-0.145,0.477,7
2265,-0.104,0.486,7
2267,-0.198,0.487,7
2268,0.608,0.361,7
2269,-0.523,0.557,7
2270,1.593,0.262,7
2272,0.04,0.451,7
2273,0.538,0.351,7
2274,0.157,0.419,7
2275,-0.298,0.517,7
2277,0.17,0.433,7
2279,-0.599,0.578,7
2280,0.433,0.377,7
2282,-1.01,0.678,7
2283,1.749,0.268,7
2284,0.078,0.425,7
2285,0.515,0.369,7
2287,-1.002,0.681,7
2288,-1.01,0.678,7
2290,1.361,0.281,7
2291,1.11,0.306,7
2293,1.817,0.256,7
2294,-0.624,0.587,7
2296,0.205,0.425,7
2297,-1.01,0.678,7
2300,-1.01,0.678,7
2301,-0.366,0.517,7
2302,0.486,0.355,7
2303,0.163,0.42,7
2306,0.22,0.422,7
2307,-1.01,0.678,7
2308,0.404,0.381,7
2310,-0.523,0.557,7
2311,0.022,0.439,7
2312,-1.01,0.678,7
2313,1.154,0.295,7
2314,0.597,0.359,7
2315,0.279,0.407,7
2317,-0.499,0.552,7
2319,-0.624,0.587,7
2320,4.484,0.346,7
2321,0.44,0.385,7
2322,1.811,0.263,7
2323,0.526,0.368,7
2324,0.817,0.319,7
2326,0.039,0.441,7
2327,0.244,0.402,7
2328,-0.242,0.503,8
2331,-0.461,0.555,8
2333,0.895,0.323,8
2334,0.184,0.415,8
2337,0.233,0.408,8
2338,0.69,0.348,8
2340,0.088,0.438,8
2341,0.011,0.443,8
2342,-0.624,0.587,8
2343,-1.01,0.678,8
2344,-0.532,0.563,8
2346,2.029,0.25,8
2347,1.366,0.281,8
2349,1.632,0.273,8
2350,-0.233,0.504,8
2351,-0.988,0.681,8
2352,0.098,0.436,8
2353,0.04,0.451,8
2355,-1.01,0.678,8
2357,0.428,0.378,8
2358,-0.599,0.578,8
2359,-0.211,0.497,8
2360,-0.025,0.466,8
2363,-1.01,0.678,8
2364,-1.01,0.678,8
2365,0.3,0.402,8
2366,-0.499,0.552,8
2369,0.638,0.356,8
2370,1.385,0.282,8
2371,-0.435,0.534,8
2372,1.04,0.3,8
2373,0.82,0.328,8
2374,-1.01,0.678,8
2375,0.112,0.433,8
2378,-0.285,0.513,8
2379,1.349,0.282,8
2380,0.049,0.428,8
2381,1.094,0.297,8
2382,4.206,0.308,8
2383,-0.269,0.51,8
2385,-1.01,0.678,8
2388,0.426,0.375,8
2389,-1.01,0.678,8
2392,0.264,0.395,8
2393,1.384,0.276,8
2394,1.538,0.272,8
2395,-0.576,0.577,8
2396,0.541,0.366,8
2398,-0.576,0.577,8
2399,-1.01,0.678,8
2400,2.015,0.254,8
2402,2.201,0.25,8
2403,-1.01,0.678,8
2404,0.49,0.365,8
2406,0.167,0.417,8
2408,1.397,0.289,8
2409,-1.01,0.678,8
2410,-0.511,0.568,8
2411,-0.532,0.563,8
2412,-0.451,0.539,8
2414,-1.01,0.678,8
2415,0.5,0.37,8
2416,1.592,0.271,8
2417,-0.002,0.454,8
2419,0.196,0.419,8
2420,-0.268,0.507,8
2421,-0.576,0.577,8
2422,0.993,0.314,8
2423,0.085,0.436,8
2425,1.132,0.288,8
2426,0.958,0.311,8
2427,-1.01,0.678,8
2428,0.111,0.43,8
2429,-0.246,0.511,8
2431,-0.252,0.5,8
2433,-0.532,0.563,8
2434,-0.3,0.52,8
2435,0.364,0.39,8
2436,0.232,0.394,8
2437,1.058,0.319,8
2438,0.964,0.31,8
2440,-0.005,0.461,8
2442,0.008,0.465,8
2443,1.69,0.266,8
2446,-0.083,0.46,8
2447,0.039,0.434,8
2448,-0.128,0.475,8
2449,-1.01,0.678,8
2450,-1.01,0.678,8
2451,-0.435,0.534,8
2452,2.976,0.248,8
2454,0.389,0.387,8
2455,1.891,0.257,8
2456,0.01,0.45,8
2457,0.949,0.321,8
2458,-0.233,0.504,8
2460,0.255,0.409,8
2461,-0.344,0.511,8
2462,-0.209,0.491,8
2464,1.369,0.284,8
2465,1.706,0.259,8
2466,0.981,0.315,8
2469,-0.047,0.461,8
2471,-1.01,0.678,8
2472,-0.08,0.475,8
2473,1.34,0.28,8
2475,0.712,0.345,8
2476,-0.496,0.553,8
2477,0.742,0.33,8
2478,0.746,0.338,8
2479,0.406,0.384,8
2480,-0.523,0.557,8
2481,-0.532,0.563,8
2482,1.788,0.264,8
2483,0.791,0.332,8
2485,-1.01,0.678,8
2486,0.808,0.32,8
2487,0.204,0.407,8
2489,0.926,0.319,8
2490,0.656,0.354,8
2491,-0.576,0.577,8
2492,-0.523,0.557,8
2493,0.125,0.429,8
2494,0.044,0.452,8
2495,0.232,0.394,8
2496,0.178,0.425,8
2497,-0.075,0.462,8
2498,-0.624,0.587,8
2499,-1.01,0.678,8
2500,-1.01,0.678,8
2501,-0.255,0.504,8
2502,-0.576,0.577,8
2504,-1.01,0.678,8
2505,-0.985,0.68,8
2507,1.289,0.289,8
2508,0.723,0.332,8
2509,-1.01,0.678,8
2510,-0.624,0.587,8
2511,2.133,0.257,8
2512,0.028,0.437,8
2513,0.277,0.396,8
2515,-1.01,0.678,8
2516,1.038,0.301,8
2517,-1.01,0.678,8
2518,1.31,0.285,8
2520,0.33,0.395,8
2521,-1.01,0.678,8
2522,-0.532,0.563,8
2523,-1.01,0.678,8
2524,0.507,0.35,8
2525,-0.3,0.52,8
2526,-0.624,0.587,8
2527,0.102,0.436,8
2530,0.758,0.329,8
2531,-0.496,0.553,8
2540,-0.229,0.48,8
2541,1.538,0.269,8
2542,1.463,0.273,8
2543,0.397,0.4,8
2544,0.246,0.414,8
2545,0.368,0.396,8
2546,0.568,0.36,8
2547,-0.461,0.555,8
2548,-0.576,0.577,8
2549,0.765,0.326,8
2550,-1.01,0.678,8
2551,0.01,0.453,8
2552,0.492,0.374,8
2553,0.316,0.407,8
2554,-0.025,0.466,8
2555,1.367,0.282,8
2556,-0.3,0.52,8
2557,-1.01,0.678,8
2558,1.979,0.254,8
2559,1.901,0.26,8
2560,-0.576,0.577,8
2561,1.743,0.27,8
2562,0.656,0.351,8
2563,-1.01,0.678,8
2566,-0.496,0.553,8
2567,0.662,0.359,8
2568,0.084,0.441,8
2569,0.571,0.352,8
2570,1.559,0.272,8
2571,0.941,0.315,8
2573,1.274,0.287,8
2574,-0.169,0.47,8
2576,0.011,0.452,8
2577,0.04,0.431,8
2579,0.643,0.357,8
2581,-0.189,0.469,8
2583,0.68,0.347,8
2584,1.872,0.256,8
2587,-0.336,0.523,8
2588,-0.366,0.517,8
2590,0.788,0.33,8
2591,1.503,0.273,8
2592,0.044,0.442,8
2593,-0.532,0.563,8
2594,-1.01,0.678,8
2595,0.955,0.321,8
2596,-0.618,0.583,8
2598,0.621,0.342,8
2600,-1.01,0.678,8
2601,0.543,0.373,8
2605,0.013,0.451,8
2607,0.947,0.318,8
2608,0.662,0.344,8
2611,1.686,0.265,8
2612,2.006,0.259,8
2614,0.356,0.381,8
2615,-0.198,0.487,8
2617,-0.576,0.577,8
2618,0.465,0.38,8
2619,-0.624,0.587,8
2621,-0.532,0.563,8
2622,-0.496,0.553,8
2623,0.038,0.431,8
2625,-0.532,0.563,8
2628,-1.01,0.678,8
2629,0.295,0.392,8
2631,-0.23,0.5,8
2632,-0.246,0.502,8
2634,-0.132,0.474,8
2635,-0.121,0.473,8
2636,-0.207,0.497,8
2637,-0.025,0.466,8
2640,-1.01,0.678,8
2641,-1.01,0.678,8
2642,0.559,0.354,8
2643,1.089,0.311,8
2644,0.359,0.389,8
2645,0.26,0.387,8
2646,-1.01,0.678,8
2648,0.222,0.409,8
2649,-1.01,0.678,8
2650,0.209,0.426,8
2651,-0.264,0.512,8
2652,0.826,0.325,8
2653,0.378,0.388,8
2654,0.074,0.443,8
2655,0.125,0.429,8
2656,-0.234,0.51,8
2657,1.933,0.256,8
2658,-1.01,0.678,8
2659,-0.169,0.47,9
2660,-0.21,0.493,9
2662,1.195,0.299,9
2663,-0.025,0.463,9
2664,0.071,0.438,9
2666,-1.01,0.678,9
2667,0.996,0.314,9
2668,-0.523,0.557,9
2669,-0.025,0.466,9
2670,0.937,0.324,9
2671,0.042,0.442,9
2673,0.242,0.416,9
2674,0.044,0.452,9
2675,-0.084,0.464,9
2676,0.998,0.305,9
2677,-1.01,0.678,9
2678,-1.01,0.678,9
2679,-0.229,0.497,9
2680,0.108,0.432,9
2681,-0.211,0.497,9
2682,0.674,0.353,9
2683,0.599,0.353,9
2686,1.136,0.302,9
2687,-1.01,0.678,9
2688,-0.624,0.587,9
2689,-0.435,0.534,9
2690,-0.285,0.513,9
2691,-0.181,0.489,9
2692,0.621,0.349,9
2693,0.941,0.308,9
2694,-0.133,0.482,9
2695,1.152,0.31,9
2698,0.799,0.339,9
2700,-0.207,0.497,9
2701,0.169,0.418,9
2703,0.3,0.404,9
2704,-0.496,0.553,9
2706,0.07,0.445,9
2707,-0.132,0.661,9
2708,0.081,0.437,9
2710,1.733,0.285,9
2711,1.107,0.301,9
2712,-0.499,0.552,9
2713,0.608,0.345,9
2715,0.023,0.452,9
2716,0.38,0.39,9
2717,-0.317,0.522,9
2719,-0.576,0.577,9
2720,-1.01,0.678,9
2721,0.13,0.438,9
2722,-0.599,0.578,9
2723,-0.23,0.5,9
2724,-0.233,0.504,9
2725,-0.489,0.556,9
2726,-1.01,0.678,9
2728,-0.532,0.563,9
2729,-0.624,0.587,9
2730,1.659,0.268,9
2731,-1.01,0.678,9
2732,-0.016,0.462,9
2733,1.485,0.275,9
2734,0.021,0.438,9
2735,-0.576,0.577,9
2736,1.025,0.31,9
2737,-0.255,0.504,9
2738,0.424,0.38,9
2739,0.135,0.425,9
2740,0.053,0.44,9
2741,-0.532,0.563,9
2743,0.019,0.454,9
2744,0.396,0.379,9
2745,0.689,0.339,9
2746,-0.576,0.577,9
2747,-0.209,0.491,9
2748,-0.252,0.5,9
2750,0.625,0.35,9
2751,-1.01,0.678,9
2752,-1.01,0.678,9
2753,-0.025,0.463,9
2754,0.059,0.44,9
2755,-1.01,0.678,9
2756,-0.435,0.534,9
2758,-0.576,0.577,9
2759,0.276,0.409,9
2762,-0.103,0.483,9
2763,0.81,0.327,9
2764,-0.974,0.696,9
2765,-0.344,0.511,9
2766,0.717,0.344,9
2767,-1.01,0.678,9
2768,-0.532,0.563,9
2769,0.605,0.366,9
2770,-1.01,0.678,9
2771,0.686,0.337,9
2772,-0.624,0.587,9
2773,0.08,0.441,9
2774,0.119,0.416,9
2775,1.77,0.267,9
2776,0.855,0.328,9
2777,-1.01,0.678,9
2779,-1.01,0.678,9
2780,1.074,0.296,9
2781,1.222,0.297,9
2784,1.255,0.294,9
2785,-0.127,0.47,9
2786,1.909,0.26,9
2787,-1.01,0.678,9
2789,1.139,0.333,9
2790,-0.264,0.512,9
2791,0.044,0.452,9
2792,-1.01,0.678,9
2793,0.467,0.367,9
2794,0.22,0.422,9
2795,-0.138,0.474,9
2796,0.042,0.431,9
2797,-0.145,0.485,9
2798,1.827,0.258,9
2799,-1.01,0.678,9
2800,0.783,0.337,9
2801,3.743,0.272,9
2802,0.289,0.404,9
2804,0.764,0.336,9
2805,1.258,0.293,9
2806,-1.01,0.678,9
2807,-1.01,0.678,9
2808,0.581,0.347,9
2809,-0.054,0.457,9
2810,-1.01,0.678,9
2811,0.278,0.407,9
2812,-1.01,0.678,9
2813,1.599,0.272,9
2814,-1.01,0.678,9
2815,-0.233,0.504,9
2816,0.931,0.308,9
2817,0.213,0.427,9
2818,-0.576,0.577,9
2819,-0.624,0.587,9
2820,-1.01,0.678,9
2821,-0.21,0.493,9
2823,0.5,0.372,9
2824,-0.132,0.474,9
2825,-1.01,0.678,9
2826,-0.229,0.497,9
2827,-0.128,0.472,9
2828,-1.01,0.678,9
2829,0.487,0.366,9
2830,0.453,0.375,9
2832,-0.576,0.577,9
2833,-0.176,0.488,9
2835,0.475,0.378,9
2836,0.268,0.432,9
2837,0.027,0.452,9
2838,0.107,0.43,9
2839,-0.097,0.468,9
2840,2.148,0.251,9
2842,0.622,0.358,9
2843,0.683,0.359,9
2844,1.619,0.268,9
2845,0.878,0.33,9
2847,0.607,0.35,9
2848,1.663,0.271,9
2849,1.464,0.281,9
2850,1.304,0.279,9
2851,1.676,0.259,9
2853,-0.624,0.587,9
2854,-1.01,0.678,9
2855,-0.576,0.577,9
2857,-1.01,0.678,9
2858,-0.451,0.539,9
2859,0.444,0.386,9
2861,0.757,0.341,9
2862,0.178,0.425,9
2865,1.552,0.273,9
2866,0.674,0.35,9
2867,0.516,0.457,9
2869,0.65,0.339,9
2870,0.482,0.371,9
2871,-0.21,0.493,9
2872,-1.01,0.678,9
2874,0.008,0.465,9
2875,-0.942,0.688,9
2876,-0.252,0.5,9
2880,0.108,0.432,9
2881,0.634,0.354,9
2882,-0.576,0.577,9
2883,0.875,0.317,9
2884,0.541,0.366,9
2885,0.216,0.432,9
2886,0.209,0.426,9
2889,-0.499,0.552,9
2890,0.998,0.31,9
2891,-0.233,0.504,9
2892,0.405,0.372,9
2893,0.246,0.402,9
2894,0.987,0.299,9
2895,-0.121,0.473,9
2896,0.209,0.426,9
2897,1.327,0.282,9
2898,0.264,0.395,9
2901,0.794,0.333,9
2903,-0.336,0.523,9
2904,0.031,0.45,9
2906,1.14,0.299,9
2907,0.106,0.431,9
2908,-1.01,0.678,9
2909,-0.005,0.461,9
2911,-0.344,0.511,9
2912,0.062,0.443,9
2913,0.099,0.438,9
2914,1.549,0.269,9
2915,2.246,0.25,9
2916,-1.01,0.678,9
2917,-1.01,0.678,9
2918,0.025,0.454,9
2919,-0.258,0.514,9
2920,-1.01,0.678,9
2922,-1.01,0.678,9
2923,-0.179,0.493,9
2925,-0.139,0.474,9
2926,0.689,0.333,9
2927,-0.599,0.578,9
2928,0.398,0.385,9
2929,0.402,0.382,9
2930,0.173,0.419,9
2931,0.887,0.323,9
2933,1.476,0.275,9
2934,2.626,0.249,9
2936,-0.452,0.562,9
2937,2.1,0.251,9
2939,0.059,0.447,9
2940,-0.451,0.539,9
2941,1.223,0.296,9
2942,-1.01,0.678,9
2943,0.86,0.327,9
2944,-1.01,0.678,9
2945,1.741,0.268,9
2946,-1.01,0.678,9
2947,-0.184,0.489,9
2949,0.352,0.394,9
2950,-0.576,0.577,9
2951,-1.01,0.678,9
2952,0.143,0.426,9
2955,-1.01,0.678,9
2956,-0.366,0.517,9
2957,-0.025,0.466,9
2958,0.019,0.454,9
2959,-0.036,0.451,9
2960,-0.207,0.497,9
2962,-0.097,0.468,9
2963,-0.265,0.506,9
2964,-0.138,0.474,9
2965,-0.435,0.534,9
2966,1.439,0.281,9
2968,-1.01,0.678,9
2969,0.938,0.307,9
2970,-0.624,0.587,9
2971,0.337,0.393,9
2973,0.015,0.456,9
2974,1.367,0.276,9
2976,0.64,0.353,9
2977,1.147,0.307,9
2979,0.385,0.385,9
2980,0.781,0.335,9
2981,1.147,0.304,9
2982,0.981,0.315,9
10182,0.053,0.443,9
2985,-1.01,0.678,10
2986,0.837,0.329,10
2987,0.954,0.321,10
2988,2.239,0.25,10
2989,0.847,0.332,10
2992,0.434,0.387,10
2993,0.593,0.357,10
2994,0.056,0.43,10
2995,-0.178,0.486,10
2997,0.392,0.392,10
2998,-0.025,0.447,10
2999,0.254,0.415,10
3002,-0.942,0.688,10
3003,0.283,0.407,10
3005,-0.523,0.557,10
3006,-1.01,0.678,10
3009,0.599,0.342,10
3010,1.441,0.274,10
3011,1.201,0.3,10
3012,-0.113,0.472,10
3014,-1.01,0.678,10
3015,0.899,0.327,10
3016,-0.005,0.461,10
3017,-0.624,0.587,10
3018,-0.532,0.563,10
3020,1.048,0.303,10
3021,-0.624,0.587,10
3022,0.918,0.327,10
3023,-0.496,0.553,10
3024,-0.366,0.517,10
3026,-1.01,0.678,10
3027,-0.624,0.587,10
3029,-0.246,0.502,10
3030,0.209,0.426,10
3031,0.013,0.451,10
3033,-0.025,0.447,10
3034,0.042,0.431,10
3036,1.012,0.317,10
3037,-1.01,0.678,10
3039,-1.01,0.678,10
3040,0.685,0.34,10
3041,-1.01,0.678,10
3043,-0.599,0.578,10
3044,-0.496,0.553,10
3045,0.558,0.36,10
3046,0.317,0.403,10
3047,0.56,0.362,10
3048,0.929,0.313,10
3049,-0.296,0.522,10
3052,-1.01,0.678,10
3054,1.118,0.298,10
3055,0.488,0.369,10
3056,0.398,0.382,10
3057,0.247,0.417,10
3058,1.064,0.31,10
3059,-1.01,0.678,10
3060,-1.01,0.678,10
3061,2.088,0.256,10
3062,-0.624,0.587,10
3063,-1.01,0.678,10
3064,0.386,0.373,10
3066,0.084,0.441,10
3067,0.69,0.348,10
3068,0.158,0.431,10
3069,0.717,0.339,10
3071,-0.317,0.522,10
3072,1.356,0.286,10
3075,0.026,0.461,10
3076,0.27,0.406,10
3077,0.85,0.331,10
3081,0.273,0.403,10
3082,1.546,0.269,10
3083,0.336,0.408,10
3084,-1.01,0.678,10
3085,-1.01,0.678,10
3088,-0.197,0.488,10
3089,1.185,0.293,10
3090,0.846,0.323,10
3091,1.311,0.291,10
3093,0.329,0.404,10
3095,0.743,0.351,10
3096,0.475,0.376,10
3097,-1.01,0.678,10
3098,-1.01,0.678,10
3099,-1.01,0.678,10
3107,0.4,0.382,10
3109,-0.229,0.48,10
3110,-0.435,0.534,10
3111,0.59,0.364,10
3113,0.73,0.339,10
3114,-0.624,0.587,10
3115,0.091,0.439,10
3116,-0.483,0.556,10
3119,-0.435,0.534,10
3120,0.711,0.342,10
3122,-0.138,0.474,10
3123,-1.01,0.678,10
3124,0.271,0.383,10
3127,-0.523,0.557,10
3128,-1.01,0.678,10
3130,1.268,0.284,10
3131,1.164,0.281,10
3132,-0.058,0.473,10
3133,0.533,0.373,10
3134,0.04,0.451,10
3135,-0.499,0.552,10
3136,0.5,0.368,10
3138,0.639,0.339,10
3139,0.392,0.396,10
3142,0.251,0.417,10
3143,0.485,0.352,10
3144,0.612,0.362,10
3145,0.817,0.337,10
3147,-1.01,0.678,10
3148,-0.207,0.497,10
3150,0.263,0.401,10
3151,0.57,0.363,10
3152,-0.451,0.539,10
3154,0.23,0.405,10
3156,-0.221,0.508,10
3159,-1.01,0.678,10
3160,-0.532,0.563,10
3161,-1.01,0.678,10
3163,0.788,0.327,10
3164,0.561,0.363,10
3165,0.8,0.335,10
3167,-1.01,0.678,10
3168,-1.01,0.678,10
3169,0.909,0.323,10
3170,-0.184,0.489,10
3171,-1.01,0.678,10
3172,0.124,0.431,10
3173,-1.01,0.678,10
3174,-0.269,0.51,10
3175,0.312,0.398,10
3177,-0.178,0.486,10
3181,-1.01,0.678,10
3183,-0.029,0.446,10
3184,-0.576,0.577,10
3185,-0.075,0.462,10
3186,0.33,0.398,10
3187,-0.532,0.563,10
3190,0.169,0.424,10
3191,-0.507,0.564,10
3192,0.346,0.392,10
3193,-0.576,0.577,10
3194,-0.356,0.513,10
3195,1.08,0.308,10
3196,-0.942,0.688,10
3197,-0.207,0.497,10
3198,0.958,0.321,10
3199,0.826,0.317,10
3200,0.102,0.45,10
3201,-1.01,0.678,10
3202,-1.01,0.678,10
3203,1.552,0.271,10
3204,1.722,0.262,10
3206,0.813,0.328,10
3209,-0.08,0.475,10
3212,0.575,0.347,10
3213,0.591,0.359,10
3214,0.693,0.352,10
3215,-1.01,0.678,10
3217,-0.126,0.487,10
3218,0.04,0.444,10
3220,-1.01,0.678,10
3221,0.696,0.351,10
3222,4.915,0.413,10
3223,0.251,0.405,10
3225,-1.01,0.678,10
3226,0.119,0.416,10
3227,0.446,0.374,10
3228,0.99,0.309,10
3230,-0.99,0.684,10
3231,0.353,0.394,10
3232,0.234,0.405,10
3233,-1.01,0.678,10
3234,0.228,0.405,10
3235,0.674,0.33,10
3236,0.651,0.345,10
3238,0.231,0.407,10
3239,-0.496,0.553,10
3240,-0.624,0.587,10
3242,-1.01,0.678,10
3243,0.305,0.409,10
3244,0.995,0.316,10
3245,-0.211,0.497,10
3247,0.43,0.385,10
3248,0.192,0.435,10
3249,0.673,0.353,10
3253,0.407,0.379,10
3254,0.056,0.444,10
3256,0.512,0.359,10
3257,-1.01,0.678,10
3258,0.712,0.345,10
3259,-0.435,0.534,10
3260,0.993,0.301,10
3261,-0.285,0.513,10
3264,-0.187,0.469,10
3265,-1.01,0.678,10
3266,-1.01,0.678,10
3268,0.26,0.387,10
3270,0.931,0.317,10
3271,0.591,0.353,10
3272,-1.01,0.678,10
3273,-0.177,0.485,10
3274,-1.01,0.678,10
3275,0.665,0.332,10
3276,0.229,0.415,10
3279,-0.074,0.459,10
3280,1.185,0.293,10
3281,0.937,0.313,10
3282,2.042,0.252,10
3283,-0.576,0.577,10
3284,-0.599,0.578,10
3285,0.331,0.372,10
3286,-0.942,0.688,10
3287,1.019,0.316,10
3288,-0.868,0.697,10
3289,-0.532,0.563,10
3290,-0.285,0.513,10
3291,-0.009,0.446,10
3292,0.935,0.303,10
3294,-1.01,0.678,10
3295,0.799,0.335,10
3296,0.31,0.397,10
3297,-0.523,0.557,10
3298,-0.025,0.466,10
3299,-0.017,0.443,10
3301,-1.01,0.678,10
3306,0.172,0.42,10
3307,0.031,0.45,10
3310,0.989,0.318,10
3311,1.174,0.297,10
3312,0.4,0.381,10
3313,-0.532,0.563,10
3314,1.142,0.3,10
3315,-1.01,0.678,10
3316,0.134,0.423,10
3318,1.137,0.31,10
3319,-0.618,0.583,10
3321,-0.13,0.456,10
3322,-0.451,0.539,10
3324,0.23,0.416,10
3326,0.744,0.347,10
3327,1.249,0.287,10
3330,-1.01,0.678,10
3336,1.263,0.3,11
3340,0.426,0.379,11
3341,-0.025,0.463,11
3342,0.041,0.434,11
3344,0.803,0.32,11
3345,0.726,0.337,11
3346,0.905,0.326,11
3347,0.264,0.416,11
3350,1.049,0.29,11
3352,0.188,0.423,11
3354,-0.177,0.485,11
3355,-0.532,0.563,11
3358,0.34,0.38,11
3360,-0.435,0.534,11
3361,1.826,0.262,11
3362,-0.203,0.492,11
3364,1.357,0.276,11
3366,-0.499,0.552,11
3372,-0.285,0.513,11
3374,-0.576,0.577,11
3377,-0.245,0.5,11
3378,0.622,0.35,11
3382,0.485,0.352,11
3384,0.556,0.36,11
3386,0.798,0.326,11
3387,-1.01,0.678,11
3388,-0.618,0.583,11
3389,1.832,0.257,11
3390,-1.01,0.678,11
3392,-1.01,0.678,11
3394,-1.01,0.678,11
3397,0.242,0.401,11
3398,-0.233,0.504,11
3399,-0.165,0.484,11
3402,0.191,0.427,11
3404,0.169,0.402,11
3405,-1.01,0.678,11
3406,1.762,0.262,11
3407,-0.054,0.457,11
3408,-0.409,0.529,11
3411,1.299,0.285,11
3412,-1.01,0.678,11
3414,-0.356,0.513,11
3415,1.446,0.279,11
3416,-1.01,0.678,11
3418,0.588,0.354,11
3419,-1.01,0.678,11
3420,0.299,0.402,11
3421,0.434,0.353,11
3422,0.292,0.391,11
3423,0.48,0.373,11
3424,0.509,0.37,11
3428,-1.01,0.678,11
3430,0.125,0.425,11
3432,-0.224,0.499,11
3433,0.398,0.382,11
3434,-1.01,0.678,11
3435,1.484,0.276,11
3437,0.023,0.421,11
3438,1.07,0.308,11
3439,-0.209,0.491,11
3440,-0.025,0.466,11
3441,-0.599,0.578,11
3443,1.22,0.292,11
3445,1.294,0.279,11
3446,-1.01,0.678,11
3448,0.472,0.376,11
3450,-1.01,0.678,11
3451,-0.532,0.563,11
3452,-0.165,0.484,11
3455,-0.532,0.563,11
3456,0.894,0.328,11
3457,0.36,0.386,11
3458,-0.564,0.582,11
3460,0.835,0.321,11
3461,-1.01,0.678,11
3462,0.38,0.393,11
3463,-0.435,0.534,11
3464,0.447,0.381,11
3465,-0.576,0.577,11
3466,0.834,0.33,11
3467,-1.01,0.678,11
3469,0.807,0.333,11
3516,1.224,0.297,11
3517,-0.069,0.473,11
3519,0.201,0.41,11
3520,-1.01,0.678,11
3521,-0.552,0.592,11
3522,1.653,0.265,11
3523,0.133,0.427,11
3525,1.042,0.299,11
3526,-0.356,0.513,11
3528,-0.234,0.51,11
3531,0.888,0.325,11
3532,-0.128,0.472,11
3534,0.553,0.357,11
3536,0.417,0.379,11
3537,1.892,0.281,11
3538,1.247,0.284,11
3539,0.788,0.336,11
3540,0.879,0.324,11
3541,1.569,0.272,11
3544,0.501,0.371,11
3546,0.404,0.381,11
3548,-0.532,0.563,11
3549,-0.618,0.583,11
3551,-1.01,0.678,11
3552,1.557,0.268,11
3553,4.915,0.413,11
3555,-0.532,0.563,11
3556,0.04,0.451,11
3557,-0.242,0.503,11
3559,0.239,0.4,11
3560,-0.3,0.52,11
3561,-0.234,0.51,11
3562,-0.624,0.587,11
3563,0.714,0.357,11
3564,-0.451,0.539,11
3569,-0.957,0.685,11
3570,1.782,0.261,11
3571,-0.242,0.503,11
3572,1.159,0.302,11
3575,1.52,0.275,11
3576,-0.233,0.504,11
3577,-0.451,0.539,11
3578,1.923,0.253,11
3579,0.807,0.336,11
3582,-0.165,0.484,11
3583,-0.128,0.475,11
3584,0.271,0.407,11
3585,-1.01,0.678,11
3587,-0.002,0.454,11
3588,0.332,0.391,11
3589,0.974,0.313,11
3590,-0.624,0.587,11
3594,0.809,0.329,11
3595,1.525,0.276,11
3596,1.023,0.312,11
3597,1.055,0.305,11
3598,0.863,0.324,11
3599,-1.01,0.678,11
3600,-0.336,0.523,11
3601,-0.576,0.577,11
3602,-0.269,0.51,11
3604,0.772,0.322,11
3607,0.44,0.376,11
3610,1.27,0.287,11
3611,0.33,0.395,11
3615,-0.285,0.513,11
3616,1.01,0.317,11
3617,-0.618,0.583,11
3619,-1.01,0.678,11
3620,-0.229,0.48,11
3622,-0.435,0.534,11
3624,0.967,0.305,11
3625,-0.207,0.497,11
3626,1.214,0.295,11
3630,-1.01,0.678,11
3634,0.556,0.362,11
3635,-0.532,0.563,11
3636,0.773,0.342,11
3637,0.275,0.394,11
3638,0.038,0.449,11
3640,0.334,0.378,11
3643,-1.01,0.678,11
3644,-0.23,0.5,11
3646,-0.229,0.48,11
3647,0.462,0.377,11
3650,0.046,0.446,11
3651,-1.01,0.678,11
3653,-1.01,0.678,11
3654,1.118,0.296,11
10193,-0.435,0.534,11
3658,0.816,0.327,11
3661,0.346,0.402,11
3662,0.376,0.389,11
3663,0.785,0.33,11
3666,1.726,0.269,11
3667,0.097,0.42,11
3673,-1.01,0.678,11
3716,-1.01,0.678,14
3717,-0.532,0.563,14
3718,1.497,0.273,14
3719,1.307,0.286,14
3720,0.445,0.376,14
3722,0.178,0.416,14
3723,0.982,0.312,14
3724,0.318,0.392,14
3725,-0.523,0.557,14
3726,-0.181,0.489,14
3727,0.021,0.438,14
3728,-1.01,0.678,14
3729,0.247,0.399,14
3730,0.503,0.35,14
3733,0.225,0.405,14
3735,0.01,0.439,14
3737,-0.064,0.459,14
3738,1.206,0.289,14
3739,0.205,0.425,14
3740,1.374,0.279,14
3741,-0.451,0.539,14
3742,-0.259,0.518,14
3744,2.252,0.255,14
3747,-1.01,0.678,14
3748,2.014,0.253,14
3751,-0.435,0.534,14
3754,0.369,0.397,14
3755,1.531,0.267,14
3756,0.247,0.417,14
3757,-0.104,0.486,14
3758,0.44,0.376,14
3759,-0.461,0.555,14
3760,-1.01,0.678,14
3761,0.564,0.365,14
3762,-0.599,0.578,14
3763,-0.599,0.578,14
3766,1.304,0.283,14
3767,-1.01,0.678,14
3768,-1.01,0.678,14
3769,-0.532,0.563,14
3770,-0.207,0.497,14
3771,1.566,0.267,14
3772,-1.01,0.678,14
3773,-0.057,0.469,14
3776,-1.01,0.678,14
3777,0.612,0.36,14
3778,1.641,0.272,14
3779,0.046,0.445,14
3780,-1.01,0.678,14
3782,1.851,0.261,14
3783,-1.01,0.678,14
3785,-0.198,0.489,14
3786,0.165,0.42,14
3787,-0.523,0.557,14
3788,-0.178,0.486,14
3790,-0.461,0.555,14
3791,0.264,0.409,14
3792,-0.3,0.52,14
3793,1.841,0.256,14
3794,-0.176,0.488,14
3795,0.341,0.406,14
3796,-0.23,0.5,14
3798,-1.01,0.678,14
3799,0.688,0.348,14
3802,-0.149,0.477,14
3803,0.411,0.369,14
3805,2.275,0.254,14
3806,0.119,0.416,14
3807,0.658,0.353,14
3809,0.207,0.423,14
3811,-1.01,0.678,14
3812,-0.532,0.563,14
3813,-0.3,0.52,14
3815,0.22,0.422,14
3816,0.948,0.32,14
3817,0.702,0.345,14
3820,-0.435,0.534,13
3821,0.451,0.383,13
3822,-0.496,0.553,13
3823,0.39,0.382,13
3829,-0.151,0.481,13
3833,-1.01,0.678,13
3834,-0.532,0.563,13
3837,0.08,0.441,13
3838,1.023,0.317,13
3840,-1.01,0.678,13
3842,0.217,0.41,13
3844,-1.01,0.678,13
3845,0.387,0.387,13
3846,0.537,0.368,13
3847,-0.025,0.466,13
3849,1.291,0.281,13
3850,-0.599,0.578,13
3851,-1.01,0.678,13
3852,0.943,0.322,13
3853,-0.532,0.563,13
3854,-0.496,0.553,13
3855,0.415,0.39,13
3858,0.01,0.439,13
3860,1.616,0.269,13
3862,-1.01,0.678,13
3865,0.922,0.326,13
3866,-0.356,0.513,13
3868,0.184,0.415,13
3869,-0.496,0.553,13
3870,0.951,0.322,13
3871,0.167,0.434,13
3872,-0.624,0.587,13
3873,-0.599,0.578,13
3874,-1.01,0.678,13
3875,1.387,0.279,13
3876,0.267,0.399,13
3877,-0.069,0.473,13
3878,-0.19,0.508,13
3879,-0.618,0.583,13
3880,-1.01,0.678,13
3882,-0.025,0.447,13
3883,-0.179,0.493,13
3884,-1.01,0.678,13
3885,0.104,0.405,13
3886,-1.01,0.678,13
3887,0.335,0.397,13
3889,0.094,0.446,13
3890,-0.285,0.513,13
3891,-1.01,0.678,13
3893,-0.203,0.492,13
3894,0.232,0.394,13
3895,-0.617,0.584,13
3896,0.944,0.323,13
3898,2.174,0.286,13
3899,-1.01,0.678,13
3900,-0.462,0.558,13
3901,-0.461,0.555,13
3902,0.176,0.414,13
3903,-0.16,0.494,13
3904,0.518,0.372,13
3905,0.945,0.312,13
3906,0.803,0.341,13
3907,-0.441,0.565,13
3909,-0.435,0.534,13
3911,1.168,0.298,13
3912,0.809,0.332,13
3914,0.08,0.441,13
3915,-0.165,0.484,13
3916,0.382,0.386,13
3917,0.392,0.383,12
3918,-0.461,0.555,12
3919,-0.532,0.563,12
3920,1.073,0.304,12
3921,-0.444,0.559,12
3922,0.823,0.33,12
3924,-0.104,0.474,12
3926,-0.618,0.583,12
3927,0.233,0.413,12
3928,-1.01,0.678,12
3929,0.647,0.349,12
3930,-1.01,0.678,12
3932,-1.01,0.678,12
3933,-1.01,0.678,12
3934,0.056,0.444,12
3935,0.851,0.326,12
3936,1.221,0.29,12
3937,1.329,0.283,12
3939,0.567,0.363,12
3940,-1.01,0.678,12
3942,-1.01,0.678,12
3943,1.156,0.295,12
3944,-0.942,0.688,12
3945,1.191,0.294,12
3946,0.412,0.388,12
3947,1.006,0.312,12
3949,-0.624,0.587,12
3950,-1.01,0.678,12
3951,1.094,0.299,12
3953,-0.983,0.683,12
3955,-1.01,0.678,12
3956,-0.217,0.485,12
3957,-1.01,0.678,12
3958,1.205,0.306,12
3962,0.994,0.314,12
3963,0.594,0.377,12
3965,1.749,0.271,12
3966,0.612,0.352,12
3970,1.217,0.289,12
3973,1.253,0.289,12
3974,-0.576,0.577,12
3975,-0.009,0.446,12
3976,0.522,0.37,12
3977,0.159,0.422,12
3979,0.41,0.378,12
3983,-0.435,0.534,12
3985,-1.01,0.678,12
3986,0.335,0.395,12
3987,-0.346,0.517,12
3990,-1.01,0.678,12
3991,0.601,0.354,12
3993,-1.01,0.678,12
3996,0.577,0.358,12
3998,0.311,0.389,12
3999,-0.245,0.5,12
4002,0.934,0.312,12
4003,0.956,0.32,12
4004,-0.233,0.504,12
4005,1.879,0.261,12
4006,-1.01,0.678,12
4008,1.224,0.286,12
4009,1.414,0.28,12
4011,-0.242,0.503,12
4013,2.015,0.253,12
4015,-1.01,0.678,12
4017,-1.01,0.678,12
4018,-0.618,0.583,12
4019,0.902,0.323,12
4020,0.609,0.337,12
4021,1.548,0.276,12
4022,1.972,0.256,12
4024,-0.532,0.563,12
4025,1.001,0.306,12
4028,-0.062,0.474,12
4034,0.501,0.366,12
4036,0.502,0.372,12
4037,-0.576,0.577,12
4038,-0.624,0.587,12
4039,-0.181,0.489,12
4041,-1.01,0.678,12
4042,-0.207,0.497,12
4043,-1.01,0.678,12
4044,0.351,0.403,12
4045,-0.576,0.577,12
4052,1.444,0.282,12
4058,-0.572,0.578,12
4059,0.139,0.427,12
4060,0.757,0.337,12
4061,1.044,0.302,12
4062,-1.01,0.678,12
4063,0.722,0.335,12
4067,1.328,0.315,12
4068,0.467,0.38,12
4069,-0.181,0.489,12
4071,1.161,0.295,12
4072,-0.21,0.493,12
4074,0.469,0.378,12
4075,-1.01,0.678,12
4076,-1.01,0.678,12
4078,0.785,0.356,12
4079,-0.576,0.577,12
4080,1.288,0.279,12
4081,-1.01,0.678,12
4082,0.008,0.465,12
4083,-0.242,0.503,12
4084,0.615,0.357,12
4086,-0.207,0.497,12
4087,0.286,0.4,12
4089,0.649,0.354,12
4090,1.015,0.313,12
4091,0.55,0.375,12
4093,-0.187,0.469,12
4095,-0.599,0.578,12
4096,0.173,0.43,12
4097,0.945,0.308,12
4098,-0.317,0.522,12
4100,0.233,0.416,12
4102,0.725,0.343,12
4103,-0.624,0.587,12
4105,0.316,0.401,12
4106,-1.01,0.678,12
4107,-0.496,0.553,12
4109,-0.181,0.489,12
4112,-1.01,0.678,12
4113,0.638,0.356,12
4114,1.023,0.309,12
4115,0.88,0.319,12
4116,0.025,0.45,12
4117,-0.025,0.466,12
4118,0.013,0.461,12
4120,-0.009,0.461,12
4121,-1.01,0.678,12
4124,0.771,0.342,12
4125,-0.624,0.587,12
4126,0.044,0.452,12
4127,-1.01,0.678,12
4129,-0.172,0.487,12
4130,0.235,0.418,12
4131,0.818,0.309,12
4133,-0.461,0.555,12
4134,0.901,0.312,12
4135,0.401,0.384,12
4136,1.3,0.278,12
4137,0.639,0.359,12
4138,0.384,0.383,12
4143,1.532,0.274,12
4144,2.205,0.252,12
4145,1.085,0.306,12
4146,1.287,0.282,12
4148,0.602,0.341,12
4149,0.038,0.448,12
4150,-0.409,0.529,12
4152,0.579,0.361,12
4153,1.129,0.298,12
4155,-0.532,0.563,12
4157,-0.451,0.539,12
4158,0.767,0.339,12
4160,0.157,0.434,12
4161,0.059,0.447,12
4163,-0.145,0.485,12
4164,-0.576,0.577,12
4166,0.411,0.369,12
4168,-0.496,0.553,12
4169,0.093,0.43,12
4171,-0.532,0.563,12
4172,0.406,0.389,12
4173,0.714,0.334,12
4174,-0.242,0.503,12
4175,0.889,0.322,12
4176,1.895,0.251,12
4177,0.98,0.306,12
4178,-0.532,0.563,12
4180,0.04,0.437,12
4182,-0.233,0.504,12
4183,-1.01,0.678,12
4184,0.305,0.39,12
4185,0.603,0.35,12
4187,-1.01,0.678,12
4188,1.153,0.295,12
4189,-1.01,0.678,12
4191,-0.094,0.527,12
4192,-0.09,0.466,12
4194,0.075,0.426,12
4196,0.822,0.34,12
4197,0.084,0.441,12
4198,-0.523,0.557,12
4199,0.789,0.335,12
4200,0.044,0.452,12
4201,-0.532,0.563,12
4202,0.267,0.411,12
4203,-1.01,0.678,12
4204,1.295,0.28,12
4207,-0.532,0.563,12
4208,-1.01,0.678,12
4210,0.452,0.361,12
4211,-1.01,0.678,12
4212,0.622,0.35,12
4213,-1.01,0.678,12
4214,-0.496,0.553,12
4215,-0.576,0.577,12
4216,1.358,0.283,12
4217,0.934,0.322,12
4220,0.537,0.367,12
4221,-0.942,0.688,12
4222,0.319,0.397,12
4224,0.167,0.432,12
4226,-1.01,0.678,12
4229,-0.576,0.577,12
4230,-0.523,0.557,12
4233,-1.01,0.678,12
4238,0.943,0.309,12
4240,-0.532,0.563,12
4241,1.304,0.289,12
4242,0.26,0.415,12
4243,0.068,0.428,12
10134,-0.005,0.461,17
10091,0.04,0.449,17
10105,-0.576,0.577,17
4251,0.851,0.326,17
4253,-1.01,0.678,17
4254,0.75,0.34,17
10094,-0.064,0.458,17
4256,-0.576,0.577,17
10233,-0.198,0.489,17
10166,0.011,0.464,17
10118,-0.025,0.466,17
4260,0.839,0.318,17
4262,-0.265,0.506,17
4264,-1.01,0.678,17
10111,0.6,0.362,17
4267,0.997,0.311,17
10181,-0.207,0.497,17
10108,-1.01,0.678,17
4270,0.352,0.388,17
4272,0.598,0.355,17
4274,-0.435,0.534,17
4275,0.269,0.41,17
4276,-0.576,0.577,17
4277,0.08,0.444,17
10119,1.032,0.307,17
10163,0.205,0.425,17
10133,-0.503,0.582,17
4281,0.901,0.314,17
10123,-1.01,0.678,17
10143,-0.624,0.587,17
10180,0.408,0.377,17
10160,0.739,0.346,17
4287,-1.01,0.678,17
10158,-0.233,0.504,17
10097,0.25,0.416,17
10113,0.505,0.371,17
4291,0.235,0.406,17
10106,-1.01,0.678,17
4294,-0.576,0.577,17
4296,-1.01,0.678,17
10135,-1.01,0.678,17
4299,0.754,0.338,17
10174,0.579,0.361,17
4301,-1.01,0.678,17
4304,1.619,0.269,17
4306,0.139,0.411,17
4308,-0.176,0.488,17
4309,-1.01,0.678,17
10102,0.6,0.355,17
10138,0.231,0.418,17
4314,-0.488,0.567,17
4315,0.342,0.404,17
10175,1.083,0.305,17
4318,0.521,0.357,17
4319,-1.01,0.678,17
4320,0.362,0.377,17
4321,0.964,0.318,17
10171,0.665,0.343,17
4324,0.193,0.412,17
10129,0.31,0.4,17
10156,-0.532,0.563,17
10227,0.044,0.452,17
10112,0.031,0.45,17
10147,-1.01,0.678,17
10124,-0.624,0.587,17
4333,-0.181,0.489,17
4334,0.353,0.392,17
10139,-1.01,0.678,17
10122,0.203,0.413,17
10179,0.403,0.382,17
10140,-1.01,0.678,17
10132,-0.496,0.553,17
4340,0.663,0.344,17
4341,-1.01,0.678,17
4342,1.417,0.283,17
10167,-1.01,0.678,17
10161,1.028,0.305,17
4345,0.027,0.452,15
4346,0.587,0.348,15
4347,0.4,0.393,15
4348,-1.01,0.678,15
4349,-0.624,0.587,15
10202,0.427,0.39,15
10192,-0.523,0.557,15
4353,0.548,0.357,15
4354,-0.265,0.506,15
4355,-1.01,0.678,15
10232,0.904,0.327,15
4358,0.628,0.348,15
4360,1.507,0.271,15
10206,0.374,0.384,15
4363,0.948,0.314,15
10211,0.638,0.354,15
10207,-1.01,0.678,15
4366,0.477,0.359,15
10230,-1.01,0.678,15
10205,0.251,0.412,15
10221,-1.01,0.678,15
4372,0.384,0.395,15
4373,-0.179,0.493,15
4374,0.423,0.364,15
4375,0.458,0.368,15
4378,1.529,0.272,15
4382,1.148,0.294,15
4385,-1.01,0.678,15
10209,0.974,0.315,15
10198,0.804,0.336,15
10208,-0.111,0.488,15
4392,-0.552,0.592,15
10215,0.503,0.371,15
4395,-0.624,0.587,15
4403,-1.01,0.678,15
4404,-0.624,0.587,15
10229,-1.01,0.678,15
4409,0.944,0.321,15
4411,-0.376,0.541,15
4413,-0.532,0.563,15
4414,-0.624,0.587,15
10200,-1.01,0.678,15
10214,0.619,0.349,15
4422,-0.139,0.495,15
10199,0.532,0.364,15
4426,-0.056,0.465,15
10224,0.811,0.331,15
10220,-1.01,0.678,15
4430,-1.01,0.678,15
4433,0.943,0.309,15
4435,1.408,0.284,15
4436,-1.01,0.678,15
4438,-0.242,0.503,15
4439,0.201,0.417,15
10194,-0.021,0.462,15
4441,-1.01,0.678,15
10226,0.582,0.349,15
10212,0.928,0.324,15
4447,0.247,0.415,15
10228,-0.624,0.587,15
4449,-1.01,0.678,15
10219,-1.01,0.678,15
4451,-0.496,0.553,15
4452,0.782,0.329,15
4453,-0.179,0.493,15
4454,4.915,0.413,15
4458,0.357,0.391,15
10195,-0.496,0.553,15
4460,0.163,0.42,15
4461,-1.01,0.678,15
4466,0.553,0.362,15
4468,0.28,0.381,15
4469,-0.599,0.578,15
4470,-1.01,0.678,15
4471,-0.233,0.504,15
4472,-0.618,0.583,15
4473,0.903,0.322,15
4474,0.394,0.383,15
4476,0.885,0.326,15
4478,-0.618,0.583,15
10204,0.04,0.451,15
4483,1.383,0.273,15
10234,-0.3,0.52,15
4490,1.166,0.306,15
10231,-0.097,0.468,15
10196,0.021,0.438,15
10216,-0.532,0.563,15
4497,0.049,0.432,15
4499,-0.181,0.489,15
4500,0.193,0.412,19
4502,0.886,0.328,19
4504,0.988,0.315,19
4506,-0.084,0.464,19
4507,0.744,0.312,19
4508,-0.233,0.504,19
4509,1.673,0.261,19
4510,-0.409,0.529,19
4511,-0.599,0.578,19
4512,1.397,0.281,19
4514,0.133,0.426,19
4515,0.376,0.389,19
4516,0.717,0.333,19
4518,0.814,0.323,19
4519,-0.197,0.488,19
4520,-0.618,0.583,19
4521,0.044,0.452,19
4522,0.574,0.366,19
4524,0.971,0.323,19
4525,1.001,0.306,19
4528,0.787,0.337,19
4530,1.157,0.296,19
4531,-0.269,0.51,19
4532,-0.073,0.46,19
4534,0.813,0.334,19
4535,0.73,0.331,19
4536,-1.01,0.678,19
4538,0.313,0.399,19
4539,-0.576,0.577,19
4540,-1.01,0.678,19
4541,-1.01,0.678,19
4542,0.041,0.434,19
4543,1.034,0.304,19
4544,0.952,0.311,19
4545,1.107,0.298,19
4547,0.461,0.379,19
4548,1.334,0.283,19
4550,0.283,0.403,19
4551,0.768,0.332,19
4552,1.387,0.279,19
4553,0.208,0.41,19
4554,-0.025,0.466,19
4555,-1.01,0.678,19
4556,1.08,0.292,19
4558,-1.01,0.678,19
4559,1.342,0.275,19
4560,0.279,0.407,19
4562,-1.01,0.678,19
4563,-0.151,0.481,19
4565,-0.451,0.539,19
4566,0.27,0.399,19
10235,0.559,0.366,19
4568,0.117,0.47,19
4569,0.87,0.318,19
4570,1.225,0.288,19
4571,0.224,0.424,19
4573,1.863,0.262,19
4574,0.657,0.356,19
4575,1.071,0.297,19
4576,-0.234,0.51,19
4577,-0.132,0.474,19
4578,-1.01,0.678,19
4581,1.436,0.282,19
4582,-0.3,0.52,19
4584,-0.624,0.587,19
4585,-0.532,0.563,19
4586,-0.624,0.587,19
4587,-0.451,0.539,19
4588,-0.138,0.474,19
4590,0.26,0.415,19
4591,0.269,0.41,19
4592,1.91,0.261,19
4593,0.694,0.348,19
4595,0.781,0.338,19
4596,0.683,0.353,19
4597,-0.409,0.529,19
4598,-1.01,0.678,19
4599,0.466,0.38,19
4600,0.425,0.394,20
4602,-1.01,0.678,20
4606,1.032,0.309,20
4607,-0.322,0.52,20
4608,-0.107,0.47,20
4609,0.79,0.342,20
4610,1.262,0.29,20
4612,-0.322,0.52,20
4613,0.249,0.421,20
4614,0.276,0.409,20
4615,0.631,0.359,20
4616,0.694,0.348,20
4618,1.114,0.311,20
4619,0.044,0.442,20
4620,-1.01,0.678,20
4623,-0.165,0.484,20
4625,-0.198,0.489,20
4626,-1.01,0.678,20
4627,0.562,0.373,20
4628,0.045,0.442,20
4629,1.35,0.29,20
4630,-0.229,0.48,20
4631,-1.01,0.678,20
4632,-0.031,0.449,20
4633,0.747,0.334,20
4634,0.46,0.371,20
4635,1.063,0.304,20
4636,0.539,0.351,20
4638,0.617,0.36,20
4639,-1.01,0.678,20
4640,0.709,0.355,20
4641,0.139,0.427,20
4643,0.595,0.362,20
4644,1.309,0.28,20
4645,-0.21,0.493,20
4646,-0.618,0.583,20
4647,-0.211,0.497,20
4648,1.823,0.257,20
4650,-0.532,0.563,20
4651,-0.523,0.557,20
4652,1.232,0.299,20
4653,-1.01,0.678,20
4654,0.816,0.339,20
4656,-0.128,0.475,20
4657,-0.523,0.557,20
4658,0.104,0.419,20
4659,0.512,0.349,20
4661,-0.025,0.466,20
4662,0.042,0.431,20
4663,0.54,0.366,20
4664,-1.01,0.678,20
4665,1.013,0.312,20
4667,0.078,0.425,20
4668,-0.3,0.52,20
4670,-0.242,0.503,20
4671,-1.01,0.678,20
4673,-0.576,0.577,20
4676,-1.01,0.678,20
4677,-1.01,0.678,20
4678,-0.366,0.517,20
4679,-1.01,0.678,20
4681,0.763,0.334,20
4682,1.911,0.26,20
4683,0.486,0.363,20
4684,-0.069,0.473,20
4685,0.209,0.426,20
4686,-1.01,0.678,20
4687,-0.264,0.503,20
4688,1.839,0.38,20
4690,-0.269,0.51,20
4692,-0.576,0.577,20
4693,0.049,0.428,20
4694,-1.01,0.678,20
4696,-0.496,0.553,20
4697,-1.01,0.678,20
4698,1.999,0.254,20
4699,0.874,0.324,16
4700,0.476,0.373,16
4701,-1.01,0.678,16
4702,0.517,0.36,16
4703,0.743,0.35,16
4704,0.74,0.334,16
4705,-0.178,0.486,16
10217,-1.01,0.678,16
4707,0.33,0.395,16
4709,0.594,0.362,16
4710,-0.624,0.587,16
4712,0.911,0.322,16
4714,-0.128,0.475,16
4715,0.028,0.437,16
4717,-0.624,0.587,16
4718,0.962,0.315,16
4719,-0.3,0.52,16
4720,-0.058,0.457,16
4721,-0.031,0.449,16
4722,0.365,0.39,16
4723,-0.568,0.58,16
4724,-0.451,0.539,16
4726,0.822,0.327,16
4727,0.203,0.421,16
4728,-0.451,0.539,16
4732,0.316,0.401,16
4733,-0.532,0.563,16
4735,0.583,0.36,16
4736,0.239,0.389,16
4738,-1.01,0.678,16
4739,1.128,0.298,16
4740,0.672,0.345,16
4741,1.482,0.275,16
4742,-0.176,0.488,16
4743,-1.01,0.678,16
4744,0.246,0.403,16
4746,-1.01,0.678,16
4747,-0.067,0.458,16
4748,-0.198,0.489,16
4749,0.23,0.407,16
4750,-0.234,0.51,16
4751,0.814,0.335,16
4752,-0.576,0.577,16
4753,-1.01,0.678,16
4754,-1.01,0.678,16
4756,0.103,0.435,16
4757,-1.01,0.678,16
4759,-0.499,0.552,16
4761,-1.01,0.678,16
4763,-1.01,0.678,16
4765,-1.01,0.678,16
4766,1.532,0.273,16
4767,-1.008,0.679,16
4768,-0.523,0.557,16
4769,-1.01,0.678,16
4770,0.445,0.384,16
4771,-1.01,0.678,16
4773,-0.119,0.47,16
4775,0.715,0.344,16
4776,0.196,0.424,16
4777,0.422,0.377,16
4779,-1.01,0.678,16
4780,-0.181,0.489,16
4781,-0.269,0.51,16
4783,0.28,0.411,16
4787,0.562,0.351,16
4788,-0.409,0.529,16
4790,-0.025,0.472,16
4793,-0.532,0.563,16
4794,0.251,0.389,16
4796,-1.01,0.678,16
4800,0.467,0.369,18
4801,-0.233,0.504,18
4802,1.035,0.313,18
4803,-0.618,0.583,18
4804,0.805,0.339,18
4805,1.405,0.287,18
4806,-1.01,0.678,18
4808,0.985,0.316,18
4809,-1.01,0.678,18
4810,0.386,0.383,18
4811,-0.41,0.535,18
4812,-1.01,0.678,18
4813,-1.01,0.678,18
4815,1.57,0.279,18
4816,1.412,0.286,18
4817,1.076,0.289,18
4818,0.702,0.346,18
4819,-0.229,0.48,18
4821,-1.01,0.678,18
4822,-0.134,0.486,18
4824,-0.269,0.51,18
4825,0.796,0.32,18
4826,-1.01,0.678,18
4829,2.483,0.25,18
4830,1.145,0.297,18
4831,1.103,0.301,18
4832,-0.499,0.552,18
4833,1.431,0.286,18
4835,-1.01,0.678,18
4836,1.528,0.279,18
4837,-0.618,0.583,18
4838,-0.461,0.555,18
4839,0.69,0.339,18
4840,-0.178,0.486,18
4841,-1.01,0.678,18
4843,0.724,0.334,18
4844,-0.121,0.471,18
4845,1.028,0.304,18
4846,-1.01,0.678,18
4847,-1.01,0.678,18
4848,0.75,0.32,18
4850,2.111,0.25,18
4851,-1.01,0.678,18
4852,-1.01,0.678,18
4853,1.557,0.271,18
4855,-1.01,0.678,18
4856,0.196,0.424,18
4857,1.308,0.288,18
4858,-0.576,0.577,18
4859,0.044,0.452,18
4860,-1.01,0.678,18
4861,0.47,0.38,18
4862,0.934,0.322,18
4863,-1.01,0.678,18
4864,-0.322,0.52,18
4865,0.752,0.336,18
4866,-1.01,0.678,18
4867,1.052,0.303,18
4868,-0.198,0.489,18
4871,-1.01,0.678,18
4872,0.529,0.367,18
4874,-1.01,0.678,18
4876,-0.118,0.472,18
4878,-1.01,0.678,18
4879,-0.366,0.517,18
4880,-0.005,0.461,18
4881,0.692,0.345,18
4883,0.766,0.336,18
4884,0.381,0.373,18
4885,-0.576,0.577,18
4886,-0.409,0.529,18
4888,-0.298,0.517,18
4889,-0.198,0.489,18
4891,0.486,0.374,18
4892,0.049,0.428,18
4893,0.955,0.3,18
4895,-0.298,0.517,18
4897,0.327,0.393,18