ff_id,Int9,Int9_SE
2,-0.204,0.486
4,0.389,0.386
5,2.222,0.273
6,-0.524,0.556
7,1.85,0.259
8,1.171,0.302
11,-1.008,0.674
19,0.932,0.314
20,0.268,0.394
22,-1.008,0.674
23,-0.39,0.539
24,0.81,0.321
31,1.731,0.267
34,-0.063,0.468
38,0.869,0.318
42,0.971,0.316
43,-0.941,0.684
44,-0.272,0.503
45,-0.467,0.539
46,-1.008,0.674
47,-1.008,0.674
49,0.541,0.352
52,-0.632,0.584
56,0.212,0.408
58,0.702,0.34
59,0.458,0.374
63,0.3,0.405
66,-1.008,0.674
68,-0.591,0.571
69,0.747,0.333
73,1.403,0.276
74,1.309,0.279
75,-1.008,0.674
77,0.009,0.448
83,-1.008,0.674
86,0.126,0.429
87,-0.164,0.464
88,1.129,0.315
89,-0.632,0.584
90,-0.983,0.676
91,0.89,0.325
93,-0.063,0.468
95,0.345,0.393
96,0.499,0.377
97,0.408,0.366
98,-0.591,0.571
*,-0.373,0.513
100,1.79,0.275
101,-0.139,0.469
102,-0.242,0.509
103,1.069,0.319
104,-1.008,0.674
105,0.004,0.447
106,-1.008,0.674
107,-0.434,0.543
109,-1.008,0.674
110,0.318,0.587
112,0.506,0.368
116,-1.008,0.674
117,1.126,0.305
118,0.764,0.341
122,-0.471,0.569
123,-1.008,0.674
125,1.144,0.297
126,-0.632,0.584
127,-1.008,0.674
128,-1.008,0.674
130,-0.514,0.553
132,-0.134,0.484
133,0.476,0.379
135,-1.008,0.674
137,0.391,0.389
139,0.841,0.323
144,0.056,0.427
146,-1.008,0.674
147,0.772,0.337
148,-1.008,0.674
149,0.947,0.314
150,1.366,0.29
151,-1.008,0.674
152,0.101,0.431
156,0.542,0.354
158,0.943,0.321
159,1.017,0.306
160,1.041,0.309
161,2.023,0.256
162,0.023,0.44
164,-0.632,0.584
165,1.321,0.287
166,0.659,0.348
168,0.735,0.334
171,0.857,0.322
172,-0.467,0.539
175,-0.218,0.489
177,-0.128,0.468
179,0.304,0.387
181,-1.008,0.674
182,0.15,0.423
183,0.557,0.359
185,-0.161,0.458
187,-0.524,0.556
191,-1.008,0.674
195,0.631,0.352
197,0.608,0.349
198,0.379,0.396
200,0.509,0.371
202,0.645,0.35
203,0.824,0.324
204,0.909,0.319
205,0.163,0.411
206,0.268,0.403
207,-0.19,0.487
210,-0.524,0.556
213,-0.241,0.496
216,0.779,0.33
217,0.14,0.423
218,-0.483,0.543
219,-0.199,0.486
221,-0.632,0.584
222,0.329,0.397
226,0.312,0.396
228,0.784,0.339
230,-0.609,0.576
231,1.04,0.319
232,0.436,0.383
234,-0.467,0.539
237,-0.524,0.556
238,-1.008,0.674
239,-0.609,0.576
242,0.278,0.395
243,-0.26,0.497
244,0.317,0.4
245,0.979,0.316
246,-1.008,0.674
248,-0.543,0.564
249,-0.012,0.442
250,0.764,0.341
252,0.278,0.591
253,-0.063,0.468
258,-0.158,0.474
263,1.21,0.297
264,0.395,0.379
267,1.153,0.307
269,-0.467,0.539
271,0.95,0.311
272,-0.522,0.553
274,1.783,0.263
275,-1.008,0.674
276,-0.514,0.553
277,-0.085,0.462
278,-0.27,0.505
279,-0.483,0.543
280,0.192,0.409
285,0.92,0.317
287,0.363,0.374
288,-1.008,0.674
289,1.015,0.309
291,-1.008,0.674
292,0.361,0.383
293,-0.591,0.571
294,-1.008,0.674
295,0.939,0.319
296,-0.145,0.476
297,0.532,0.367
298,0.217,0.401
299,-0.514,0.553
301,0.556,0.362
304,-0.354,0.55
312,-0.154,0.476
313,1.311,0.286
315,-1.008,0.674
317,1.975,0.259
318,0.866,0.326
319,0.911,0.319
320,0.092,0.436
321,-0.632,0.584
322,0.866,0.336
324,-0.941,0.684
325,0.383,0.39
326,1.398,0.278
327,0.378,0.384
331,0.803,0.324
333,-0.261,0.485
335,0.426,0.384
336,0.326,0.395
339,-0.451,0.548
340,1.355,0.288
341,1.594,0.269
342,-1.008,0.674
343,-1.008,0.674
344,-0.119,0.477
345,-1.008,0.674
346,-1.008,0.674
347,0.267,0.394
348,0.037,0.44
349,-0.543,0.564
352,1.283,0.289
353,0.05,0.43
354,-0.467,0.539
357,1.814,0.264
358,0.786,0.325
359,0.217,0.392
360,0.65,0.353
361,0.96,0.317
362,-0.207,0.494
364,0.249,0.4
366,0.211,0.422
367,0.874,0.329
368,-1.008,0.674
369,-1.008,0.674
371,1.648,0.272
372,1.382,0.278
373,0.56,0.357
374,0.445,0.368
375,-0.524,0.556
376,0.043,0.446
377,-0.941,0.684
378,-1.008,0.674
379,0.248,0.401
380,-0.077,0.458
381,-0.145,0.476
384,-0.543,0.564
385,-0.148,0.47
386,-0.135,0.471
388,1.335,0.294
389,0.019,0.45
390,-0.524,0.556
391,-1.008,0.674
393,1.741,0.269
394,-0.264,0.503
395,-0.17,0.481
396,-1.008,0.674
397,0.468,0.369
398,0.205,0.394
399,0.959,0.311
401,0.912,0.309
402,-0.27,0.505
403,1.723,0.268
404,0.538,0.372
405,0.667,0.348
407,2.551,0.253
408,-0.632,0.584
409,0.01,0.453
410,0.296,0.406
412,1.116,0.302
413,-1.008,0.674
414,-1.008,0.674
415,-0.433,0.529
417,0.093,0.417
421,-0.264,0.503
423,0.667,0.344
425,-1.008,0.674
426,0.096,0.428
427,0.245,0.397
428,-0.511,0.555
429,1.661,0.267
430,1.086,0.306
438,-0.483,0.543
441,-0.632,0.584
442,-0.207,0.494
443,0.091,0.424
444,1.076,0.306
445,0.211,0.422
446,0.211,0.422
448,-1.008,0.674
450,0.161,0.419
451,0.593,0.351
452,0.232,0.415
453,0.961,0.323
454,0.58,0.367
455,1.618,0.265
458,-1.008,0.674
459,-0.201,0.492
460,0.571,0.365
461,-0.256,0.508
462,0.443,0.383
464,0.211,0.422
465,-1.008,0.674
470,0.304,0.41
472,0.002,0.454
473,0.236,0.413
475,1.064,0.32
479,0.553,0.36
480,0.683,0.345
481,0.052,0.447
482,-1.008,0.674
483,0.759,0.327
484,-0.524,0.556
489,0.102,0.43
491,1.125,0.287
493,1.825,0.262
495,0.071,0.441
496,-0.18,0.485
499,0.271,0.407
500,0.508,0.374
503,0.267,0.419
504,1.166,0.294
505,-0.261,0.485
506,-1.008,0.674
510,0.225,0.409
514,0.072,0.422
515,-1.008,0.674
516,0.808,0.316
517,-0.632,0.584
518,1.105,0.294
519,0.995,0.31
522,0.386,0.378
524,1.307,0.284
525,0.975,0.306
526,1.669,0.267
527,-1.008,0.674
528,0.043,0.446
531,1.325,0.277
532,1.23,0.289
533,-0.483,0.543
534,0.641,0.346
535,0.779,0.335
536,-0.941,0.684
537,-0.229,0.493
538,0.836,0.331
539,0.489,0.36
541,-0.218,0.488
544,1.514,0.276
545,0.972,0.314
550,1.235,0.29
552,0.699,0.329
557,1.837,0.259
558,-0.609,0.576
560,1.178,0.295
561,-0.218,0.488
562,0.527,0.365
564,-0.077,0.458
565,-1.008,0.674
566,0.676,0.339
568,1.379,0.284
573,0.546,0.355
575,-0.144,0.491
578,0.773,0.323
579,0.18,0.424
582,-0.229,0.493
583,0.724,0.337
584,0.758,0.337
585,0.044,0.441
586,-0.005,0.457
587,0.938,0.321
588,-0.112,0.465
589,1.086,0.302
590,-0.261,0.485
593,1.091,0.303
595,0.171,0.431
598,-1.008,0.674
599,-1.008,0.674
600,-0.373,0.513
602,0.842,0.324
603,1.28,0.303
604,0.031,0.441
605,0.265,0.397
610,1.98,0.25
611,0.865,0.325
613,0.378,0.384
614,2.266,0.25
616,0.981,0.314
617,0.745,0.345
619,-0.351,0.509
622,1.232,0.291
623,1.479,0.279
625,0.6,0.363
626,0.63,0.345
627,1.095,0.307
628,0.073,0.437
629,1.505,0.272
632,-1.008,0.674
634,1.971,0.254
635,-0.609,0.576
636,1.247,0.293
637,0.575,0.354
640,0.288,0.402
643,0.234,0.39
646,0.14,0.423
647,-0.336,0.505
648,-1.008,0.674
649,-0.632,0.584
650,-0.941,0.684
651,-1.008,0.674
653,0.015,0.46
656,0.237,0.411
657,-1.008,0.674
658,0.054,0.44
659,0.048,0.452
660,0.158,0.418
661,1.031,0.302
662,-0.154,0.476
663,-0.524,0.556
664,-0.283,0.511
666,-0.252,0.498
667,-0.246,0.497
668,-0.162,0.476
669,0.118,0.429
671,0.27,0.397
672,0.495,0.382
674,0.461,0.373
675,-1.008,0.674
676,0.922,0.306
677,0.131,0.429
679,-0.207,0.494
680,0.483,0.363
682,0.268,0.401
683,0.391,0.379
685,-1.008,0.674
686,-1.008,0.674
687,-0.632,0.584
688,-0.261,0.485
690,-0.522,0.553
691,1.156,0.298
692,0.494,0.362
693,1.825,0.257
694,-1.008,0.674
697,-1.008,0.674
699,0.896,0.336
700,-0.324,0.515
701,-1.008,0.674
702,0.198,0.409
703,0.349,0.387
704,-0.609,0.576
705,0.052,0.447
706,1.602,0.264
707,-1.008,0.674
710,-0.193,0.481
711,0.01,0.453
713,2.244,0.251
717,-0.609,0.576
718,0.203,0.421
719,-0.524,0.556
720,-0.045,0.461
721,0.813,0.334
722,-1.008,0.674
723,-0.524,0.556
726,-1.008,0.674
727,-0.524,0.556
728,-0.524,0.556
729,-0.522,0.553
732,-0.201,0.492
734,0.513,0.358
735,-0.272,0.503
737,1.131,0.311
739,1.172,0.292
740,-0.986,0.677
741,0.416,0.385
742,0.265,0.407
743,-1.008,0.674
744,1.186,0.302
745,-0.024,0.458
746,-0.632,0.584
747,-0.609,0.576
751,1.515,0.272
753,-0.543,0.564
754,0.412,0.38
760,0.067,0.442
761,-0.19,0.487
762,0.747,0.334
763,0.546,0.362
764,-1.008,0.674
765,0.571,0.365
767,0.413,0.38
769,-0.161,0.458
770,1.326,0.282
771,0.643,0.349
772,-0.632,0.584
773,-0.524,0.556
774,0.646,0.348
776,0.367,0.38
780,-0.229,0.491
781,-0.543,0.564
783,-0.223,0.502
784,-1.008,0.674
785,-1.008,0.674
787,-0.514,0.553
789,-0.483,0.543
791,0.01,0.453
796,-0.161,0.458
798,-1.005,0.676
799,0.853,0.312
800,0.038,0.445
802,0.067,0.423
803,-1.008,0.674
804,0.364,0.391
805,-1.008,0.674
806,0.273,0.395
807,0.313,0.384
809,0.552,0.362
810,-0.201,0.492
811,-1.008,0.674
812,0.818,0.322
813,-1.008,0.674
814,0.674,0.359
815,2.086,0.252
816,-0.136,0.488
817,-0.207,0.494
820,0.163,0.411
821,-0.536,0.567
822,-1.008,0.674
824,1.236,0.289
826,1.576,0.271
827,0.633,0.335
828,-0.467,0.539
830,-0.283,0.511
831,0.166,0.417
833,0.392,0.385
835,-0.01,0.459
838,0.14,0.423
839,0.11,0.429
840,0.423,0.386
841,-0.207,0.494
842,0.07,0.438
843,-0.229,0.493
844,-1.008,0.674
845,0.528,0.355
846,0.614,0.355
847,0.068,0.455
848,0.229,0.398
849,-1.008,0.674
850,-0.167,0.48
851,0.017,0.449
852,0.211,0.422
853,-0.351,0.509
854,0.418,0.379
855,-0.394,0.553
856,0.463,0.384
858,-1.008,0.674
859,1.568,0.273
860,-0.077,0.458
862,-1.008,0.674
863,1.451,0.282
865,0.471,0.376
866,1.115,0.305
867,1.807,0.26
868,1.444,0.281
869,0.331,0.393
870,-1.008,0.674
871,1.089,0.307
872,-1.008,0.674
873,-1.008,0.674
874,0.42,0.372
875,-1.008,0.674
876,1.665,0.259
880,-0.207,0.494
882,1.127,0.302
883,0.818,0.321
885,-1.008,0.674
888,0.052,0.447
889,-0.632,0.584
890,0.604,0.352
10177,1.304,0.293
892,0.44,0.391
896,-0.591,0.571
897,0.714,0.338
898,-0.434,0.543
899,-0.609,0.576
900,-1.008,0.674
901,0.328,0.394
903,-0.543,0.564
904,-0.524,0.556
906,1.469,0.28
910,-0.524,0.556
911,0.24,0.401
912,0.724,0.329
913,0.406,0.367
914,-0.27,0.505
915,-0.207,0.502
917,-1.008,0.674
919,-0.032,0.465
922,0.118,0.428
923,-1.008,0.674
924,0.741,0.336
925,0.422,0.384
926,-1.008,0.674
927,1.942,0.258
928,-0.632,0.584
929,-0.272,0.503
930,0.72,0.334
932,0.428,0.368
933,1.109,0.304
934,-0.018,0.446
935,-0.053,0.465
936,-1.008,0.674
937,-0.418,0.527
938,-1.008,0.674
10184,0.412,0.38
940,0.793,0.337
941,-1.008,0.674
943,0.337,0.392
945,-0.543,0.564
946,-1.008,0.674
948,1.126,0.301
949,0.311,0.396
950,1.799,0.26
951,-1.008,0.674
953,0.623,0.348
954,0.541,0.363
956,-0.522,0.553
957,0.937,0.324
958,-1.008,0.674
959,0.217,0.392
960,-1.008,0.674
961,0.42,0.376
963,-0.014,0.457
964,-0.158,0.474
965,-1.008,0.674
967,0.274,0.406
968,-0.543,0.564
969,-1.008,0.674
970,-1.008,0.674
972,-0.018,0.446
973,0.362,0.411
975,-0.283,0.511
976,-0.524,0.556
977,-0.524,0.556
978,-1.008,0.674
979,-0.092,0.46
981,0.318,0.39
982,-1.008,0.674
984,-0.483,0.543
985,-1.008,0.674
986,0.494,0.373
987,-1.008,0.674
988,0.981,0.312
989,0.014,0.45
990,-0.134,0.483
991,-1.008,0.674
992,-0.154,0.476
993,4.377,0.322
994,-0.199,0.486
10019,-1.008,0.674
998,-0.609,0.576
10100,0.566,0.367
10153,-1.008,0.674
10023,0.181,0.43
10033,0.24,0.4
1003,0.381,0.382
10001,-0.232,0.477
10107,0.221,0.414
10187,-0.283,0.511
1008,0.412,0.377
10014,0.761,0.345
10136,1.019,0.305
10137,-1.008,0.674
10018,0.847,0.325
1019,0.768,0.315
10148,-0.018,0.442
1022,-0.36,0.518
1025,-1.008,0.674
10128,1.124,0.302
1027,-0.609,0.576
1028,-0.194,0.494
10115,0.363,0.368
10021,-1.008,0.674
10185,0.506,0.38
10237,0.224,0.415
1035,-0.632,0.584
10047,-1.008,0.674
10064,-0.543,0.564
1039,-0.223,0.502
10015,-0.264,0.503
1041,0.765,0.335
10011,-1.008,0.674
10152,-1.008,0.674
10034,-0.128,0.468
1048,0.096,0.417
10050,0.387,0.394
1050,-1.008,0.674
1053,0.755,0.33
1054,-0.524,0.556
10089,0.048,0.443
1056,3.293,0.263
10055,-1.008,0.674
1058,-0.189,0.467
1059,-0.524,0.556
10032,-0.223,0.502
10039,-0.145,0.476
1063,-1.008,0.674
10012,0.092,0.435
10063,0.044,0.452
10170,-0.189,0.467
10084,-0.632,0.584
10046,-1.008,0.674
10027,-0.207,0.494
1071,-1.008,0.674
1072,-0.283,0.511
1074,0.817,0.33
10009,0.388,0.381
10083,-0.524,0.556
10085,0.004,0.448
10077,0.038,0.445
10004,0.733,0.345
10104,-1.008,0.674
10081,0.326,0.397
10054,-0.071,0.455
10076,1.747,0.264
10036,0.687,0.348
10078,1.665,0.275
10088,0.59,0.347
10030,-0.207,0.498
1091,-1.008,0.674
10005,-1.008,0.674
10114,-0.528,0.568
10090,1.404,0.284
1099,1.623,0.274
10164,0.93,0.322
10190,-1.008,0.674
1104,-1.008,0.674
1105,-0.264,0.503
10010,-0.19,0.487
1108,0.646,0.338
10201,-0.632,0.584
1110,-1.008,0.674
1111,-0.632,0.584
10154,1.663,0.265
10003,1.078,0.311
10075,-0.609,0.576
10176,0.248,0.401
10038,0.507,0.357
10053,0.417,0.379
10116,-1.008,0.674
1122,-0.264,0.503
10236,-1.008,0.674
10096,-0.007,0.441
10043,0.087,0.434
1128,0.363,0.389
10127,-1.008,0.674
10173,0.25,0.396
1133,2.266,0.248
1134,-0.609,0.576
1135,0.082,0.424
10210,0.2,0.408
1139,-1.008,0.674
10022,0.485,0.364
1143,1.327,0.286
10026,-1.008,0.674
10188,0.005,0.435
1146,-0.632,0.584
1147,-1.008,0.674
1148,-0.434,0.543
1149,-0.39,0.539
10007,1.34,0.27
1152,0.573,0.378
10079,-0.591,0.571
10159,0.059,0.443
1155,-1.008,0.674
1156,-1.008,0.674
10131,0.367,0.383
10218,-0.094,0.461
10120,0.154,0.421
1161,1.132,0.293
10125,0.471,0.372
1163,1.371,0.285
10008,-0.015,0.453
10146,0.724,0.347
1168,0.682,0.346
10130,-1.006,0.675
10052,0.207,0.405
1173,0.301,0.384
1175,-0.591,0.571
10141,-0.524,0.556
1179,0.746,0.328
10095,0.632,0.361
10045,-0.317,0.517
10037,1.074,0.31
1183,1.094,0.305
1184,-0.229,0.493
1185,-0.128,0.468
10144,0.114,0.428
1187,-1.008,0.674
1188,-1.008,0.674
10109,-1.008,0.674
10183,1.368,0.283
1191,-0.433,0.529
1193,-0.241,0.496
1194,0.546,0.36
10031,-1.008,0.674
10178,0.303,0.396
10151,-0.01,0.459
10042,-1,0.676
1199,0.007,0.433
10117,0.534,0.365
10099,-1.008,0.674
1204,0.302,0.394
10020,0.158,0.415
10069,-0.524,0.556
10145,-0.632,0.584
10066,-1.008,0.674
10025,1.874,0.261
10110,-0.632,0.584
10056,0.26,0.405
1213,0.578,0.366
1214,-0.522,0.553
10098,0.119,0.423
10057,-1.008,0.674
10006,-1.008,0.674
1219,-0.522,0.553
10126,-1.008,0.674
1223,-1.008,0.674
10073,-1.008,0.674
10060,0.66,0.353
10062,-1.008,0.674
10142,0.096,0.433
1229,0.567,0.362
1230,-0.272,0.503
10065,0.822,0.329
10061,-1.008,0.674
10103,-1.008,0.674
1236,-0.102,0.465
1237,-0.283,0.511
1238,-0.204,0.486
10051,1.359,0.282
1240,0.824,0.328
1244,0.362,0.394
10213,0.223,0.4
10093,-0.264,0.503
10092,-0.232,0.477
10149,0.247,0.395
10041,1.633,0.272
1252,-1.008,0.674
10070,0.322,0.393
1255,-0.283,0.511
1256,-0.609,0.576
1257,0.594,0.353
1260,0.693,0.338
1262,-1.008,0.674
10059,-0.191,0.484
1264,0.227,0.416
1266,0.163,0.424
10068,-1.008,0.674
1268,-1.008,0.674
10058,0.45,0.372
1271,0.907,0.315
1272,-0.018,0.446
1273,1.203,0.294
10168,0.516,0.363
1276,-0.519,0.571
10035,-1.008,0.674
1278,1.157,0.295
10172,-0.283,0.511
10186,0.075,0.428
1281,0.243,0.412
10016,0.287,0.401
10002,-0.232,0.477
10040,-1.008,0.674
10080,-0.261,0.485
10071,-0.27,0.505
10191,-0.467,0.539
1288,1.22,0.294
1289,-0.609,0.586
1290,0.609,0.354
10028,-0.941,0.684
10086,-0.483,0.543
10017,-1.008,0.674
10067,-1.008,0.674
1297,-1.008,0.674
1299,-0.158,0.474
10049,0.334,0.397
10072,-0.324,0.515
1304,-1.008,0.674
1306,0.124,0.425
10155,0.126,0.429
1309,0.174,0.41
10121,1.724,0.269
10087,-1.008,0.674
10029,-1.008,0.674
10044,-0.941,0.684
1316,-0.094,0.461
1317,0.293,0.405
1318,-0.632,0.584
1321,-0.543,0.564
1322,-1.008,0.674
1323,-1.008,0.674
1324,-1.008,0.674
1325,-1.008,0.674
1327,0.552,0.369
1328,-0.239,0.495
1329,1.228,0.296
1332,0.883,0.316
1333,-1.008,0.674
1335,-0.127,0.467
1336,0.645,0.349
1337,-0.869,0.696
1338,0.771,0.338
1341,0.168,0.413
1342,-0.433,0.529
1343,-0.283,0.511
1344,-0.261,0.485
1345,2.139,0.249
1346,-0.159,0.478
1348,-0.543,0.564
1349,-0.898,0.695
1350,0.498,0.359
1351,1.201,0.297
1353,-0.543,0.564
1354,0.58,0.359
1355,0.16,0.423
1356,-1.008,0.674
1357,-1.008,0.674
1358,1.462,0.275
1359,0.843,0.32
1360,-0.201,0.492
1363,0.404,0.387
1364,0.84,0.318
1365,-0.158,0.474
1366,-1.008,0.674
1368,0.384,0.385
1369,0.567,0.348
1370,-1.008,0.674
1371,-1.008,0.674
1374,-1.008,0.674
1375,0.867,0.329
1376,-1.008,0.674
1377,0.319,0.39
1379,-0.417,0.533
1380,0.401,0.385
1383,-1.008,0.674
1384,-1.008,0.674
1385,0.007,0.453
1386,-1.008,0.674
1387,-0.229,0.491
1390,0.696,0.34
1392,-1.008,0.674
1393,0.183,0.42
1396,0.517,0.362
1397,-1.008,0.674
1398,-1.008,0.674
1400,0.698,0.345
1401,-1.008,0.674
1402,-0.19,0.487
1403,1.389,0.288
1404,0.464,0.357
1407,-1.008,0.674
1408,-0.467,0.539
1410,-0.207,0.494
1411,-1.006,0.675
1413,1.369,0.278
1416,1.442,0.281
1417,0.087,0.434
1418,0.242,0.383
1421,1.552,0.275
1422,0.6,0.351
1426,-0.074,0.459
1427,2.179,0.249
1428,2.081,0.254
1430,-0.433,0.529
1431,0.313,0.39
1432,-0.514,0.553
1437,0.51,0.371
1439,0.018,0.448
1440,-0.524,0.556
1441,0.064,0.427
1442,-0.632,0.584
1443,-0.502,0.561
1445,-1.008,0.674
1447,0.409,0.391
1448,-0.499,0.557
1449,0.605,0.349
1450,-0.986,0.677
1451,-1.008,0.674
1452,-1.008,0.674
1453,-1.008,0.674
1454,0.25,0.4
1455,-0.264,0.503
1456,-1.008,0.674
1457,2.227,0.256
1459,-0.336,0.505
1462,-0.207,0.494
1463,-0.543,0.564
1464,1.21,0.294
1465,-1.008,0.674
1469,-0.479,0.545
1470,-0.514,0.553
1471,-1.008,0.674
1475,0.387,0.394
1476,1.116,0.303
1478,-0.522,0.553
1479,0.167,0.427
1482,0.003,0.46
1484,0.664,0.35
1487,-0.229,0.493
1489,0.052,0.447
1490,-1.008,0.674
1493,0.36,0.388
1497,0.212,0.404
1499,0.229,0.402
1501,0.265,0.392
1502,-0.18,0.485
1503,0.762,0.342
1505,1.003,0.305
1507,0.754,0.332
1508,-0.609,0.576
1509,-0.213,0.497
1510,-1.008,0.674
1511,-0.229,0.493
1512,0.08,0.425
1513,-1.006,0.675
1515,-0.514,0.553
1518,-0.209,0.491
1519,-0.18,0.485
1521,0.08,0.438
1522,0.357,0.395
1524,-1.008,0.674
1525,0.394,0.39
1526,0.4,0.373
1527,-1.005,0.676
1528,-0.514,0.553
1530,0.203,0.407
1532,1.388,0.287
1535,0.098,0.441
1537,2.11,0.252
1538,0.821,0.329
1542,-1.008,0.674
1545,0.635,0.346
1548,-1.008,0.674
1549,-0.272,0.503
1550,1.09,0.316
1551,1.355,0.285
1552,-0.02,0.464
1553,-0.524,0.556
1554,0.682,0.339
1555,0.585,0.361
1557,0.661,0.345
1558,0.119,0.426
1561,0.37,0.395
1563,-0.632,0.584
1566,-0.418,0.527
1567,-1.008,0.674
1569,-0.337,0.519
1571,0.652,0.346
1572,1.396,0.285
1573,-0.632,0.584
1576,0.067,0.442
1577,0.048,0.46
1579,-0.131,0.47
1582,-1.008,0.674
1583,0.88,0.314
1586,-0.609,0.576
1587,-0.522,0.553
1588,0.92,0.317
1589,-0.101,0.504
1591,1.015,0.308
1592,-0.514,0.553
1594,-0.207,0.494
1597,1.383,0.286
1598,0.06,0.433
1599,0.387,0.399
1601,-0.543,0.564
1604,0.636,0.347
1605,0.898,0.326
1607,-0.514,0.553
1609,0.199,0.409
1610,0.084,0.436
1612,-0.134,0.474
1614,1.359,0.277
1616,0.462,0.364
1619,-0.336,0.505
1620,1.07,0.301
1622,0.778,0.334
1623,-0.283,0.511
1624,0.227,0.408
1627,-0.223,0.502
1630,0.247,0.406
1632,0.109,0.43
1635,0.482,0.358
1636,0.541,0.356
1638,0.557,0.357
1639,-0.218,0.488
1641,0.364,0.381
1642,0.866,0.329
1644,-1.008,0.674
1647,0.451,0.378
1649,-0.257,0.502
1650,-1.008,0.674
1652,2.021,0.251
1655,-0.418,0.527
1656,-1.008,0.674
1657,1.3,0.291
1659,1.603,0.271
1660,0.597,0.367
1664,0.566,0.349
1666,-1.008,0.674
1667,-0.223,0.502
1668,0.697,0.349
1670,-0.283,0.511
1671,-1.008,0.674
1672,1.373,0.282
1675,-1.008,0.674
1676,-0.264,0.503
1677,-0.467,0.539
1679,-1.008,0.674
1680,-1.008,0.674
1681,-0.27,0.506
1682,-1.008,0.674
1683,1.263,0.289
1685,0.319,0.408
1686,0.445,0.373
1687,-0.18,0.485
1690,-0.283,0.511
1691,-0.983,0.676
1692,-1.008,0.674
1694,-1.008,0.674
1696,-0.632,0.584
1697,0.645,0.353
1698,0.021,0.448
1699,-0.483,0.543
1701,-1.008,0.674
1702,-1.008,0.674
1703,-1.008,0.674
1704,-1.008,0.674
1706,1.247,0.29
1710,0.49,0.372
1711,1.523,0.275
1712,2.386,0.253
1713,1.019,0.305
1714,0.759,0.332
1716,0.238,0.405
1719,0.945,0.312
1720,-1.008,0.674
1721,-1.008,0.674
1722,-1.008,0.674
1723,0.235,0.416
1724,-1.008,0.674
1725,-0.199,0.486
1726,-0.632,0.584
1727,-0.524,0.556
1728,-0.145,0.476
1730,-0.434,0.543
1731,0.284,0.403
1734,0.301,0.4
1735,-0.543,0.564
1736,0.201,0.417
1739,0.36,0.375
1742,-1.008,0.674
1744,-1.008,0.674
1745,-0.483,0.543
1746,-0.247,0.5
1748,0.327,0.38
1749,-0.239,0.495
1751,1.16,0.307
1752,-0.257,0.502
1753,1.312,0.292
1754,-0.591,0.571
1756,-0.483,0.543
1757,1.099,0.311
1758,-1.008,0.674
1759,0.284,0.391
1760,0.837,0.322
1761,0.641,0.337
1762,-1.008,0.674
1764,1.335,0.288
1765,-0.632,0.584
1767,-0.543,0.564
1769,0.78,0.336
1772,-1.008,0.674
1773,0.932,0.309
1775,0.887,0.32
1776,-0.632,0.584
1777,0.417,0.382
1779,-0.337,0.519
1780,1.535,0.278
1781,2.197,0.255
1782,0.105,0.438
1783,-1.008,0.674
1784,0.268,0.412
1785,-0.257,0.502
1786,-0.272,0.503
1787,1.091,0.351
1788,0.163,0.418
1789,-0.632,0.584
1790,0.448,0.37
1791,0.569,0.357
1793,0.839,0.323
1794,-0.053,0.465
1796,-0.522,0.553
1797,0.532,0.362
1798,1.246,0.293
1799,-0.632,0.584
1801,-0.272,0.503
1802,-1.008,0.674
1803,-1.008,0.674
1804,0.638,0.347
1806,-1.008,0.674
1807,-0.172,0.478
1808,0.56,0.35
1809,-1.008,0.674
1810,0.857,0.327
1811,0.389,0.402
1812,0.02,0.444
1813,0.596,0.345
1815,0.579,0.355
1816,-0.19,0.487
1817,0.214,0.417
1820,2.189,0.251
1821,-0.632,0.584
1822,-0.14,0.471
1823,0.087,0.433
1826,-1.008,0.674
1827,0.983,0.313
1828,-1.008,0.674
1829,-0.264,0.503
1831,-0.373,0.513
1832,-0.632,0.584
1836,-1.008,0.674
1837,-0.246,0.497
1838,0.278,0.38
1841,-0.524,0.556
1842,1.079,0.301
1843,0.23,0.415
1845,0.052,0.447
1846,-1.008,0.674
1847,-0.483,0.543
1848,0.245,0.4
1849,-0.223,0.502
1850,-0.632,0.584
1851,1.58,0.277
1852,-0.632,0.584
1853,0.533,0.357
1854,-0.632,0.584
1855,-1.008,0.674
1856,0.312,0.395
1857,0.337,0.388
1858,0.253,0.399
1859,-0.938,0.686
1860,0.305,0.386
1861,0.641,0.343
1862,-0.591,0.571
1863,-0.207,0.494
1866,0.007,0.437
1867,0.067,0.442
1868,-0.524,0.556
1870,0.387,0.394
1872,0.203,0.407
1873,0.991,0.313
1874,-0.543,0.564
1875,-0.524,0.556
1876,0.239,0.389
1883,-1.008,0.674
1884,-0.193,0.484
1885,0.381,0.387
1886,0.449,0.377
1890,1.288,0.29
1891,0.067,0.442
1892,-0.543,0.564
1894,0.238,0.411
1895,-0.543,0.564
1896,0.239,0.389
1897,0.007,0.433
1898,-1.008,0.674
1899,0.33,0.4
1900,0.536,0.365
1901,0.972,0.327
1903,0.849,0.319
1904,-1.008,0.674
1905,2.767,0.248
1906,-0.522,0.553
1907,-1.008,0.674
1908,-0.264,0.503
1909,0.531,0.361
1910,-1.008,0.674
1911,0.924,0.315
1912,1.052,0.315
1913,0.435,0.362
1915,-0.632,0.584
1916,0.632,0.34
1919,0.692,0.327
1920,0.458,0.381
1921,-0.18,0.485
1922,0.227,0.411
1923,1.028,0.303
1924,0.479,0.38
1925,-0.128,0.468
1926,0.975,0.315
1927,0.104,0.415
1929,0.246,0.416
1930,-1.008,0.674
1932,-1.008,0.674
1934,0.212,0.408
1935,-1.008,0.674
1936,0.209,0.418
1937,-1.008,0.674
1938,-1.008,0.674
1939,0.687,0.333
1941,-1.008,0.674
1942,-1.008,0.674
1943,0.761,0.332
1945,-0.609,0.576
1946,-1.008,0.674
1947,-0.467,0.539
1948,-0.043,0.448
1949,-0.005,0.457
1951,-1.008,0.674
1952,0.073,0.437
1953,-1.008,0.674
1954,-1.008,0.674
1955,0.952,0.312
1958,0.704,0.329
1959,-1.008,0.674
1960,1.164,0.299
1961,-1.008,0.674
1962,0.402,0.392
1964,0.422,0.386
1965,0.104,0.432
1966,-0.283,0.511
1967,0.894,0.327
1968,2.268,0.253
1969,-1.008,0.674
1970,0.162,0.419
1971,-1.008,0.674
1972,2.209,0.252
1973,0.809,0.337
1974,-1.008,0.674
1975,1.062,0.29
1976,-1.008,0.674
1978,0.058,0.43
1981,-1.008,0.674
1982,0.487,0.381
1984,-0.136,0.472
1985,-1.008,0.674
1987,-0.522,0.553
1989,0.219,0.411
1990,0.565,0.35
1991,0.746,0.331
1992,0.566,0.361
1993,-1.008,0.674
1994,0.187,0.422
1995,0.284,0.39
1996,-0.032,0.468
1997,1.273,0.288
1998,-0.543,0.564
1999,0.087,0.434
2000,0.235,0.403
2001,-0.543,0.564
2002,-0.632,0.584
2004,0.453,0.37
2005,0.375,0.383
2006,2.111,0.251
2007,-0.207,0.494
2009,0.178,0.419
2010,0.109,0.4
2011,-1.008,0.674
2012,-0.543,0.564
2013,-0.201,0.492
2014,-0.514,0.553
2016,0.806,0.323
2020,1.26,0.28
2021,0.784,0.327
2022,-1.008,0.674
2024,-1.008,0.674
2026,0.33,0.382
2027,-0.131,0.47
2029,0.019,0.45
2030,0.259,0.405
2031,-1.008,0.674
2032,-0.543,0.564
2033,-0.514,0.553
2034,0.377,0.385
2035,-0.264,0.503
2036,-1.008,0.674
2039,-0.632,0.584
2040,0.392,0.37
2041,2.132,0.254
2042,0.868,0.323
2043,-0.543,0.564
2044,1.242,0.287
2045,0.114,0.424
2050,0.163,0.436
2051,-0.632,0.584
2052,0.09,0.439
2053,1.537,0.276
2054,0.661,0.345
2056,0.866,0.318
2057,-0.18,0.485
2058,-1.008,0.674
2059,0.343,0.378
2061,-0.543,0.564
2062,-1.008,0.674
2063,-1.008,0.674
2064,1.168,0.286
2067,0.6,0.36
2068,-0.207,0.494
2069,0.468,0.378
2070,1.355,0.283
2072,-1.008,0.674
2074,-1.008,0.674
2076,-1.008,0.674
2080,0.668,0.342
2082,-1.008,0.674
2084,0.3,0.389
2085,-0.524,0.556
2088,-1.008,0.674
2089,-0.524,0.556
2090,0.824,0.314
2092,1.644,0.268
2093,-0.524,0.556
2094,1.061,0.302
2095,0.716,0.339
2096,0.636,0.339
2097,0.562,0.36
2099,-1.008,0.674
2100,0.01,0.433
2102,2.415,0.249
2103,-0.332,0.506
2104,0.092,0.431
2105,-0.18,0.485
2106,-0.228,0.479
2107,-0.264,0.503
2109,-0.609,0.576
2110,0.078,0.439
2111,-0.483,0.543
2113,-1.008,0.674
2114,0.335,0.388
2115,-0.167,0.48
2116,-0.018,0.442
2117,-0.135,0.471
2118,-1.008,0.674
2119,0.837,0.328
2120,1.26,0.287
2121,0.256,0.397
2122,1.24,0.291
2123,0.573,0.357
2124,0.465,0.368
2126,0.529,0.365
2127,-0.543,0.564
2128,-0.169,0.483
2129,0.229,0.415
2130,0.673,0.343
2132,0.384,0.384
2133,0.8,0.339
2134,0.607,0.353
2137,-0.373,0.513
2138,-0.324,0.515
2139,-1.008,0.674
2140,-1.008,0.674
2141,0.233,0.405
2142,0.188,0.397
2144,-1.008,0.674
2146,-1.008,0.674
2148,0.979,0.308
2149,0.393,0.397
2150,0.947,0.317
2151,-1.008,0.674
2152,-1.008,0.674
2153,-0.467,0.539
2155,-0.941,0.684
2160,0.659,0.351
2161,1.4,0.276
2162,-0.252,0.498
2163,0.491,0.353
2164,0.313,0.397
2165,0.124,0.428
2168,1.537,0.27
2171,-0.543,0.564
2174,0.2,0.408
2175,1.214,0.293
2177,-0.483,0.543
2178,0.563,0.365
2179,-0.223,0.502
2180,-1.008,0.674
2181,-1.008,0.674
2183,-0.632,0.584
2185,0.828,0.331
2187,1.506,0.277
2188,1.37,0.276
2189,-0.418,0.527
2190,0.335,0.389
2191,-0.027,0.429
2193,-0.158,0.474
2195,-0.283,0.511
2196,0.638,0.346
2199,-0.232,0.477
2200,-0.112,0.465
2201,0.95,0.327
2202,-1.008,0.674
2204,0.247,0.409
2206,-1.008,0.674
2207,-0.433,0.529
2208,0.555,0.356
2209,0.54,0.364
2210,-0.524,0.556
2211,0.406,0.374
2212,-0.156,0.46
2213,-0.159,0.478
2214,1.913,0.264
2217,0.47,0.365
2218,-1.008,0.674
2219,-1.008,0.674
2221,-0.257,0.502
2222,-1.008,0.674
2223,-1.008,0.674
2224,0.207,0.405
2225,-1.008,0.674
2228,-0.207,0.494
2229,0.106,0.427
2230,-0.418,0.527
2232,1.692,0.267
2233,0.158,0.414
2234,1.127,0.295
2236,-1.008,0.674
2237,0.302,0.399
2238,-0.232,0.477
2239,-1.008,0.674
2240,0.26,0.406
2241,-0.119,0.468
2242,-0.522,0.553
2243,-1.008,0.674
2244,-0.524,0.556
2245,0.003,0.44
2246,-0.283,0.511
2247,0.248,0.401
2248,0.067,0.442
2249,1.253,0.296
2250,-0.128,0.468
2253,-1.008,0.674
2254,-1.008,0.674
2256,0.085,0.419
2257,-0.591,0.571
2258,0.067,0.43
2259,-0.632,0.584
2262,0.703,0.343
2263,1.615,0.262
2264,-0.128,0.468
2265,-0.096,0.48
2267,-0.193,0.481
2268,0.594,0.36
2269,-0.522,0.553
2270,1.597,0.263
2272,0.067,0.442
2273,0.514,0.353
2274,0.17,0.412
2275,-0.27,0.506
2277,0.166,0.43
2279,-0.591,0.571
2280,0.45,0.371
2282,-1.008,0.674
2283,1.775,0.268
2284,0.069,0.423
2285,0.487,0.37
2287,-1,0.677
2288,-1.008,0.674
2290,1.342,0.283
2291,1.125,0.305
2293,1.804,0.258
2294,-0.632,0.584
2296,0.223,0.418
2297,-1.008,0.674
2300,-1.008,0.674
2301,-0.336,0.505
2302,0.47,0.357
2303,0.142,0.421
2306,0.226,0.417
2307,-1.008,0.674
2308,0.38,0.382
2310,-0.522,0.553
2311,0.038,0.432
2312,-1.008,0.674
2313,1.144,0.297
2314,0.598,0.356
2315,0.284,0.403
2317,-0.483,0.543
2319,-0.632,0.584
2320,4.47,0.341
2321,0.456,0.38
2322,1.783,0.265
2323,0.512,0.368
2324,0.798,0.321
2326,0.045,0.435
2327,0.234,0.4
2328,-0.264,0.503
2331,-0.451,0.548
2333,0.904,0.321
2334,0.167,0.414
2337,0.237,0.404
2338,0.689,0.347
2340,0.109,0.43
2341,0.05,0.43
2342,-0.632,0.584
2343,-1.008,0.674
2344,-0.524,0.556
2346,2.026,0.251
2347,1.362,0.282
2349,1.63,0.274
2350,-0.207,0.494
2351,-0.986,0.677
2352,0.098,0.432
2353,0.067,0.442
2355,-1.008,0.674
2357,0.442,0.374
2358,-0.591,0.571
2359,-0.18,0.485
2360,-0.01,0.459
2363,-1.008,0.674
2364,-1.008,0.674
2365,0.32,0.395
2366,-0.483,0.543
2369,0.642,0.354
2370,1.376,0.283
2371,-0.433,0.529
2372,1.023,0.303
2373,0.788,0.331
2374,-1.008,0.674
2375,0.116,0.429
2378,-0.257,0.502
2379,1.339,0.283
2380,0.005,0.434
2381,1.085,0.299
2382,4.225,0.309
2383,-0.27,0.505
2385,-1.008,0.674
2388,0.416,0.374
2389,-1.008,0.674
2392,0.222,0.4
2393,1.383,0.278
2394,1.531,0.273
2395,-0.543,0.564
2396,0.556,0.362
2398,-0.543,0.564
2399,-1.008,0.674
2400,2.023,0.255
2402,2.191,0.251
2403,-1.008,0.674
2404,0.468,0.367
2406,0.147,0.417
2408,1.418,0.288
2409,-1.008,0.674
2410,-0.502,0.561
2411,-0.524,0.556
2412,-0.467,0.539
2414,-1.008,0.674
2415,0.527,0.363
2416,1.606,0.272
2417,-0.015,0.453
2419,0.219,0.41
2420,-0.258,0.5
2421,-0.543,0.564
2422,1.019,0.311
2423,0.07,0.435
2425,1.108,0.291
2426,0.927,0.314
2427,-1.008,0.674
2428,0.118,0.424
2429,-0.247,0.506
2431,-0.247,0.495
2433,-0.524,0.556
2434,-0.283,0.511
2435,0.374,0.386
2436,0.234,0.39
2437,1.076,0.318
2438,0.955,0.311
2440,-0.005,0.457
2442,0.033,0.456
2443,1.696,0.268
2446,-0.097,0.459
2447,0.062,0.424
2448,-0.154,0.476
2449,-1.008,0.674
2450,-1.008,0.674
2451,-0.433,0.529
2452,2.964,0.249
2454,0.393,0.383
2455,1.89,0.258
2456,0.02,0.444
2457,0.936,0.321
2458,-0.207,0.494
2460,0.213,0.414
2461,-0.351,0.509
2462,-0.218,0.488
2464,1.365,0.286
2465,1.706,0.26
2466,0.993,0.313
2469,-0.041,0.455
2471,-1.008,0.674
2472,-0.063,0.468
2473,1.317,0.283
2475,0.721,0.343
2476,-0.514,0.553
2477,0.717,0.334
2478,0.725,0.34
2479,0.426,0.377
2480,-0.522,0.553
2481,-0.524,0.556
2482,1.793,0.265
2483,0.79,0.33
2485,-1.008,0.674
2486,0.783,0.323
2487,0.203,0.404
2489,0.942,0.316
2490,0.655,0.353
2491,-0.543,0.564
2492,-0.522,0.553
2493,0.133,0.424
2494,0.052,0.447
2495,0.234,0.39
2496,0.166,0.423
2497,-0.077,0.458
2498,-0.632,0.584
2499,-1.008,0.674
2500,-1.008,0.674
2501,-0.246,0.497
2502,-0.543,0.564
2504,-1.008,0.674
2505,-0.983,0.676
2507,1.263,0.292
2508,0.711,0.333
2509,-1.008,0.674
2510,-0.632,0.584
2511,2.135,0.259
2512,0.013,0.436
2513,0.288,0.389
2515,-1.008,0.674
2516,1.01,0.305
2517,-1.008,0.674
2518,1.311,0.286
2520,0.334,0.391
2521,-1.008,0.674
2522,-0.524,0.556
2523,-1.008,0.674
2524,0.469,0.355
2525,-0.283,0.511
2526,-0.632,0.584
2527,0.084,0.436
2530,0.743,0.329
2531,-0.514,0.553
2540,-0.232,0.477
2541,1.528,0.271
2542,1.456,0.275
2543,0.405,0.396
2544,0.243,0.412
2545,0.356,0.396
2546,0.566,0.358
2547,-0.451,0.548
2548,-0.543,0.564
2549,0.756,0.325
2550,-1.008,0.674
2551,0.024,0.446
2552,0.489,0.371
2553,0.326,0.403
2554,-0.01,0.459
2555,1.383,0.282
2556,-0.283,0.511
2557,-1.008,0.674
2558,1.968,0.255
2559,1.9,0.261
2560,-0.543,0.564
2561,1.783,0.27
2562,0.644,0.351
2563,-1.008,0.674
2566,-0.514,0.553
2567,0.681,0.354
2568,0.078,0.439
2569,0.535,0.355
2570,1.565,0.273
2571,0.92,0.317
2573,1.288,0.287
2574,-0.164,0.464
2576,0.013,0.447
2577,0.04,0.427
2579,0.65,0.354
2581,-0.161,0.458
2583,0.666,0.349
2584,1.876,0.257
2587,-0.337,0.519
2588,-0.336,0.505
2590,0.805,0.326
2591,1.512,0.274
2592,0.046,0.437
2593,-0.524,0.556
2594,-1.008,0.674
2595,0.969,0.319
2596,-0.609,0.576
2598,0.613,0.341
2600,-1.008,0.674
2601,0.554,0.369
2605,0.004,0.448
2607,0.96,0.316
2608,0.634,0.346
2611,1.697,0.266
2612,2.025,0.26
2614,0.367,0.375
2615,-0.193,0.481
2617,-0.543,0.564
2618,0.48,0.375
2619,-0.632,0.584
2621,-0.524,0.556
2622,-0.514,0.553
2623,0.058,0.422
2625,-0.524,0.556
2628,-1.008,0.674
2629,0.255,0.397
2631,-0.209,0.491
2632,-0.241,0.496
2634,-0.135,0.471
2635,-0.124,0.47
2636,-0.201,0.492
2637,-0.01,0.459
2640,-1.008,0.674
2641,-1.008,0.674
2642,0.548,0.353
2643,1.097,0.311
2644,0.377,0.383
2645,0.239,0.389
2646,-1.008,0.674
2648,0.212,0.407
2649,-1.008,0.674
2650,0.211,0.422
2651,-0.266,0.507
2652,0.815,0.326
2653,0.405,0.38
2654,0.092,0.436
2655,0.133,0.424
2656,-0.223,0.502
2657,1.935,0.257
2658,-1.008,0.674
2659,-0.164,0.464
2660,-0.229,0.493
2662,1.185,0.3
2663,-0.014,0.457
2664,0.063,0.436
2666,-1.008,0.674
2667,0.999,0.313
2668,-0.522,0.553
2669,-0.01,0.459
2670,0.936,0.324
2671,0.009,0.446
2673,0.263,0.409
2674,0.052,0.447
2675,-0.094,0.461
2676,1,0.305
2677,-1.008,0.674
2678,-1.008,0.674
2679,-0.239,0.495
2680,0.082,0.433
2681,-0.18,0.485
2682,0.667,0.351
2683,0.616,0.349
2686,1.14,0.301
2687,-1.008,0.674
2688,-0.632,0.584
2689,-0.433,0.529
2690,-0.257,0.502
2691,-0.19,0.487
2692,0.622,0.347
2693,0.941,0.308
2694,-0.128,0.477
2695,1.185,0.307
2698,0.8,0.338
2700,-0.201,0.492
2701,0.164,0.415
2703,0.284,0.403
2704,-0.514,0.553
2706,0.059,0.443
2707,-0.133,0.649
2708,0.087,0.433
2710,1.737,0.286
2711,1.097,0.301
2712,-0.483,0.543
2713,0.578,0.347
2715,0.018,0.448
2716,0.382,0.387
2717,-0.317,0.517
2719,-0.543,0.564
2720,-1.008,0.674
2721,0.112,0.437
2722,-0.591,0.571
2723,-0.209,0.491
2724,-0.207,0.494
2725,-0.507,0.557
2726,-1.008,0.674
2728,-0.524,0.556
2729,-0.632,0.584
2730,1.662,0.269
2731,-1.008,0.674
2732,0.007,0.453
2733,1.47,0.277
2734,0.057,0.427
2735,-0.543,0.564
2736,0.997,0.312
2737,-0.246,0.497
2738,0.42,0.378
2739,0.116,0.425
2740,0.054,0.435
2741,-0.524,0.556
2743,0.019,0.45
2744,0.392,0.376
2745,0.696,0.336
2746,-0.543,0.564
2747,-0.218,0.488
2748,-0.247,0.495
2750,0.628,0.348
2751,-1.008,0.674
2752,-1.008,0.674
2753,-0.014,0.457
2754,0.068,0.434
2755,-1.008,0.674
2756,-0.433,0.529
2758,-0.543,0.564
2759,0.283,0.405
2762,-0.109,0.479
2763,0.802,0.327
2764,-0.974,0.691
2765,-0.351,0.509
2766,0.684,0.346
2767,-1.008,0.674
2768,-0.524,0.556
2769,0.612,0.363
2770,-1.008,0.674
2771,0.67,0.339
2772,-0.632,0.584
2773,0.092,0.435
2774,0.067,0.423
2775,1.771,0.268
2776,0.874,0.325
2777,-1.008,0.674
2779,-1.008,0.674
2780,1.061,0.297
2781,1.236,0.296
2784,1.258,0.294
2785,-0.138,0.468
2786,1.907,0.262
2787,-1.008,0.674
2789,1.131,0.333
2790,-0.266,0.507
2791,0.052,0.447
2792,-1.008,0.674
2793,0.449,0.367
2794,0.226,0.417
2795,-0.158,0.474
2796,-0.011,0.439
2797,-0.139,0.479
2798,1.819,0.26
2799,-1.008,0.674
2800,0.801,0.333
2801,3.746,0.272
2802,0.274,0.404
2804,0.755,0.337
2805,1.29,0.291
2806,-1.008,0.674
2807,-1.008,0.674
2808,0.566,0.347
2809,-0.072,0.457
2810,-1.008,0.674
2811,0.295,0.401
2812,-1.008,0.674
2813,1.614,0.272
2814,-1.008,0.674
2815,-0.207,0.494
2816,0.893,0.313
2817,0.205,0.424
2818,-0.543,0.564
2819,-0.632,0.584
2820,-1.008,0.674
2821,-0.229,0.493
2823,0.493,0.37
2824,-0.135,0.471
2825,-1.008,0.674
2826,-0.239,0.495
2827,-0.14,0.471
2828,-1.008,0.674
2829,0.483,0.365
2830,0.466,0.37
2832,-0.543,0.564
2833,-0.169,0.483
2835,0.467,0.377
2836,0.263,0.43
2837,0.038,0.445
2838,0.131,0.42
2839,-0.085,0.462
2840,2.169,0.252
2842,0.624,0.356
2843,0.695,0.357
2844,1.623,0.269
2845,0.877,0.33
2847,0.603,0.348
2848,1.661,0.273
2849,1.488,0.28
2850,1.287,0.281
2851,1.655,0.26
2853,-0.632,0.584
2854,-1.008,0.674
2855,-0.543,0.564
2857,-1.008,0.674
2858,-0.467,0.539
2859,0.442,0.384
2861,0.752,0.339
2862,0.17,0.422
2865,1.567,0.273
2866,0.68,0.348
2867,0.517,0.457
2869,0.635,0.341
2870,0.473,0.369
2871,-0.229,0.493
2872,-1.008,0.674
2874,0.033,0.456
2875,-0.941,0.684
2876,-0.247,0.495
2880,0.082,0.433
2881,0.656,0.349
2882,-0.543,0.564
2883,0.852,0.319
2884,0.556,0.362
2885,0.255,0.422
2886,0.211,0.422
2889,-0.483,0.543
2890,0.983,0.312
2891,-0.207,0.494
2892,0.378,0.374
2893,0.246,0.398
2894,0.961,0.302
2895,-0.124,0.47
2896,0.211,0.422
2897,1.311,0.284
2898,0.222,0.4
2901,0.795,0.332
2903,-0.337,0.519
2904,0.021,0.448
2906,1.131,0.3
2907,0.106,0.427
2908,-1.008,0.674
2909,-0.005,0.457
2911,-0.351,0.509
2912,0.054,0.44
2913,0.086,0.437
2914,1.548,0.27
2915,2.253,0.251
2916,-1.008,0.674
2917,-1.008,0.674
2918,0.043,0.446
2919,-0.26,0.509
2920,-1.008,0.674
2922,-1.008,0.674
2923,-0.203,0.494
2925,-0.139,0.469
2926,0.708,0.328
2927,-0.591,0.571
2928,0.416,0.379
2929,0.419,0.377
2930,0.171,0.416
2931,0.872,0.324
2933,1.477,0.276
2934,2.626,0.25
2936,-0.452,0.557
2937,2.108,0.252
2939,0.071,0.441
2940,-0.467,0.539
2941,1.219,0.297
2942,-1.008,0.674
2943,0.847,0.328
2944,-1.008,0.674
2945,1.772,0.268
2946,-1.008,0.674
2947,-0.17,0.481
2949,0.338,0.393
2950,-0.543,0.564
2951,-1.008,0.674
2952,0.166,0.417
2955,-1.008,0.674
2956,-0.336,0.505
2957,-0.01,0.459
2958,0.019,0.45
2959,-0.018,0.442
2960,-0.201,0.492
2962,-0.085,0.462
2963,-0.272,0.503
2964,-0.158,0.474
2965,-0.433,0.529
2966,1.442,0.281
2968,-1.008,0.674
2969,0.901,0.312
2970,-0.632,0.584
2971,0.32,0.394
2973,0.002,0.454
2974,1.347,0.278
2976,0.655,0.349
2977,1.161,0.305
2979,0.363,0.388
2980,0.796,0.332
2981,1.171,0.302
2982,0.993,0.313
10182,0.059,0.437
2985,-1.008,0.674
2986,0.852,0.327
2987,0.969,0.318
2988,2.24,0.251
2989,0.832,0.333
2992,0.422,0.386
2993,0.597,0.354
2994,0.066,0.423
2995,-0.193,0.484
2997,0.389,0.39
2998,-0.069,0.453
2999,0.293,0.405
3002,-0.941,0.684
3003,0.274,0.406
3005,-0.522,0.553
3006,-1.008,0.674
3009,0.572,0.345
3010,1.421,0.276
3011,1.175,0.303
3012,-0.074,0.459
3014,-1.008,0.674
3015,0.911,0.325
3016,-0.005,0.457
3017,-0.632,0.584
3018,-0.524,0.556
3020,1.037,0.305
3021,-0.632,0.584
3022,0.926,0.326
3023,-0.514,0.553
3024,-0.336,0.505
3026,-1.008,0.674
3027,-0.632,0.584
3029,-0.241,0.496
3030,0.211,0.422
3031,0.004,0.448
3033,-0.069,0.453
3034,-0.011,0.439
3036,1.011,0.316
3037,-1.008,0.674
3039,-1.008,0.674
3040,0.657,0.342
3041,-1.008,0.674
3043,-0.591,0.571
3044,-0.514,0.553
3045,0.544,0.36
3046,0.34,0.395
3047,0.575,0.357
3048,0.89,0.317
3049,-0.279,0.514
3052,-1.008,0.674
3054,1.115,0.299
3055,0.455,0.372
3056,0.392,0.379
3057,0.258,0.411
3058,1.068,0.31
3059,-1.008,0.674
3060,-1.008,0.674
3061,2.085,0.257
3062,-0.632,0.584
3063,-1.008,0.674
3064,0.355,0.376
3066,0.078,0.439
3067,0.689,0.347
3068,0.167,0.425
3069,0.718,0.337
3071,-0.317,0.517
3072,1.337,0.288
3075,0.034,0.456
3076,0.254,0.405
3077,0.848,0.329
3081,0.281,0.397
3082,1.545,0.271
3083,0.339,0.405
3084,-1.008,0.674
3085,-1.008,0.674
3088,-0.206,0.486
3089,1.19,0.293
3090,0.821,0.325
3091,1.309,0.292
3093,0.33,0.401
3095,0.731,0.351
3096,0.467,0.374
3097,-1.008,0.674
3098,-1.008,0.674
3099,-1.008,0.674
3107,0.395,0.378
3109,-0.232,0.477
3110,-0.433,0.529
3111,0.599,0.361
3113,0.696,0.342
3114,-0.632,0.584
3115,0.096,0.434
3116,-0.502,0.556
3119,-0.433,0.529
3120,0.73,0.338
3122,-0.158,0.474
3123,-1.008,0.674
3124,0.226,0.389
3127,-0.522,0.553
3128,-1.008,0.674
3130,1.267,0.285
3131,1.169,0.28
3132,-0.082,0.474
3133,0.528,0.372
3134,0.067,0.442
3135,-0.483,0.543
3136,0.503,0.364
3138,0.62,0.34
3139,0.343,0.403
3142,0.247,0.415
3143,0.444,0.357
3144,0.626,0.359
3145,0.845,0.332
3147,-1.008,0.674
3148,-0.201,0.492
3150,0.27,0.397
3151,0.569,0.359
3152,-0.467,0.539
3154,0.232,0.401
3156,-0.196,0.498
3159,-1.008,0.674
3160,-0.524,0.556
3161,-1.008,0.674
3163,0.753,0.33
3164,0.587,0.357
3165,0.818,0.332
3167,-1.008,0.674
3168,-1.008,0.674
3169,0.915,0.322
3170,-0.17,0.481
3171,-1.008,0.674
3172,0.11,0.429
3173,-1.008,0.674
3174,-0.27,0.505
3175,0.32,0.393
3177,-0.193,0.484
3181,-1.008,0.674
3183,-0.03,0.442
3184,-0.543,0.564
3185,-0.077,0.458
3186,0.328,0.395
3187,-0.524,0.556
3190,0.169,0.419
3191,-0.498,0.557
3192,0.325,0.392
3193,-0.543,0.564
3194,-0.373,0.513
3195,1.093,0.307
3196,-0.941,0.684
3197,-0.201,0.492
3198,0.984,0.317
3199,0.803,0.319
3200,0.099,0.447
3201,-1.008,0.674
3202,-1.008,0.674
3203,1.554,0.272
3204,1.714,0.263
3206,0.802,0.329
3209,-0.063,0.468
3212,0.532,0.352
3213,0.591,0.356
3214,0.712,0.348
3215,-1.008,0.674
3217,-0.134,0.483
3218,0.055,0.436
3220,-1.008,0.674
3221,0.694,0.35
3222,4.907,0.41
3223,0.236,0.403
3225,-1.008,0.674
3226,0.067,0.423
3227,0.426,0.376
3228,0.956,0.312
3230,-0.988,0.68
3231,0.345,0.393
3232,0.211,0.406
3233,-1.008,0.674
3234,0.245,0.397
3235,0.637,0.334
3236,0.631,0.346
3238,0.196,0.41
3239,-0.514,0.553
3240,-0.632,0.584
3242,-1.008,0.674
3243,0.313,0.405
3244,0.982,0.317
3245,-0.18,0.485
3247,0.419,0.384
3248,0.21,0.427
3249,0.67,0.352
3253,0.4,0.377
3254,0.03,0.446
3256,0.485,0.361
3257,-1.008,0.674
3258,0.738,0.34
3259,-0.433,0.529
3260,0.995,0.299
3261,-0.257,0.502
3264,-0.185,0.464
3265,-1.008,0.674
3266,-1.008,0.674
3268,0.239,0.389
3270,0.912,0.32
3271,0.561,0.356
3272,-1.008,0.674
3273,-0.191,0.484
3274,-1.008,0.674
3275,0.63,0.336
3276,0.235,0.411
3279,-0.08,0.456
3280,1.189,0.293
3281,0.954,0.312
3282,2.028,0.253
3283,-0.543,0.564
3284,-0.591,0.571
3285,0.294,0.376
3286,-0.941,0.684
3287,1.04,0.313
3288,-0.869,0.696
3289,-0.524,0.556
3290,-0.257,0.502
3291,0.003,0.44
3292,0.91,0.306
3294,-1.008,0.674
3295,0.818,0.331
3296,0.317,0.392
3297,-0.522,0.553
3298,-0.01,0.459
3299,-0.052,0.448
3301,-1.008,0.674
3306,0.189,0.414
3307,0.021,0.448
3310,0.988,0.318
3311,1.175,0.297
3312,0.377,0.383
3313,-0.524,0.556
3314,1.16,0.299
3315,-1.008,0.674
3316,0.116,0.423
3318,1.106,0.311
3319,-0.609,0.576
3321,-0.189,0.467
3322,-0.467,0.539
3324,0.238,0.411
3326,0.766,0.342
3327,1.247,0.288
3330,-1.008,0.674
3336,1.264,0.302
3340,0.428,0.377
3341,-0.014,0.457
3342,0.044,0.429
3344,0.741,0.328
3345,0.723,0.336
3346,0.859,0.331
3347,0.266,0.412
3350,1.031,0.291
3352,0.172,0.422
3354,-0.191,0.484
3355,-0.524,0.556
3358,0.355,0.374
3360,-0.433,0.529
3361,1.797,0.264
3362,-0.199,0.486
3364,1.35,0.277
3366,-0.483,0.543
3372,-0.257,0.502
3374,-0.543,0.564
3377,-0.229,0.491
3378,0.594,0.353
3382,0.461,0.353
3384,0.523,0.363
3386,0.773,0.329
3387,-1.008,0.674
3388,-0.609,0.576
3389,1.83,0.258
3390,-1.008,0.674
3392,-1.008,0.674
3394,-1.008,0.674
3397,0.226,0.401
3398,-0.207,0.494
3399,-0.145,0.476
3402,0.203,0.421
3404,0.123,0.409
3405,-1.008,0.674
3406,1.758,0.263
3407,-0.072,0.457
3408,-0.418,0.527
3411,1.297,0.285
3412,-1.008,0.674
3414,-0.373,0.513
3415,1.457,0.28
3416,-1.008,0.674
3418,0.57,0.354
3419,-1.008,0.674
3420,0.298,0.399
3421,0.41,0.355
3422,0.249,0.396
3423,0.483,0.369
3424,0.503,0.369
3428,-1.008,0.674
3430,0.108,0.425
3432,-0.237,0.497
3433,0.392,0.379
3434,-1.008,0.674
3435,1.478,0.277
3437,-0.027,0.429
3438,1.073,0.308
3439,-0.218,0.488
3440,-0.01,0.459
3441,-0.591,0.571
3443,1.218,0.293
3445,1.281,0.281
3446,-1.008,0.674
3448,0.494,0.37
3450,-1.008,0.674
3451,-0.524,0.556
3452,-0.145,0.476
3455,-0.524,0.556
3456,0.913,0.326
3457,0.38,0.378
3458,-0.531,0.569
3460,0.814,0.322
3461,-1.008,0.674
3462,0.358,0.393
3463,-0.433,0.529
3464,0.457,0.377
3465,-0.543,0.564
3466,0.841,0.329
3467,-1.008,0.674
3469,0.821,0.33
3516,1.232,0.297
3517,-0.053,0.465
3519,0.185,0.409
3520,-1.008,0.674
3521,-0.56,0.59
3522,1.65,0.267
3523,0.141,0.423
3525,1.026,0.301
3526,-0.373,0.513
3528,-0.223,0.502
3531,0.885,0.324
3532,-0.14,0.471
3534,0.557,0.354
3536,0.394,0.38
3537,1.892,0.281
3538,1.261,0.283
3539,0.756,0.339
3540,0.875,0.324
3541,1.58,0.271
3544,0.503,0.368
3546,0.368,0.384
3548,-0.524,0.556
3549,-0.609,0.576
3551,-1.008,0.674
3552,1.548,0.269
3553,4.907,0.41
3555,-0.524,0.556
3556,0.067,0.442
3557,-0.264,0.503
3559,0.229,0.398
3560,-0.283,0.511
3561,-0.223,0.502
3562,-0.632,0.584
3563,0.701,0.356
3564,-0.467,0.539
3569,-0.956,0.681
3570,1.765,0.262
3571,-0.264,0.503
3572,1.183,0.3
3575,1.523,0.276
3576,-0.207,0.494
3577,-0.467,0.539
3578,1.922,0.255
3579,0.822,0.332
3582,-0.145,0.476
3583,-0.154,0.476
3584,0.261,0.406
3585,-1.008,0.674
3587,-0.015,0.453
3588,0.358,0.382
3589,0.975,0.313
3590,-0.632,0.584
3594,0.814,0.328
3595,1.53,0.277
3596,1.037,0.311
3597,1.06,0.304
3598,0.86,0.323
3599,-1.008,0.674
3600,-0.337,0.519
3601,-0.543,0.564
3602,-0.27,0.505
3604,0.73,0.326
3607,0.417,0.379
3610,1.258,0.288
3611,0.334,0.391
3615,-0.257,0.502
3616,1.018,0.315
3617,-0.609,0.576
3619,-1.008,0.674
3620,-0.232,0.477
3622,-0.433,0.529
3624,0.945,0.307
3625,-0.201,0.492
3626,1.202,0.296
3630,-1.008,0.674
3634,0.59,0.354
3635,-0.524,0.556
3636,0.77,0.341
3637,0.262,0.393
3638,0.026,0.447
3640,0.338,0.374
3643,-1.008,0.674
3644,-0.209,0.491
3646,-0.232,0.477
3647,0.46,0.375
3650,0.044,0.442
3651,-1.008,0.674
3653,-1.008,0.674
3654,1.116,0.295
10193,-0.433,0.529
3658,0.827,0.325
3661,0.364,0.397
3662,0.391,0.384
3663,0.775,0.331
3666,1.726,0.27
3667,0.11,0.413
3673,-1.008,0.674
3716,-1.008,0.674
3717,-0.524,0.556
3718,1.482,0.275
3719,1.305,0.287
3720,0.45,0.373
3722,0.204,0.407
3723,0.982,0.313
3724,0.29,0.395
3725,-0.522,0.553
3726,-0.19,0.487
3727,0.057,0.427
3728,-1.008,0.674
3729,0.244,0.396
3730,0.487,0.35
3733,0.213,0.404
3735,0.005,0.435
3737,-0.089,0.46
3738,1.205,0.29
3739,0.223,0.418
3740,1.378,0.28
3741,-0.467,0.539
3742,-0.207,0.502
3744,2.258,0.256
3747,-1.008,0.674
3748,2.011,0.254
3751,-0.433,0.529
3754,0.363,0.394
3755,1.528,0.268
3756,0.252,0.412
3757,-0.096,0.48
3758,0.417,0.379
3759,-0.451,0.548
3760,-1.008,0.674
3761,0.562,0.362
3762,-0.591,0.571
3763,-0.591,0.571
3766,1.271,0.285
3767,-1.008,0.674
3768,-1.008,0.674
3769,-0.524,0.556
3770,-0.201,0.492
3771,1.572,0.268
3772,-1.008,0.674
3773,-0.055,0.464
3776,-1.008,0.674
3777,0.618,0.357
3778,1.626,0.274
3779,0.041,0.442
3780,-1.008,0.674
3782,1.84,0.263
3783,-1.008,0.674
3785,-0.204,0.486
3786,0.149,0.419
3787,-0.522,0.553
3788,-0.193,0.484
3790,-0.451,0.548
3791,0.268,0.403
3792,-0.283,0.511
3793,1.827,0.257
3794,-0.169,0.483
3795,0.373,0.397
3796,-0.209,0.491
3798,-1.008,0.674
3799,0.716,0.342
3802,-0.162,0.476
3803,0.397,0.37
3805,2.285,0.255
3806,0.067,0.423
3807,0.66,0.35
3809,0.206,0.42
3811,-1.008,0.674
3812,-0.524,0.556
3813,-0.283,0.511
3815,0.226,0.417
3816,0.961,0.318
3817,0.709,0.342
3820,-0.433,0.529
3821,0.45,0.381
3822,-0.514,0.553
3823,0.392,0.38
3829,-0.159,0.478
3833,-1.008,0.674
3834,-0.524,0.556
3837,0.092,0.435
3838,1.052,0.314
3840,-1.008,0.674
3842,0.248,0.401
3844,-1.008,0.674
3845,0.393,0.383
3846,0.532,0.367
3847,-0.01,0.459
3849,1.281,0.283
3850,-0.591,0.571
3851,-1.008,0.674
3852,0.961,0.319
3853,-0.524,0.556
3854,-0.514,0.553
3855,0.429,0.385
3858,0.005,0.435
3860,1.617,0.27
3862,-1.008,0.674
3865,0.93,0.325
3866,-0.373,0.513
3868,0.167,0.414
3869,-0.514,0.553
3870,0.953,0.321
3871,0.15,0.433
3872,-0.632,0.584
3873,-0.591,0.571
3874,-1.008,0.674
3875,1.377,0.28
3876,0.268,0.395
3877,-0.053,0.465
3878,-0.189,0.503
3879,-0.609,0.576
3880,-1.008,0.674
3882,-0.069,0.453
3883,-0.203,0.494
3884,-1.008,0.674
3885,0.065,0.41
3886,-1.008,0.674
3887,0.364,0.388
3889,0.103,0.44
3890,-0.257,0.502
3891,-1.008,0.674
3893,-0.199,0.486
3894,0.234,0.39
3895,-0.607,0.577
3896,0.943,0.322
3898,2.151,0.288
3899,-1.008,0.674
3900,-0.482,0.558
3901,-0.451,0.548
3902,0.177,0.41
3903,-0.134,0.484
3904,0.524,0.368
3905,0.951,0.31
3906,0.798,0.34
3907,-0.43,0.56
3909,-0.433,0.529
3911,1.168,0.298
3912,0.811,0.331
3914,0.092,0.435
3915,-0.145,0.476
3916,0.407,0.379
3917,0.407,0.377
3918,-0.451,0.548
3919,-0.524,0.556
3920,1.06,0.306
3921,-0.434,0.552
3922,0.835,0.327
3924,-0.127,0.474
3926,-0.609,0.576
3927,0.24,0.408
3928,-1.008,0.674
3929,0.647,0.347
3930,-1.008,0.674
3932,-1.008,0.674
3933,-1.008,0.674
3934,0.03,0.446
3935,0.872,0.322
3936,1.196,0.292
3937,1.329,0.284
3939,0.58,0.359
3940,-1.008,0.674
3942,-1.008,0.674
3943,1.153,0.295
3944,-0.941,0.684
3945,1.172,0.296
3946,0.406,0.387
3947,1.015,0.31
3949,-0.632,0.584
3950,-1.008,0.674
3951,1.084,0.3
3953,-0.982,0.679
3955,-1.008,0.674
3956,-0.22,0.481
3957,-1.008,0.674
3958,1.218,0.306
3962,0.996,0.313
3963,0.594,0.374
3965,1.741,0.271
3966,0.631,0.347
3970,1.201,0.291
3973,1.262,0.289
3974,-0.543,0.564
3975,0.003,0.44
3976,0.513,0.369
3977,0.163,0.418
3979,0.418,0.373
3983,-0.433,0.529
3985,-1.008,0.674
3986,0.324,0.394
3987,-0.365,0.516
3990,-1.008,0.674
3991,0.609,0.35
3993,-1.008,0.674
3996,0.586,0.354
3998,0.308,0.386
3999,-0.229,0.491
4002,0.936,0.311
4003,0.959,0.319
4004,-0.207,0.494
4005,1.884,0.262
4006,-1.008,0.674
4008,1.211,0.287
4009,1.413,0.281
4011,-0.264,0.503
4013,2.024,0.254
4015,-1.008,0.674
4017,-1.008,0.674
4018,-0.609,0.576
4019,0.922,0.32
4020,0.573,0.341
4021,1.536,0.277
4022,1.982,0.257
4024,-0.524,0.556
4025,0.983,0.308
4028,-0.045,0.466
4034,0.509,0.362
4036,0.495,0.372
4037,-0.543,0.564
4038,-0.632,0.584
4039,-0.19,0.487
4041,-1.008,0.674
4042,-0.201,0.492
4043,-1.008,0.674
4044,0.355,0.399
4045,-0.543,0.564
4052,1.461,0.282
4058,-0.54,0.565
4059,0.154,0.421
4060,0.759,0.335
4061,1.026,0.304
4062,-1.008,0.674
4063,0.699,0.336
4067,1.342,0.313
4068,0.457,0.378
4069,-0.19,0.487
4071,1.136,0.297
4072,-0.229,0.493
4074,0.49,0.372
4075,-1.008,0.674
4076,-1.008,0.674
4078,0.772,0.357
4079,-0.543,0.564
4080,1.273,0.282
4081,-1.008,0.674
4082,0.033,0.456
4083,-0.264,0.503
4084,0.597,0.359
4086,-0.201,0.492
4087,0.283,0.398
4089,0.663,0.35
4090,1.015,0.313
4091,0.568,0.37
4093,-0.185,0.464
4095,-0.591,0.571
4096,0.175,0.426
4097,0.926,0.309
4098,-0.317,0.517
4100,0.229,0.413
4102,0.722,0.342
4103,-0.632,0.584
4105,0.326,0.397
4106,-1.008,0.674
4107,-0.514,0.553
4109,-0.19,0.487
4112,-1.008,0.674
4113,0.623,0.357
4114,1.016,0.309
4115,0.88,0.319
4116,0.044,0.442
4117,-0.01,0.459
4118,0.017,0.455
4120,0.01,0.453
4121,-1.008,0.674
4124,0.772,0.34
4125,-0.632,0.584
4126,0.052,0.447
4127,-1.008,0.674
4129,-0.186,0.486
4130,0.229,0.415
4131,0.774,0.314
4133,-0.451,0.548
4134,0.872,0.316
4135,0.423,0.377
4136,1.289,0.279
4137,0.636,0.359
4138,0.389,0.378
4143,1.535,0.275
4144,2.198,0.253
4145,1.092,0.306
4146,1.277,0.283
4148,0.575,0.345
4149,0.037,0.444
4150,-0.418,0.527
4152,0.575,0.36
4153,1.109,0.3
4155,-0.524,0.556
4157,-0.467,0.539
4158,0.726,0.343
4160,0.171,0.427
4161,0.071,0.441
4163,-0.139,0.479
4164,-0.543,0.564
4166,0.397,0.37
4168,-0.514,0.553
4169,0.084,0.427
4171,-0.524,0.556
4172,0.43,0.382
4173,0.696,0.337
4174,-0.264,0.503
4175,0.884,0.321
4176,1.884,0.252
4177,0.962,0.308
4178,-0.524,0.556
4180,0.058,0.43
4182,-0.207,0.494
4183,-1.008,0.674
4184,0.293,0.388
4185,0.614,0.346
4187,-1.008,0.674
4188,1.157,0.295
4189,-1.008,0.674
4191,-0.074,0.517
4192,-0.066,0.456
4194,0.096,0.417
4196,0.842,0.336
4197,0.078,0.439
4198,-0.522,0.553
4199,0.791,0.333
4200,0.052,0.447
4201,-0.524,0.556
4202,0.289,0.405
4203,-1.008,0.674
4204,1.276,0.282
4207,-0.524,0.556
4208,-1.008,0.674
4210,0.427,0.364
4211,-1.008,0.674
4212,0.635,0.347
4213,-1.008,0.674
4214,-0.514,0.553
4215,-0.543,0.564
4216,1.352,0.284
4217,0.945,0.32
4220,0.542,0.363
4221,-0.941,0.684
4222,0.269,0.404
4224,0.154,0.43
4226,-1.008,0.674
4229,-0.543,0.564
4230,-0.522,0.553
4233,-1.008,0.674
4238,0.911,0.312
4240,-0.524,0.556
4241,1.304,0.29
4242,0.272,0.41
4243,0.037,0.433
10134,-0.005,0.457
10091,0.062,0.44
10105,-0.543,0.564
4251,0.861,0.324
4253,-1.008,0.674
4254,0.763,0.337
10094,-0.071,0.455
4256,-0.543,0.564
10233,-0.204,0.486
10166,0.054,0.452
10118,-0.01,0.459
4260,0.825,0.319
4262,-0.272,0.503
4264,-1.008,0.674
10111,0.612,0.358
4267,0.971,0.313
10181,-0.201,0.492
10108,-1.008,0.674
4270,0.331,0.389
4272,0.599,0.353
4274,-0.433,0.529
4275,0.271,0.407
4276,-0.543,0.564
4277,0.096,0.437
10119,1.024,0.308
10163,0.223,0.418
10133,-0.471,0.569
4281,0.908,0.313
10123,-1.008,0.674
10143,-0.632,0.584
10180,0.404,0.375
10160,0.735,0.345
4287,-1.008,0.674
10158,-0.207,0.494
10097,0.251,0.413
10113,0.49,0.37
4291,0.259,0.397
10106,-1.008,0.674
4294,-0.543,0.564
4296,-1.008,0.674
10135,-1.008,0.674
4299,0.73,0.341
10174,0.58,0.359
4301,-1.008,0.674
4304,1.62,0.27
4306,0.092,0.418
4308,-0.169,0.483
4309,-1.008,0.674
10102,0.615,0.351
10138,0.241,0.413
4314,-0.481,0.56
4315,0.357,0.399
10175,1.108,0.302
4318,0.506,0.359
4319,-1.008,0.674
4320,0.345,0.379
4321,0.956,0.318
10171,0.653,0.342
4324,0.207,0.405
10129,0.313,0.396
10156,-0.524,0.556
10227,0.052,0.447
10112,0.021,0.448
10147,-1.008,0.674
10124,-0.632,0.584
4333,-0.19,0.487
4334,0.376,0.385
10139,-1.008,0.674
10122,0.189,0.414
10179,0.384,0.382
10140,-1.008,0.674
10132,-0.514,0.553
4340,0.667,0.341
4341,-1.008,0.674
4342,1.422,0.283
10167,-1.008,0.674
10161,1.038,0.304
4345,0.038,0.445
4346,0.602,0.343
4347,0.412,0.389
4348,-1.008,0.674
4349,-0.632,0.584
10202,0.441,0.385
10192,-0.522,0.553
4353,0.55,0.354
4354,-0.272,0.503
4355,-1.008,0.674
10232,0.923,0.324
4358,0.644,0.343
4360,1.492,0.273
10206,0.366,0.381
4363,0.927,0.316
10211,0.65,0.35
10207,-1.008,0.674
4366,0.455,0.362
10230,-1.008,0.674
10205,0.257,0.408
10221,-1.008,0.674
4372,0.378,0.393
4373,-0.203,0.494
4374,0.392,0.368
4375,0.431,0.37
4378,1.519,0.274
4382,1.156,0.294
4385,-1.008,0.674
10209,0.969,0.314
10198,0.812,0.334
10208,-0.102,0.481
4392,-0.56,0.59
10215,0.504,0.369
4395,-0.632,0.584
4403,-1.008,0.674
4404,-0.632,0.584
10229,-1.008,0.674
4409,0.934,0.322
4411,-0.39,0.539
4413,-0.524,0.556
4414,-0.632,0.584
10200,-1.008,0.674
10214,0.599,0.352
4422,-0.158,0.496
10199,0.514,0.364
4426,-0.059,0.461
10224,0.837,0.327
10220,-1.008,0.674
4430,-1.008,0.674
4433,0.937,0.308
4435,1.409,0.284
4436,-1.008,0.674
4438,-0.264,0.503
4439,0.196,0.414
10194,-0.037,0.461
4441,-1.008,0.674
10226,0.553,0.351
10212,0.939,0.322
4447,0.246,0.412
10228,-0.632,0.584
4449,-1.008,0.674
10219,-1.008,0.674
4451,-0.514,0.553
4452,0.767,0.331
4453,-0.203,0.494
4454,4.907,0.41
4458,0.351,0.389
10195,-0.514,0.553
4460,0.142,0.421
4461,-1.008,0.674
4466,0.535,0.362
4468,0.254,0.384
4469,-0.591,0.571
4470,-1.008,0.674
4471,-0.207,0.494
4472,-0.609,0.576
4473,0.893,0.322
4474,0.391,0.381
4476,0.865,0.328
4478,-0.609,0.576
10204,0.067,0.442
4483,1.368,0.275
10234,-0.283,0.511
4490,1.174,0.305
10231,-0.085,0.462
10196,0.057,0.427
10216,-0.524,0.556
4497,0.035,0.43
4499,-0.19,0.487
4500,0.207,0.405
4502,0.894,0.326
4504,1.006,0.313
4506,-0.094,0.461
4507,0.705,0.316
4508,-0.207,0.494
4509,1.675,0.262
4510,-0.418,0.527
4511,-0.591,0.571
4512,1.402,0.282
4514,0.124,0.424
4515,0.391,0.384
4516,0.704,0.334
4518,0.799,0.326
4519,-0.206,0.486
4520,-0.609,0.576
4521,0.052,0.447
4522,0.596,0.36
4524,0.98,0.321
4525,0.983,0.308
4528,0.821,0.331
4530,1.166,0.296
4531,-0.27,0.505
4532,-0.045,0.449
4534,0.819,0.332
4535,0.711,0.333
4536,-1.008,0.674
4538,0.323,0.394
4539,-0.543,0.564
4540,-1.008,0.674
4541,-1.008,0.674
4542,0.044,0.429
4543,1.028,0.304
4544,0.923,0.315
4545,1.1,0.3
4547,0.469,0.375
4548,1.33,0.284
4550,0.282,0.399
4551,0.739,0.334
4552,1.394,0.279
4553,0.238,0.401
4554,-0.01,0.459
4555,-1.008,0.674
4556,1.089,0.29
4558,-1.008,0.674
4559,1.333,0.276
4560,0.284,0.403
4562,-1.008,0.674
4563,-0.159,0.478
4565,-0.467,0.539
4566,0.222,0.405
10235,0.572,0.361
4568,0.124,0.467
4569,0.84,0.321
4570,1.211,0.29
4571,0.258,0.415
4573,1.861,0.263
4574,0.651,0.356
4575,1.034,0.3
4576,-0.223,0.502
4577,-0.135,0.471
4578,-1.008,0.674
4581,1.468,0.281
4582,-0.283,0.511
4584,-0.632,0.584
4585,-0.524,0.556
4586,-0.632,0.584
4587,-0.467,0.539
4588,-0.158,0.474
4590,0.272,0.41
4591,0.271,0.407
4592,1.918,0.262
4593,0.7,0.345
4595,0.765,0.339
4596,0.663,0.355
4597,-0.418,0.527
4598,-1.008,0.674
4599,0.486,0.374
4600,0.439,0.389
4602,-1.008,0.674
4606,1.043,0.307
4607,-0.324,0.515
4608,-0.102,0.465
4609,0.799,0.339
4610,1.266,0.29
4612,-0.324,0.515
4613,0.252,0.417
4614,0.283,0.405
4615,0.63,0.358
4616,0.7,0.345
4618,1.123,0.31
4619,0.046,0.437
4620,-1.008,0.674
4623,-0.145,0.476
4625,-0.204,0.486
4626,-1.008,0.674
4627,0.576,0.37
4628,0.031,0.441
4629,1.359,0.289
4630,-0.232,0.477
4631,-1.008,0.674
4632,-0.043,0.448
4633,0.741,0.333
4634,0.475,0.365
4635,1.06,0.304
4636,0.504,0.355
4638,0.62,0.358
4639,-1.008,0.674
4640,0.732,0.351
4641,0.154,0.421
4643,0.599,0.358
4644,1.288,0.282
4645,-0.229,0.493
4646,-0.609,0.576
4647,-0.18,0.485
4648,1.814,0.258
4650,-0.524,0.556
4651,-0.522,0.553
4652,1.251,0.297
4653,-1.008,0.674
4654,0.834,0.336
4656,-0.154,0.476
4657,-0.522,0.553
4658,0.088,0.419
4659,0.477,0.353
4661,-0.01,0.459
4662,-0.011,0.439
4663,0.55,0.361
4664,-1.008,0.674
4665,1.023,0.311
4667,0.069,0.423
4668,-0.283,0.511
4670,-0.264,0.503
4671,-1.008,0.674
4673,-0.543,0.564
4676,-1.008,0.674
4677,-1.008,0.674
4678,-0.336,0.505
4679,-1.008,0.674
4681,0.776,0.331
4682,1.914,0.261
4683,0.461,0.365
4684,-0.053,0.465
4685,0.211,0.422
4686,-1.008,0.674
4687,-0.26,0.497
4688,1.888,0.378
4690,-0.27,0.505
4692,-0.543,0.564
4693,0.005,0.434
4694,-1.008,0.674
4696,-0.514,0.553
4697,-1.008,0.674
4698,1.997,0.255
4699,0.89,0.321
4700,0.464,0.372
4701,-1.008,0.674
4702,0.528,0.357
4703,0.744,0.348
4704,0.759,0.33
4705,-0.193,0.484
10217,-1.008,0.674
4707,0.334,0.391
4709,0.616,0.356
4710,-0.632,0.584
4712,0.934,0.318
4714,-0.154,0.476
4715,0.013,0.436
4717,-0.632,0.584
4718,0.928,0.319
4719,-0.283,0.511
4720,-0.056,0.452
4721,-0.043,0.448
4722,0.378,0.384
4723,-0.536,0.567
4724,-0.467,0.539
4726,0.825,0.325
4727,0.209,0.416
4728,-0.467,0.539
4732,0.326,0.397
4733,-0.524,0.556
4735,0.582,0.358
4736,0.201,0.394
4738,-1.008,0.674
4739,1.118,0.299
4740,0.656,0.347
4741,1.475,0.276
4742,-0.169,0.483
4743,-1.008,0.674
4744,0.275,0.395
4746,-1.008,0.674
4747,-0.072,0.455
4748,-0.204,0.486
4749,0.247,0.4
4750,-0.223,0.502
4751,0.83,0.332
4752,-0.543,0.564
4753,-1.008,0.674
4754,-1.008,0.674
4756,0.118,0.428
4757,-1.008,0.674
4759,-0.483,0.543
4761,-1.008,0.674
4763,-1.008,0.674
4765,-1.008,0.674
4766,1.553,0.273
4767,-1.006,0.675
4768,-0.522,0.553
4769,-1.008,0.674
4770,0.451,0.381
4771,-1.008,0.674
4773,-0.127,0.467
4775,0.691,0.347
4776,0.214,0.417
4777,0.425,0.373
4779,-1.008,0.674
4780,-0.19,0.487
4781,-0.27,0.505
4783,0.278,0.408
4787,0.547,0.352
4788,-0.418,0.527
4790,-0.03,0.468
4793,-0.524,0.556
4794,0.217,0.392
4796,-1.008,0.674
4800,0.429,0.373
4801,-0.207,0.494
4802,1.042,0.312
4803,-0.609,0.576
4804,0.825,0.335
4805,1.42,0.287
4806,-1.008,0.674
4808,0.98,0.317
4809,-1.008,0.674
4810,0.399,0.379
4811,-0.408,0.53
4812,-1.008,0.674
4813,-1.008,0.674
4815,1.583,0.28
4816,1.429,0.286
4817,1.053,0.291
4818,0.699,0.345
4819,-0.232,0.477
4821,-1.008,0.674
4822,-0.125,0.479
4824,-0.27,0.505
4825,0.784,0.321
4826,-1.008,0.674
4829,2.493,0.252
4830,1.138,0.298
4831,1.095,0.302
4832,-0.483,0.543
4833,1.412,0.288
4835,-1.008,0.674
4836,1.51,0.281
4837,-0.609,0.576
4838,-0.451,0.548
4839,0.655,0.343
4840,-0.193,0.484
4841,-1.008,0.674
4843,0.707,0.335
4844,-0.112,0.465
4845,1.008,0.306
4846,-1.008,0.674
4847,-1.008,0.674
4848,0.736,0.32
4850,2.083,0.251
4851,-1.008,0.674
4852,-1.008,0.674
4853,1.558,0.272
4855,-1.008,0.674
4856,0.214,0.417
4857,1.295,0.289
4858,-0.543,0.564
4859,0.052,0.447
4860,-1.008,0.674
4861,0.473,0.377
4862,0.946,0.32
4863,-1.008,0.674
4864,-0.324,0.515
4865,0.757,0.334
4866,-1.008,0.674
4867,1.042,0.304
4868,-0.204,0.486
4871,-1.008,0.674
4872,0.514,0.368
4874,-1.008,0.674
4876,-0.131,0.47
4878,-1.008,0.674
4879,-0.336,0.505
4880,-0.005,0.457
4881,0.707,0.342
4883,0.753,0.337
4884,0.36,0.375
4885,-0.543,0.564
4886,-0.418,0.527
4888,-0.27,0.506
4889,-0.204,0.486
4891,0.486,0.372
4892,0.005,0.434
4893,0.921,0.303
4895,-0.27,0.506
4897,0.341,0.387