ff_id,Int,Int_SE
1,0.837,0.306
2,-0.115,0.349
4,0.929,0.315
5,0.847,0.314
6,-0.729,0.502
7,0.264,0.317
8,-0.459,0.41
11,-1.207,0.623
13,-0.168,0.371
16,-1.207,0.623
19,0.524,0.327
20,1.962,0.322
21,-1.378,0.624
22,0.158,0.364
24,-1.378,0.624
26,0.135,0.345
28,-0.491,0.426
29,-1.378,0.624
30,1.727,0.317
31,0.014,0.354
38,0.757,0.311
41,-0.219,0.38
42,0.105,0.353
43,-0.2,0.363
45,-1.378,0.624
47,1.285,0.317
48,1.22,0.31
49,-0.195,0.402
52,0.956,0.318
54,-0.365,0.391
55,0.068,0.326
58,-0.016,0.352
59,0.168,0.365
61,-0.346,0.393
63,-0.679,0.447
66,-1.378,0.624
68,-1.378,0.624
69,-0.227,0.375
70,-1.378,0.624
71,-1.378,0.624
73,1.263,0.314
74,-1.045,0.536
75,-0.852,0.503
77,0.291,0.318
78,1.227,0.307
79,-0.407,0.417
81,0.226,0.334
82,-0.085,0.349
83,0.061,0.325
84,1.524,0.323
86,0.611,0.318
87,-0.489,0.415
88,0.628,0.309
89,0.271,0.34
91,1.235,0.314
95,-0.206,0.359
96,1.196,0.311
97,1.857,0.319
98,1.091,0.309
100,0.931,0.318
101,-0.49,0.418
102,-0.393,0.419
103,0.637,0.297
104,0.177,0.327
105,0.876,0.314
106,-0.155,0.378
107,1.622,0.313
109,-0.359,0.392
110,0.294,0.333
112,0.251,0.347
114,-0.132,0.364
116,-0.497,0.408
117,1.115,0.317
118,0.728,0.321
120,-1.045,0.536
122,0.383,0.342
126,-0.821,0.498
127,-0.671,0.464
128,1.445,0.322
130,-0.622,0.455
132,0.17,0.355
133,-0.473,0.421
135,0.243,0.319
136,-0.101,0.363
137,1.421,0.312
139,-0.153,0.369
144,0.242,0.321
146,0.646,0.308
147,0.394,0.336
148,-0.196,0.394
151,0.035,0.34
156,-0.852,0.503
158,-0.891,0.507
159,1.548,0.32
160,-0.415,0.41
161,2.103,0.338
162,0.918,0.326
164,-0.423,0.386
165,0.212,0.351
166,0.989,0.321
167,0.336,0.338
168,1.527,0.324
170,1.388,0.312
171,-0.974,0.525
172,-1.378,0.624
173,-0.095,0.359
175,-0.445,0.414
178,-1.045,0.536
179,0.147,0.337
181,1.356,0.311
182,-1.378,0.624
185,-0.68,0.471
187,1.344,0.324
188,-0.677,0.462
190,-1.378,0.624
191,0.498,0.315
194,-1.378,0.624
195,0.351,0.327
197,-0.182,0.367
198,0.005,0.366
200,0.913,0.314
202,-0.029,0.353
203,0.635,0.319
204,-0.243,0.403
205,-0.627,0.429
207,0.879,0.325
209,-0.677,0.462
210,-0.005,0.363
211,0.25,0.345
212,0.337,0.341
216,1.136,0.306
217,0.937,0.312
218,0.319,0.319
219,-1.378,0.624
221,0.826,0.331
222,-0.109,0.351
227,-1.045,0.536
228,0.138,0.356
231,-1.046,0.531
232,-0.802,0.461
237,0.511,0.34
238,0.288,0.325
239,0.716,0.306
242,-0.386,0.403
243,0.236,0.348
244,1.079,0.311
245,0.893,0.316
246,0.798,0.325
248,-1.378,0.624
249,0.093,0.349
250,-0.852,0.503
251,0.06,0.362
252,0.889,0.323
253,-0.137,0.386
254,-0.127,0.341
255,1.381,0.318
259,0.735,0.31
263,0.485,0.329
267,0.924,0.316
269,0.981,0.311
271,1.326,0.307
272,1.024,0.311
274,0.215,0.345
275,-0.213,0.367
276,-0.366,0.406
277,-0.051,0.337
278,0.695,0.298
279,0.453,0.324
280,0.623,0.313
281,-0.833,0.488
287,1.39,0.312
288,1.283,0.317
291,0.4,0.325
292,1.164,0.318
293,-0.852,0.503
294,0.212,0.352
295,-0.612,0.519
296,0.475,0.307
297,1.672,0.315
298,0.601,0.338
299,1.074,0.304
301,-0.605,0.436
302,-0.346,0.408
304,0.818,0.301
305,-0.891,0.507
306,0.591,0.332
307,0.765,0.326
309,0.809,0.307
312,-1.046,0.531
313,0.907,0.309
315,0.38,0.343
317,0.27,0.321
318,-0.852,0.503
319,-1.378,0.624
320,0.892,0.309
321,0.229,0.321
322,1.137,0.316
325,2.043,0.332
326,0.262,0.35
327,0.157,0.345
330,0.329,0.337
331,0.449,0.323
332,-1.378,0.624
334,-0.15,0.37
335,-0.833,0.488
336,1.004,0.317
337,-1.095,0.548
339,0.879,0.31
340,0.124,0.331
342,-0.407,0.417
343,0.594,0.308
344,-0.852,0.503
346,0.021,0.345
348,-0.173,0.369
349,0.031,0.364
351,-0.002,0.336
353,0.678,0.318
354,0.354,0.322
355,-0.208,0.363
357,-0.123,0.37
358,-0.75,0.465
360,0.834,0.32
364,-0.131,0.378
366,-0.676,0.465
367,-0.474,0.408
368,0.235,0.349
369,-0.501,0.431
371,1.311,0.312
375,0.828,0.319
376,0.012,0.349
377,-1.378,0.624
378,0.039,0.332
379,-1.045,0.536
380,0.002,0.356
381,0.745,0.322
383,-0.232,0.389
385,-0.033,0.36
386,0.284,0.337
388,-0.974,0.525
389,-0.683,0.445
390,-0.322,0.412
391,-0.802,0.461
392,1.504,0.319
395,-1.378,0.624
397,0.493,0.322
398,-0.135,0.368
399,0.072,0.335
401,-1.378,0.624
402,1.681,0.317
403,0.961,0.32
404,0.232,0.332
405,0.829,0.323
407,1.029,0.32
408,-0.259,0.354
409,0.157,0.32
410,-0.249,0.384
411,-0.541,0.424
412,0.836,0.317
413,-0.396,0.42
414,0.608,0.311
415,-0.414,0.411
417,-1.045,0.536
421,-1.378,0.624
423,-0.396,0.408
425,0.691,0.307
426,0.238,0.329
428,1.612,0.313
429,0.732,0.306
435,1.412,0.317
437,-0.438,0.395
439,-1.378,0.624
441,-0.064,0.358
442,-0.206,0.359
443,-0.371,0.416
444,-1.378,0.624
445,-1.378,0.624
446,0.052,0.335
448,-0.575,0.432
450,-0.395,0.425
452,-0.079,0.362
453,1.683,0.315
454,2.066,0.325
455,1.734,0.315
458,-1.378,0.624
459,-0.411,0.414
460,0.162,0.324
461,-0.622,0.431
462,-1.378,0.624
464,-1.045,0.536
465,-1.378,0.624
470,-1.378,0.624
471,-0.081,0.372
472,-0.498,0.417
473,-0.501,0.431
474,-0.974,0.525
475,-0.42,0.402
478,1.086,0.309
479,-1.378,0.624
480,-1.378,0.624
481,-0.13,0.349
482,-0.196,0.369
483,-0.303,0.382
484,0.682,0.309
487,0.915,0.311
489,-0.833,0.488
491,-1.378,0.624
492,-0.743,0.474
493,0.464,0.315
495,-0.743,0.474
496,0.25,0.33
499,1.883,0.321
503,-1.378,0.624
504,-1.378,0.624
505,-1.378,0.624
506,0.052,0.35
507,0.287,0.325
509,0.215,0.344
510,-0.504,0.418
512,0.714,0.313
513,-1.045,0.536
515,-0.135,0.372
516,-0.852,0.503
517,-1.045,0.536
518,0.165,0.349
519,0.769,0.31
522,-0.294,0.386
524,1.417,0.311
525,0.065,0.346
526,0.253,0.321
527,-0.807,0.479
528,-1.25,0.628
532,-0.489,0.415
533,-0.322,0.412
535,0.922,0.313
538,1.372,0.355
539,-1.061,0.62
541,1.158,0.306
542,0.885,0.321
544,-0.47,0.436
545,0.784,0.315
546,1.54,0.319
548,-1.095,0.548
550,-0.852,0.503
551,-0.622,0.455
552,-0.439,0.418
555,-1.046,0.531
557,1.109,0.31
558,-0.324,0.411
560,0.969,0.311
561,0.983,0.318
562,1.055,0.314
564,-1.378,0.624
565,-0.192,0.369
567,-0.489,0.415
568,0.572,0.319
570,-0.247,0.384
571,-0.841,0.489
573,-0.647,0.457
575,-0.509,0.403
576,1.435,0.321
578,-0.068,0.361
579,-0.196,0.375
581,-0.053,0.35
582,-0.852,0.503
583,0.49,0.313
584,-0.68,0.471
586,1.238,0.311
587,-0.068,0.365
588,-1.061,0.62
589,-0.09,0.374
591,-0.68,0.471
593,-0.251,0.399
595,-1.378,0.624
596,-0.164,0.366
600,1.293,0.313
601,-1.378,0.624
603,1.049,0.305
604,1.411,0.313
605,-1.378,0.624
608,-0.448,0.412
609,0.401,0.327
610,-0.807,0.479
612,1.382,0.315
613,1.287,0.311
614,0.347,0.33
617,1.679,0.314
619,0.006,0.342
622,0.066,0.34
623,0.163,0.338
625,-0.291,0.413
626,0.181,0.338
627,1.01,0.326
628,-0.42,0.396
632,0.618,0.332
634,1.373,0.309
635,-0.974,0.525
636,1.724,0.324
637,0.542,0.315
638,0.062,0.344
640,0.295,0.338
642,-0.305,0.394
643,0.436,0.33
646,0.082,0.359
647,-0.144,0.421
648,0.208,0.352
649,0.067,0.337
650,0.944,0.329
651,-0.75,0.465
653,-1.046,0.531
656,-1.045,0.536
657,0.3,0.334
658,1.528,0.317
659,1.744,0.32
661,-0.891,0.507
662,1.547,0.316
663,0.305,0.332
664,-0.201,0.366
665,-0.841,0.489
666,0.865,0.318
669,-0.135,0.388
671,-0.294,0.399
672,-0.717,0.461
673,0.915,0.322
674,0.942,0.309
675,-0.821,0.498
676,2.633,0.374
677,0.422,0.338
679,1.073,0.321
680,-0.852,0.503
681,-0.743,0.474
682,-0.04,0.366
685,0.075,0.349
686,-0.195,0.402
687,1.565,0.315
688,0.733,0.327
690,0.208,0.339
691,-0.677,0.462
692,0.477,0.323
693,0.17,0.355
694,0.186,0.347
697,0.768,0.309
699,0.238,0.339
700,-0.845,0.486
701,-0.712,0.468
702,0.14,0.349
703,0.433,0.334
704,-0.542,0.411
706,0.542,0.319
711,0.679,0.314
715,-1.045,0.536
717,0.719,0.328
719,-0.821,0.498
720,1.021,0.319
721,0.266,0.332
722,-1.378,0.624
723,0.273,0.341
724,1.557,0.319
727,0.757,0.311
733,1.421,0.312
734,-0.891,0.507
735,0.485,0.336
737,1.357,0.316
739,-0.807,0.479
740,-0.095,0.385
741,0.715,0.326
742,0.941,0.315
743,-0.244,0.373
744,0.727,0.304
746,0.153,0.36
747,0.435,0.329
749,-1.045,0.536
750,0.343,0.34
751,-0.261,0.394
753,-1.378,0.624
754,0.09,0.362
759,-0.625,0.415
760,0.504,0.338
761,2.035,0.336
762,1.612,0.327
763,-0.833,0.488
764,-0.974,0.525
765,-0.237,0.389
767,-0.289,0.403
768,-0.97,0.511
769,-0.655,0.444
770,-1.046,0.531
771,0.513,0.314
772,1.58,0.314
773,0.011,0.377
774,0.873,0.307
780,-0.845,0.486
781,0.277,0.322
782,-1.378,0.624
783,-0.255,0.366
784,-0.017,0.345
787,-1.378,0.624
789,-0.494,0.432
790,0.308,0.338
791,-1.045,0.536
798,-1.046,0.531
800,0.262,0.347
801,0.291,0.35
802,-1.378,0.624
804,0.094,0.348
805,-0.11,0.363
806,0.162,0.342
807,0.902,0.321
808,-1.378,0.624
809,1.322,0.318
810,-0.465,0.416
811,-0.538,0.431
812,1.124,0.311
813,-0.677,0.462
814,-0.821,0.498
815,0.243,0.336
816,0.064,0.362
817,0.672,0.316
818,-0.974,0.525
820,-1.046,0.531
821,-0.57,0.433
822,-0.852,0.503
823,1.517,0.32
824,1.229,0.31
825,1.181,0.307
826,0.287,0.336
827,-0.393,0.391
828,0.603,0.31
829,0.413,0.323
830,-1.378,0.624
831,-1.378,0.624
835,-0.161,0.373
836,-0.807,0.479
838,0.42,0.315
839,1.308,0.31
840,-1.378,0.624
841,-0.852,0.503
842,0.746,0.308
843,0.873,0.32
844,0.243,0.324
847,-0.852,0.503
848,0.012,0.355
849,-1.095,0.548
850,0.307,0.327
851,-0.276,0.384
852,-0.75,0.465
853,0.684,0.312
854,0.487,0.322
855,0.178,0.348
856,-0.974,0.525
858,-1.25,0.628
859,-0.239,0.369
860,-0.449,0.403
862,-1.378,0.624
863,1.658,0.316
865,-0.891,0.507
866,0.209,0.347
867,1.374,0.306
869,0.795,0.325
870,0.268,0.342
871,0.131,0.324
872,-0.153,0.357
873,-1.045,0.536
874,1.026,0.314
875,-0.148,0.355
880,-0.587,0.452
882,-0.406,0.384
883,0.347,0.34
884,-0.754,0.463
887,-0.563,0.438
888,1.056,0.319
889,0.892,0.314
890,0.132,0.348
10177,-1.045,0.536
892,-0.426,0.416
893,0.512,0.304
894,0.06,0.376
895,-0.475,0.435
896,-1.378,0.624
897,1.939,0.322
898,1.128,0.306
899,0.486,0.325
900,-0.57,0.433
901,-0.57,0.433
902,1.367,0.318
903,0.437,0.317
905,0.379,0.342
906,1.994,0.324
908,0.161,0.338
910,-1.378,0.624
911,-0.817,0.52
912,-0.197,0.37
913,-1.378,0.624
914,0.176,0.35
915,-0.117,0.372
917,-0.157,0.387
919,-0.128,0.381
921,0.14,0.336
922,-0.574,0.426
923,-0.891,0.507
924,0.294,0.348
925,-0.626,0.441
926,0.104,0.353
928,-1.378,0.624
929,-0.664,0.505
930,-0.056,0.351
932,0.666,0.314
933,-0.009,0.342
934,1.064,0.312
935,0.478,0.315
936,0.857,0.316
937,-0.439,0.418
938,-0.223,0.402
10184,1.487,0.32
940,0.207,0.344
941,-0.974,0.525
943,-0.845,0.486
945,0.321,0.337
946,0.594,0.333
947,0.828,0.308
948,1.456,0.311
949,-0.062,0.344
950,0.024,0.373
951,0.063,0.355
952,0.164,0.324
953,0.218,0.344
954,0.93,0.32
956,0.473,0.341
958,-0.022,0.372
959,-0.891,0.507
960,0.521,0.321
961,1.745,0.32
962,0.819,0.319
963,1.162,0.313
964,0.734,0.323
965,-0.563,0.438
966,0.353,0.323
967,-1.378,0.624
968,-0.039,0.344
969,0.13,0.336
971,-0.97,0.511
972,-1.378,0.624
973,0.971,0.313
975,0.429,0.317
976,-1.045,0.536
977,-1.378,0.624
978,-0.195,0.402
979,0.972,0.32
981,-1.378,0.624
982,0.25,0.343
983,-0.426,0.397
984,-1.045,0.536
985,-0.117,0.355
986,-0.622,0.455
987,-1.378,0.624
988,0.006,0.365
989,2.548,0.376
990,-0.647,0.457
991,1.038,0.312
992,-0.046,0.356
993,1.161,0.319
994,0.096,0.343
996,-0.298,0.408
10019,-0.229,0.393
998,1.238,0.319
10100,-0.528,0.442
10153,0.55,0.314
10023,0.266,0.341
10033,-0.091,0.388
10001,0.328,0.321
10107,-0.845,0.486
10187,0.639,0.326
1011,-0.845,0.486
10014,0.312,0.338
10136,0.311,0.333
10137,0.141,0.352
10018,0.377,0.327
1019,2.006,0.323
10148,0.375,0.344
1022,-1.045,0.536
1025,-1.378,0.624
10128,0.492,0.321
1027,1.424,0.323
1028,0.316,0.342
10115,-0.587,0.452
10021,-0.807,0.479
10185,-1.095,0.548
10013,1.006,0.314
10237,0.879,0.323
1035,-1.378,0.624
10047,-1.378,0.624
10064,0.291,0.318
1039,0.688,0.298
10015,1.158,0.311
1041,0.91,0.322
10011,0.896,0.35
10152,-0.257,0.375
1045,-1.045,0.536
1046,0.644,0.319
10034,-0.498,0.417
10050,1.003,0.31
1051,0.874,0.32
10165,1.158,0.311
1054,0.451,0.312
10089,-0.52,0.421
10055,0.119,0.346
1058,-0.587,0.452
1059,0.112,0.325
10032,-0.346,0.393
10039,0.906,0.319
1063,0.885,0.316
10012,-0.289,0.366
10063,0.563,0.314
10170,1.5,0.313
10084,0.142,0.352
10046,-1.045,0.536
10027,0.437,0.335
1071,-0.015,0.353
1072,-0.252,0.375
1073,-0.317,0.367
1074,-1.378,0.624
10009,0.495,0.308
10083,1.038,0.315
10085,0.136,0.34
10077,0.933,0.318
10004,0.968,0.309
10104,0.26,0.354
10081,-1.378,0.624
10054,-0.538,0.431
10076,-0.68,0.471
10036,0.408,0.327
10078,0.127,0.334
10088,-0.68,0.471
10030,0.849,0.326
1091,-1.095,0.548
10005,-0.301,0.378
10114,0.375,0.329
1095,-0.154,0.368
10090,0.545,0.325
1099,0.424,0.331
10164,1.092,0.314
1101,-0.223,0.411
10048,2.491,0.353
10190,-0.344,0.418
1104,0.292,0.342
1105,-1.045,0.536
10010,-0.438,0.395
1108,-0.272,0.396
10201,-0.029,0.353
1110,-0.303,0.382
1111,1.047,0.312
10154,0.489,0.33
10003,0.36,0.323
10075,-1.378,0.624
10176,-1.095,0.548
10038,1.649,0.314
10053,0.815,0.316
10116,-0.671,0.464
1122,1.376,0.307
10236,1.211,0.307
10096,-0.891,0.507
10043,0.715,0.326
1128,1.209,0.305
10127,0.418,0.329
10173,0.635,0.306
10074,-0.124,0.383
1133,0.479,0.319
1134,-0.891,0.507
1135,0.035,0.367
10210,0.45,0.337
10024,0.08,0.352
1139,1.031,0.31
10022,-0.587,0.452
1141,-0.023,0.367
1143,-0.297,0.372
10026,-1.378,0.624
10188,-0.415,0.41
1146,0.365,0.326
1147,-0.57,0.435
1148,0.975,0.32
1149,-0.619,0.462
10007,0.951,0.319
10079,-0.273,0.401
10159,-0.296,0.399
1155,-1.378,0.624
1156,0.774,0.321
10131,-0.821,0.498
10120,0.11,0.342
1161,-0.367,0.401
10125,1.167,0.312
1163,-0.118,0.355
10008,-0.619,0.462
10146,-0.062,0.344
10130,0.977,0.32
1171,-1.045,0.536
10052,-0.275,0.415
1175,0.788,0.316
1177,-0.28,0.389
10141,0.184,0.344
10095,-0.16,0.379
10045,-1.378,0.624
10037,-0.518,0.419
1183,-0.134,0.39
1184,0.276,0.333
10144,-1.378,0.624
1187,-0.852,0.503
1188,-0.891,0.507
10109,0.985,0.306
10183,-1.362,0.638
1191,-0.034,0.378
1193,0.152,0.336
1194,1.412,0.318
10031,0.922,0.311
10178,-0.712,0.468
10151,-0.258,0.395
10042,-0.047,0.378
1199,0.444,0.32
10117,0.751,0.315
10099,-0.876,0.483
1204,1.146,0.322
10020,0.503,0.306
10069,-0.324,0.378
10145,-1.378,0.624
10066,-0.427,0.422
10025,1.295,0.312
10110,0.179,0.325
10056,0.04,0.356
1213,0.657,0.319
1214,0.611,0.317
10098,0.097,0.344
10057,0.468,0.312
10006,0.188,0.347
10126,0.253,0.345
10162,-0.374,0.388
10073,-0.616,0.455
10189,-0.407,0.393
10060,-1.378,0.624
10062,-0.224,0.394
10142,-1.378,0.624
1230,0.382,0.324
10101,-1.061,0.62
10065,-0.647,0.457
10061,0.038,0.35
10103,-1.378,0.624
1236,0.254,0.345
1237,-1.378,0.624
1238,-0.054,0.359
10051,-0.439,0.418
1240,1.595,0.314
1242,1.297,0.315
1244,0.343,0.322
10093,0.914,0.307
10092,-1.378,0.624
10149,-0.134,0.39
10041,0.077,0.339
10169,-0.743,0.474
1252,-1.378,0.624
10070,0.774,0.325
1255,1.358,0.318
1256,0.183,0.335
1257,-1.378,0.624
1260,0.446,0.31
1261,-1.045,0.536
1262,-0.343,0.404
10059,1.095,0.31
1264,0.61,0.314
1266,0.885,0.323
10068,-0.634,0.449
1268,-0.062,0.344
10058,-0.007,0.366
1271,1.252,0.316
1273,-1.378,0.624
10168,0.186,0.319
1276,1.71,0.314
10035,0.312,0.328
1278,-0.625,0.415
10172,-1.378,0.624
10186,-1.378,0.624
10016,-0.852,0.503
10002,1.371,0.319
10040,0.405,0.339
10080,0.262,0.345
10071,0.493,0.32
10191,-1.378,0.624
1288,0.22,0.34
1289,0.268,0.327
1290,0.156,0.344
10028,1.34,0.322
10086,0.249,0.327
10017,-0.647,0.457
10067,1.996,0.325
1297,-1.378,0.624
1299,-1.045,0.536
10049,1.215,0.321
10072,-0.647,0.457
1304,-0.216,0.377
1306,-1.318,0.633
1307,0.636,0.305
10155,-0.28,0.371
1309,0.507,0.335
10121,-1.095,0.548
10087,0.764,0.321
10029,0.062,0.343
10044,-1.045,0.536
10082,-1.045,0.536
1316,0.207,0.342
1317,0.56,0.327
1318,-1.378,0.624
1319,0.884,0.301
1320,-0.574,0.426
1321,0.042,0.371
1322,-0.542,0.411
1323,-0.489,0.415
1324,-0.676,0.465
1325,0.347,0.33
1327,-0.328,0.391
1328,-0.261,0.391
1329,2.397,0.347
1331,-0.974,0.525
1332,-0.346,0.393
1333,-1.045,0.536
1335,-0.453,0.419
1336,0.084,0.343
1338,0.757,0.314
1339,-0.891,0.507
1341,-0.126,0.381
1342,-0.833,0.488
1343,0.301,0.338
1344,0.136,0.337
1346,-0.673,0.472
1348,0.723,0.31
1349,-0.137,0.362
1350,0.715,0.326
1351,0.486,0.314
1353,-0.113,0.363
1355,0.062,0.352
1356,-0.807,0.479
1357,0.001,0.361
1358,-1.378,0.624
1359,0.241,0.337
1360,0.231,0.34
1364,0.795,0.325
1365,0.135,0.368
1366,0.375,0.312
1368,-0.518,0.419
1369,-0.365,0.39
1370,-1.378,0.624
1375,1.182,0.313
1376,-0.135,0.362
1377,0.732,0.312
1378,-0.528,0.442
1379,0.062,0.34
1380,-0.103,0.38
1383,0.929,0.311
1384,-0.322,0.412
1385,-1.046,0.531
1386,-1.207,0.623
1387,-0.619,0.462
1388,0.918,0.312
1390,0.22,0.326
1392,1.39,0.324
1393,-0.335,0.402
1394,1.014,0.312
1396,1.362,0.309
1397,3.19,0.465
1398,0.647,0.306
1400,-0.251,0.399
1401,0.682,0.334
1402,0.521,0.341
1403,0.032,0.351
1404,0.488,0.323
1405,0.898,0.317
1406,1.484,0.319
1407,0.099,0.354
1408,-1.378,0.624
1409,-0.397,0.391
1410,1.086,0.312
1411,-0.361,0.417
1412,-1.378,0.624
1413,0.174,0.336
1415,-0.285,0.372
1417,1.107,0.308
1418,-1.378,0.624
1419,0.541,0.311
1421,0.336,0.332
1422,-0.132,0.364
1424,-0.647,0.457
1426,-1.045,0.536
1427,-0.528,0.442
1428,-0.694,0.459
1430,-1.378,0.624
1431,0.526,0.317
1432,-0.069,0.356
1433,-0.505,0.4
1435,-0.6,0.438
1437,-0.258,0.395
1438,-1.378,0.624
1439,-0.743,0.474
1440,-1.378,0.624
1441,-1.378,0.624
1442,-0.622,0.431
1443,-1.378,0.624
1446,-0.841,0.489
1447,-0.411,0.414
1448,1.042,0.32
1449,-0.528,0.442
1450,-1.378,0.624
1451,-1.378,0.624
1452,-0.349,0.398
1453,-1.378,0.624
1454,-0.007,0.364
1455,1.115,0.312
1456,0.407,0.328
1457,-1.378,0.624
1458,-1.045,0.536
1459,-1.095,0.548
1461,1.603,0.317
1462,-0.155,0.378
1463,-1.378,0.624
1464,-0.254,0.386
1465,0.002,0.353
1468,0.956,0.323
1469,0.054,0.358
1470,-0.002,0.355
1471,-1.095,0.548
1475,0.481,0.336
1476,1.285,0.317
1478,0.176,0.356
1481,0.156,0.357
1482,-0.68,0.471
1484,-0.407,0.377
1487,-0.891,0.507
1489,-0.743,0.474
1490,-1.378,0.624
1493,0.831,0.308
1494,2.254,0.338
1497,0.86,0.312
1499,0.031,0.364
1501,0.906,0.313
1502,-1.378,0.624
1503,-1.207,0.623
1505,1.072,0.31
1507,-1.378,0.624
1508,-0.671,0.464
1509,-1.378,0.624
1511,0.341,0.31
1512,-1.378,0.624
1513,-1.378,0.624
1517,-1.045,0.536
1518,0.273,0.33
1519,-0.891,0.507
1521,0.101,0.366
1522,-1.378,0.624
1524,-0.16,0.372
1525,-0.53,0.392
1527,-1.378,0.624
1528,-0.619,0.462
1532,-0.322,0.412
1533,0.209,0.347
1534,-1.374,0.627
1535,-0.634,0.449
1537,0.021,0.358
1538,0.079,0.335
1540,0.415,0.309
1541,-0.391,0.392
1542,1.439,0.321
1543,0.511,0.323
1548,-0.386,0.402
1549,-0.671,0.464
1550,-1.095,0.548
1551,0.648,0.326
1552,-0.42,0.402
1553,-1.095,0.548
1554,2.137,0.339
1555,-0.298,0.39
1558,-0.619,0.462
1559,1.152,0.32
1561,-0.26,0.39
1563,-1.378,0.624
1565,1.192,0.319
1566,-0.347,0.397
1567,0.96,0.307
1568,0.423,0.321
1569,-1.378,0.624
1571,-1.378,0.624
1572,0.302,0.326
1573,-1.046,0.531
1576,1.815,0.329
1577,0.318,0.341
1578,-1.378,0.624
1579,1.197,0.314
1580,-0.212,0.373
1582,-0.35,0.387
1583,0.333,0.319
1586,0.695,0.298
1587,-1.045,0.536
1588,1.534,0.323
1589,0.846,0.304
1591,-1.378,0.624
1592,-1.061,0.62
1594,-1.378,0.624
1596,0.636,0.323
1597,0.324,0.325
1598,0.271,0.355
1599,-1.045,0.536
1601,-0.524,0.434
1602,-0.318,0.395
1604,0.775,0.31
1605,1.78,0.324
1606,-0.164,0.374
1607,-1.378,0.624
1608,-0.397,0.398
1609,0.699,0.318
1610,-0.518,0.419
1611,-0.38,0.387
1612,-0.415,0.41
1614,-0.08,0.375
1616,0.488,0.322
1619,-0.852,0.503
1620,1.39,0.312
1622,2.207,0.34
1623,-1.046,0.531
1624,-1.378,0.624
1627,-0.807,0.479
1629,0.002,0.368
1630,0.267,0.342
1632,0.098,0.341
1635,-1.378,0.624
1636,1.563,0.316
1639,1.44,0.312
1641,1.595,0.314
1642,-1.378,0.624
1643,-1.378,0.624
1644,-0.802,0.461
1647,-0.208,0.385
1649,1.534,0.318
1650,0.414,0.323
1654,-0.057,0.367
1655,-0.575,0.432
1656,-0.974,0.525
1657,0.605,0.327
1659,0.224,0.339
1660,1.683,0.326
1661,0.774,0.3
1664,1.736,0.326
1666,1.839,0.326
1667,0.518,0.333
1668,0.14,0.336
1670,0.913,0.313
1671,-1.25,0.628
1672,0.334,0.324
1675,2.714,0.395
1676,0.996,0.314
1677,-0.974,0.525
1680,1.019,0.312
1682,-0.42,0.417
1685,-0.891,0.507
1686,-1.045,0.536
1687,-0.001,0.365
1690,-0.234,0.385
1691,0.258,0.342
1692,-1.378,0.624
1693,-1.378,0.624
1694,0.471,0.327
1697,-0.97,0.511
1698,-0.587,0.452
1699,0.19,0.329
1701,0.542,0.315
1702,-0.183,0.392
1703,0.604,0.332
1704,-1.045,0.536
1706,0.654,0.318
1708,-0.852,0.503
1710,-0.407,0.377
1711,1.567,0.318
1712,0.076,0.339
1713,1.916,0.322
1714,1.038,0.315
1715,0.443,0.325
1716,-1.378,0.624
1717,-1.378,0.624
1719,-1.378,0.624
1720,0.023,0.348
1721,0.507,0.332
1722,0.32,0.327
1723,0.062,0.344
1724,0.057,0.364
1725,-1.046,0.531
1726,-1.378,0.624
1727,0.554,0.314
1728,-0.033,0.337
1729,-0.852,0.503
1730,-0.807,0.479
1731,0.56,0.326
1734,0.034,0.336
1735,-0.97,0.511
1736,-0.005,0.364
1738,-0.974,0.525
1739,0.722,0.314
1741,-1.378,0.624
1742,-0.841,0.489
1744,-0.26,0.379
1745,0.377,0.318
1746,0.938,0.306
1748,0.003,0.332
1749,-1.378,0.624
1751,2.304,0.347
1752,-0.016,0.369
1753,-0.711,0.452
1754,-1.378,0.624
1755,-0.397,0.391
1756,0.674,0.316
1758,0.085,0.339
1760,-0.974,0.525
1761,-1.045,0.536
1762,0.162,0.341
1764,1.836,0.334
1765,0.09,0.369
1767,-1.095,0.548
1769,-0.078,0.342
1771,-1.378,0.624
1772,0.907,0.309
1773,-0.528,0.442
1775,1.804,0.332
1776,-1.378,0.624
1777,-0.273,0.377
1778,-0.049,0.379
1779,0.408,0.331
1780,-1.378,0.624
1782,-0.092,0.356
1783,-0.448,0.431
1784,0.711,0.332
1785,0.358,0.338
1786,0.309,0.326
1788,-0.063,0.352
1789,0.579,0.313
1790,0.633,0.324
1791,1.974,0.329
1793,0.196,0.34
1794,-1.378,0.624
1795,-1.045,0.536
1796,-0.802,0.461
1797,0.163,0.343
1798,0.564,0.31
1799,-0.876,0.483
1801,0.076,0.355
1802,-0.68,0.471
1803,0.83,0.322
1804,0.427,0.328
1807,-1.207,0.623
1808,0.421,0.313
1809,-1.046,0.531
1810,0.989,0.324
1811,1.658,0.328
1813,1.271,0.312
1814,-0.634,0.449
1815,-1.378,0.624
1816,0.714,0.306
1817,0.149,0.326
1819,1.373,0.313
1820,0.938,0.328
1821,0.294,0.343
1822,0.915,0.314
1823,-0.258,0.378
1826,0.276,0.333
1827,-0.542,0.411
1828,0.662,0.317
1829,-0.158,0.378
1830,-0.499,0.437
1831,-0.489,0.415
1832,-1.045,0.536
1833,0.612,0.317
1836,-0.841,0.489
1837,0.553,0.303
1838,0.084,0.343
1839,-0.453,0.419
1841,-1.095,0.548
1842,-0.655,0.444
1843,1.338,0.31
1845,-0.807,0.479
1846,-0.499,0.437
1847,-0.291,0.413
1849,0.053,0.357
1850,-1.378,0.624
1851,0.517,0.321
1852,-0.294,0.399
1853,-1.378,0.624
1854,-0.333,0.386
1855,0.759,0.3
1856,0.745,0.323
1857,-1.045,0.536
1858,-0.671,0.464
1859,0.228,0.349
1860,0.513,0.316
1861,1.186,0.306
1862,1.889,0.321
1863,0.436,0.322
1866,0.536,0.331
1867,-1.378,0.624
1868,-0.299,0.422
1869,1.241,0.31
1872,0.996,0.317
1873,0.883,0.319
1874,-0.062,0.339
1875,-0.821,0.498
1876,-1.378,0.624
1879,0.178,0.349
1882,-0.833,0.488
1883,-1.378,0.624
1884,1.041,0.306
1885,1.183,0.319
1886,0.59,0.317
1888,-0.426,0.397
1890,0.209,0.345
1891,-1.045,0.536
1892,-0.107,0.367
1893,1.017,0.315
1894,-0.121,0.364
1895,0.847,0.31
1897,0.331,0.348
1898,1.679,0.317
1899,0.045,0.342
1900,0.067,0.341
1901,1.679,0.316
1903,0.334,0.336
1904,-0.505,0.431
1905,1.281,0.315
1906,-0.518,0.419
1907,1.015,0.322
1909,-1.378,0.624
1910,0.752,0.323
1911,0.524,0.335
1912,0.028,0.357
1913,-0.563,0.438
1914,-0.821,0.498
1915,0.214,0.346
1916,0.15,0.355
1919,0.366,0.32
1920,1.449,0.309
1921,-1.378,0.624
1922,-0.223,0.402
1923,0.022,0.349
1924,-0.42,0.402
1925,0.261,0.332
1926,-0.196,0.375
1927,0.796,0.298
1928,-0.7,0.432
1929,0.585,0.311
1930,0.729,0.326
1932,0.642,0.314
1934,-0.97,0.511
1935,0.179,0.362
1936,1.827,0.32
1937,-0.322,0.412
1938,-1.378,0.624
1939,-0.309,0.382
1941,0.203,0.33
1942,-0.852,0.503
1943,0.738,0.306
1944,-0.366,0.412
1945,-0.016,0.352
1946,-1.378,0.624
1947,0.748,0.298
1948,0.921,0.322
1951,0.145,0.357
1952,-1.045,0.536
1953,-0.255,0.366
1954,0.373,0.349
1955,0.521,0.329
1958,0.192,0.336
1959,1.064,0.314
1960,0.205,0.328
1961,0.968,0.308
1962,-1.378,0.624
1965,0.745,0.328
1966,0.076,0.352
1967,-0.619,0.462
1969,-0.243,0.403
1970,0.032,0.364
1971,1.877,0.319
1972,0.069,0.354
1973,-0.228,0.376
1974,-1.378,0.624
1975,1.26,0.308
1976,-1.378,0.624
1978,0.324,0.344
1981,-0.161,0.373
1982,0.567,0.337
1984,-1.378,0.624
1985,-0.68,0.471
1987,-0.619,0.462
1989,-0.68,0.471
1990,-0.022,0.366
1991,-0.655,0.444
1992,0.707,0.331
1993,0.9,0.357
1994,1.216,0.314
1995,-0.099,0.359
1996,-0.243,0.367
1997,0.203,0.345
1998,-0.076,0.38
1999,0.955,0.313
2000,0.153,0.344
2002,-0.97,0.511
2003,-0.071,0.375
2004,-0.392,0.407
2005,0.774,0.315
2006,2.099,0.34
2007,0.692,0.326
2009,-0.676,0.465
2010,0.342,0.336
2011,-0.677,0.462
2012,-0.378,0.385
2014,-0.845,0.486
2016,0.05,0.36
2019,1.275,0.31
2020,-0.738,0.502
2021,1.162,0.316
2022,1.877,0.32
2025,0.276,0.329
2026,-0.671,0.464
2027,-0.491,0.432
2029,-1.378,0.624
2030,1.613,0.323
2031,-1.378,0.624
2032,-1.378,0.624
2034,-0.021,0.374
2035,0.353,0.338
2036,-0.346,0.404
2037,0.472,0.315
2039,0.083,0.347
2040,-1.378,0.624
2041,1.347,0.316
2042,0.69,0.325
2043,-0.397,0.398
2044,-0.339,0.39
2045,0.006,0.375
2047,1.285,0.317
2050,-0.094,0.363
2051,-0.974,0.525
2052,0.084,0.343
2054,0.065,0.351
2056,-0.124,0.346
2057,-0.161,0.373
2058,-0.344,0.418
2059,0.099,0.347
2061,-0.407,0.417
2062,-0.6,0.438
2063,-1.378,0.624
2064,-0.622,0.455
2067,0.103,0.358
2068,0.262,0.335
2069,-1.046,0.531
2070,0.193,0.354
2072,-0.016,0.358
2074,-0.18,0.389
2076,0.245,0.342
2077,-0.974,0.525
2079,-0.625,0.415
2080,-1.378,0.624
2082,-1.378,0.624
2083,0.006,0.339
2084,-0.671,0.464
2085,0.982,0.312
2088,0.636,0.325
2089,0.25,0.338
2090,-0.195,0.402
2092,0.56,0.319
2093,-1.378,0.624
2095,-1.378,0.624
2096,-0.294,0.386
2099,-0.013,0.37
2102,-0.438,0.395
2103,-0.541,0.424
2104,-0.974,0.525
2105,0.308,0.354
2106,-1.378,0.624
2107,1.417,0.311
2109,-1.045,0.536
2110,0.638,0.311
2111,1.411,0.312
2113,-0.243,0.403
2114,-0.208,0.38
2115,-0.029,0.346
2116,-0.53,0.392
2117,-1.378,0.624
2118,-0.569,0.414
2119,0.042,0.371
2120,0.255,0.33
2121,0.091,0.352
2122,2.768,0.393
2123,0.041,0.402
2124,1.005,0.316
2126,-0.677,0.462
2127,1.835,0.32
2128,0.543,0.33
2129,0.118,0.347
2130,-0.891,0.507
2132,0.334,0.339
2133,0.236,0.328
2136,-0.11,0.356
2137,-0.528,0.442
2138,-1.045,0.536
2139,-0.841,0.489
2140,0.985,0.308
2141,1.626,0.322
2142,0.101,0.356
2144,-0.427,0.422
2146,-0.001,0.342
2147,1.528,0.311
2148,-0.974,0.525
2149,1.67,0.326
2150,0.252,0.352
2151,0.214,0.356
2152,0.441,0.316
2153,0.822,0.325
2160,2.076,0.336
2161,0.969,0.32
2162,1.856,0.318
2163,-0.676,0.465
2164,-0.315,0.41
2165,0.776,0.316
2171,-1.378,0.624
2173,-1.378,0.624
2174,0.817,0.318
2175,1.812,0.327
2177,-1.378,0.624
2178,-0.069,0.352
2179,0.703,0.325
2180,-0.008,0.371
2181,0.316,0.348
2182,0.222,0.349
2183,-0.891,0.507
2185,0.971,0.308
2187,0.255,0.324
2188,0.699,0.335
2189,-1.378,0.624
2190,-0.68,0.471
2191,0.547,0.333
2192,0.547,0.324
2193,0.136,0.349
2195,0.573,0.305
2196,0.297,0.348
2199,-1.378,0.624
2200,2.004,0.332
2202,0.58,0.329
2204,0.889,0.31
2206,1.39,0.312
2207,-0.575,0.432
2208,-0.647,0.457
2209,-1.378,0.624
2210,-1.378,0.624
2211,-0.807,0.479
2212,0.446,0.31
2213,0.025,0.351
2214,0.629,0.315
2216,-1.378,0.624
2217,0.715,0.326
2218,0.024,0.373
2219,1.398,0.314
2221,0.096,0.343
2222,1.595,0.314
2224,-1.207,0.623
2225,1.004,0.303
2228,0.66,0.321
2229,-0.581,0.443
2230,-0.852,0.503
2232,0.927,0.314
2233,0.365,0.342
2234,-0.415,0.41
2235,0.552,0.308
2236,-0.127,0.352
2237,-0.833,0.488
2239,-1.378,0.624
2240,1.247,0.316
2241,-0.807,0.479
2242,-0.619,0.462
2244,1.891,0.319
2245,0.237,0.342
2246,2.378,0.35
2247,0.575,0.312
2248,1.175,0.311
2249,-1.378,0.624
2250,-0.232,0.389
2251,1.023,0.318
2253,0.925,0.306
2254,-1.378,0.624
2256,0.788,0.325
2257,-0.974,0.525
2258,1.864,0.326
2259,-0.738,0.502
2260,-0.355,0.383
2263,-0.35,0.387
2264,0.409,0.335
2265,-1.378,0.624
2268,-0.891,0.507
2269,-0.187,0.385
2270,0.186,0.347
2272,-1.378,0.624
2273,0.791,0.319
2274,2.307,0.346
2275,-0.891,0.507
2277,-0.423,0.386
2279,1.137,0.313
2280,0.411,0.317
2282,-0.294,0.399
2283,-0.671,0.464
2284,0.451,0.344
2287,1.269,0.318
2288,-0.807,0.479
2290,0.17,0.355
2291,-0.031,0.372
2293,0.368,0.319
2294,1.204,0.317
2296,-0.974,0.525
2297,0.633,0.326
2298,-0.271,0.401
2300,1.981,0.325
2301,-0.004,0.355
2302,-0.587,0.452
2303,-0.362,0.41
2304,-0.937,0.544
2306,0.989,0.32
2307,-1.095,0.548
2308,-0.655,0.444
2309,-0.852,0.503
2310,-0.68,0.471
2311,-0.852,0.503
2313,0.625,0.305
2314,-0.34,0.414
2315,2.403,0.348
2317,0.283,0.335
2319,-0.093,0.355
2320,1.432,0.315
2321,-1.045,0.536
2322,-0.407,0.393
2324,1.086,0.325
2326,-0.071,0.375
2327,0.009,0.336
2328,0.545,0.337
2329,0.419,0.32
2330,-1.378,0.624
2331,-0.974,0.525
2333,1.707,0.322
2334,-0.841,0.489
2335,-1.378,0.624
2337,-0.891,0.507
2338,-0.619,0.462
2339,-0.647,0.448
2340,1.231,0.309
2341,-1.378,0.624
2342,-0.845,0.486
2344,0.522,0.314
2345,0.01,0.345
2346,-1.095,0.548
2347,-0.625,0.415
2349,-0.679,0.447
2350,-1.378,0.624
2351,0.59,0.319
2352,0.513,0.336
2353,-0.655,0.444
2355,2.254,0.349
2357,-0.833,0.488
2358,2.008,0.325
2359,0.23,0.324
2360,0.104,0.338
2363,-1.046,0.531
2364,0.463,0.328
2365,0.318,0.345
2370,-0.229,0.364
2371,0.632,0.312
2372,-0.852,0.503
2375,-0.214,0.383
2378,0.289,0.33
2379,0.099,0.356
2380,-1.378,0.624
2381,0.336,0.313
2382,-0.625,0.415
2383,-0.206,0.359
2385,-0.655,0.444
2388,1.73,0.317
2389,-0.023,0.352
2392,0.987,0.318
2393,-1.378,0.624
2394,0.653,0.327
2395,-1.378,0.624
2396,1.582,0.317
2397,-1.318,0.633
2398,-1.378,0.624
2399,-1.378,0.624
2400,0.796,0.33
2402,-0.563,0.438
2403,0.72,0.327
2404,1.529,0.313
2405,0.082,0.341
2406,0.875,0.31
2408,-0.303,0.382
2409,-0.002,0.355
2410,0.802,0.303
2411,0.43,0.315
2412,-1.378,0.624
2414,0.874,0.308
2415,0.28,0.34
2416,-0.397,0.391
2417,0.442,0.322
2419,0.531,0.318
2420,-1.378,0.624
2421,-0.317,0.367
2422,0.774,0.32
2423,-0.619,0.462
2425,1.003,0.303
2426,-0.634,0.449
2427,-0.546,0.429
2428,1.377,0.311
2429,-1.378,0.624
2430,-0.055,0.345
2431,0.976,0.319
2433,-1.378,0.624
2434,0.616,0.318
2435,-0.399,0.402
2436,-1.378,0.624
2437,0.802,0.327
2438,0.338,0.327
2440,0.859,0.324
2442,-1.046,0.531
2443,1.015,0.322
2446,0.003,0.369
2447,-1.378,0.624
2448,0.301,0.338
2449,-0.399,0.402
2450,0.571,0.306
2451,1.168,0.322
2452,-0.034,0.378
2454,0.002,0.355
2455,-0.852,0.503
2456,0.682,0.31
2457,1.029,0.314
2458,-0.296,0.399
2459,-0.339,0.39
2460,0.219,0.351
2461,0.331,0.331
2462,-0.974,0.525
2463,-0.303,0.382
2464,2.62,0.373
2465,0.187,0.338
2466,0.073,0.342
2469,1.232,0.31
2471,-0.647,0.448
2472,1.953,0.33
2473,0.29,0.337
2475,1.333,0.318
2476,-0.974,0.525
2477,1.23,0.315
2479,0.382,0.314
2480,0.021,0.358
2482,0.053,0.355
2483,1.056,0.31
2485,-0.743,0.474
2486,2.098,0.342
2487,-1.378,0.624
2490,0.655,0.306
2491,0.008,0.354
2492,-0.289,0.399
2493,-0.627,0.429
2494,0.698,0.303
2495,1.331,0.317
2496,1.24,0.308
2497,-0.054,0.364
2498,-0.45,0.391
2499,-1.045,0.536
2500,-1.378,0.624
2501,0.378,0.318
2502,-1.378,0.624
2504,0.613,0.317
2505,1.655,0.315
2507,-0.071,0.375
2508,-0.42,0.402
2509,0.537,0.33
2510,1.978,0.322
2511,1.094,0.32
2512,-0.491,0.432
2513,0.76,0.324
2516,1.245,0.314
2517,-0.876,0.483
2518,2.516,0.357
2519,-1.378,0.624
2520,0.239,0.33
2521,-0.712,0.468
2522,-0.324,0.411
2523,-0.207,0.365
2524,-0.647,0.457
2525,0.828,0.32
2526,-0.42,0.402
2527,0.012,0.363
2529,1.296,0.31
2530,-0.677,0.462
2531,0.16,0.35
2533,-0.039,0.347
2534,0.912,0.328
2537,-1.378,0.624
2539,-0.494,0.412
2540,0.756,0.317
2541,0.031,0.364
2542,-0.821,0.498
2543,0.17,0.334
2544,-1.378,0.624
2545,-1.378,0.624
2546,0.402,0.334
2548,-0.232,0.389
2549,0.164,0.324
2550,0.416,0.33
2551,-0.195,0.384
2553,-0.542,0.411
2554,0.881,0.31
2555,0.545,0.32
2556,1.351,0.317
2557,-1.378,0.624
2558,0.01,0.357
2560,-1.378,0.624
2561,-1.378,0.624
2562,-1.045,0.536
2563,0.196,0.336
2567,1.693,0.322
2569,0.764,0.308
2570,0.622,0.312
2571,-0.852,0.503
2572,-0.182,0.385
2573,0.906,0.321
2574,1.033,0.324
2576,-0.195,0.402
2577,0.96,0.302
2579,0.746,0.321
2581,-0.876,0.483
2582,0.637,0.324
2583,0.391,0.313
2584,1.417,0.311
2587,1.551,0.322
2588,-0.027,0.364
2590,0.246,0.339
2591,-0.38,0.433
2592,0.683,0.325
2594,-0.034,0.359
2595,0.789,0.322
2597,-1.378,0.624
2598,-0.636,0.434
2600,0.948,0.318
2601,-0.891,0.507
2605,-0.189,0.383
2607,1.016,0.316
2608,0.128,0.36
2609,-0.852,0.503
2611,1.491,0.313
2612,0.699,0.321
2614,-0.32,0.392
2615,1.361,0.316
2618,-1.045,0.536
2619,2.032,0.327
2621,0.205,0.323
2622,0.398,0.345
2623,-0.051,0.367
2625,-1.378,0.624
2626,1.311,0.321
2628,-0.852,0.503
2629,-0.683,0.445
2631,0.337,0.337
2632,0.196,0.336
2633,-0.501,0.431
2634,0.628,0.325
2635,0.086,0.351
2637,-0.807,0.479
2638,-0.599,0.446
2640,0.591,0.317
2641,0.682,0.336
2642,-1.378,0.624
2644,0.287,0.347
2645,0.9,0.311
2646,-0.416,0.394
2648,0.406,0.335
2649,-1.045,0.536
2650,-0.34,0.414
2651,-0.542,0.411
2652,-0.346,0.393
2653,-0.431,0.412
2654,0.369,0.322
2655,0.705,0.308
2656,-0.431,0.412
2657,0.263,0.315
2659,0.774,0.32
2660,-0.438,0.395
2661,1.01,0.316
2662,0.754,0.316
2663,-0.677,0.462
2664,-0.528,0.442
2666,-0.569,0.414
2667,-0.807,0.479
2668,-1.046,0.531
2669,-0.619,0.462
2670,0.087,0.354
2671,1.427,0.318
2673,-0.195,0.402
2674,-1.045,0.536
2675,0.44,0.324
2676,-0.133,0.355
2677,-1.378,0.624
2678,0.346,0.318
2679,0.793,0.316
2680,1.247,0.316
2681,1.382,0.316
2682,0.574,0.32
2683,0.888,0.32
2684,-0.065,0.373
2686,-0.442,0.413
2687,0.162,0.324
2688,0.041,0.336
2689,-0.505,0.4
2690,0.105,0.347
2691,-0.509,0.403
2692,0.644,0.309
2693,1.166,0.313
2694,0.494,0.326
2695,-0.126,0.381
2697,-0.647,0.457
2698,1.402,0.309
2699,-1.095,0.548
2700,0.207,0.323
2701,1.089,0.31
2703,0.275,0.32
2704,-0.07,0.413
2706,0.079,0.359
2707,0.21,0.342
2708,-0.97,0.511
2711,-0.188,0.359
2712,0.266,0.341
2713,0.184,0.342
2715,0.456,0.319
2717,3.19,0.465
2719,0.432,0.324
2720,-0.452,0.426
2722,0.592,0.332
2723,-0.303,0.382
2724,-1.378,0.624
2725,0.094,0.348
2726,-0.876,0.483
2729,-0.852,0.503
2730,-1.378,0.624
2731,0.635,0.327
2732,-0.049,0.364
2733,1.28,0.313
2734,0.011,0.377
2736,-0.168,0.371
2737,0.377,0.323
2738,1.634,0.321
2739,0.329,0.355
2740,0.086,0.359
2741,-0.841,0.489
2742,1.552,0.32
2743,0.26,0.322
2744,-0.027,0.383
2745,0.887,0.301
2746,0.91,0.308
2747,0.922,0.317
2748,0.508,0.331
2750,1.285,0.317
2751,1.716,0.326
2752,-1.378,0.624
2753,0.401,0.334
2754,1.123,0.308
2756,1.338,0.312
2758,-0.845,0.486
2759,-0.547,0.41
2761,0.066,0.34
2762,1.189,0.319
2763,0.426,0.347
2764,0.771,0.321
2765,1.43,0.316
2766,0.358,0.33
2767,-0.743,0.474
2768,-1.378,0.624
2769,-0.626,0.441
2770,-0.974,0.525
2771,-0.138,0.389
2772,0.515,0.323
2773,0.114,0.357
2774,-0.974,0.525
2775,-0.196,0.399
2777,-0.677,0.462
2779,-1.378,0.624
2780,0.425,0.339
2781,0.955,0.323
2782,-0.397,0.398
2784,0.468,0.338
2785,-1.378,0.624
2786,-0.625,0.415
2787,-0.891,0.507
2790,-0.439,0.418
2791,1.448,0.317
2792,-1.378,0.624
2793,-0.554,0.463
2794,0.251,0.352
2795,-1.378,0.624
2796,1.507,0.319
2797,-0.652,0.435
2799,-0.352,0.418
2800,-0.505,0.431
2801,1.446,0.307
2802,1.029,0.32
2804,-1.378,0.624
2805,1.236,0.321
2806,0.124,0.354
2807,0.294,0.333
2808,0.973,0.311
2809,-0.004,0.369
2810,-1.207,0.623
2811,0.741,0.33
2812,2.612,0.365
2813,1.853,0.321
2814,-0.97,0.511
2815,0.143,0.33
2816,1.158,0.317
2817,-0.574,0.426
2818,1.454,0.313
2819,1.534,0.316
2820,0.573,0.305
2821,-0.291,0.371
2823,1.219,0.311
2824,-1.378,0.624
2825,-0.149,0.383
2827,-1.045,0.536
2828,-0.599,0.446
2830,1.696,0.321
2832,0.502,0.318
2833,0.078,0.341
2835,0.324,0.325
2836,0.104,0.338
2837,-0.924,0.536
2838,-1.378,0.624
2839,-1.045,0.536
2840,-1.095,0.548
2842,0.146,0.343
2843,-0.049,0.357
2844,-1.378,0.624
2845,-0.68,0.471
2846,-0.833,0.488
2847,-0.133,0.366
2848,1.049,0.317
2849,1.644,0.318
2850,-0.016,0.35
2851,-1.378,0.624
2854,-0.711,0.452
2855,-1.378,0.624
2857,0.859,0.324
2858,-0.75,0.465
2859,-0.97,0.511
2860,0.42,0.316
2861,-0.68,0.471
2862,-1.378,0.624
10197,0.431,0.304
2865,0.142,0.348
2866,0.154,0.359
2869,-0.841,0.489
2870,-1.095,0.548
2871,-1.378,0.624
2872,-1.378,0.624
2874,-0.668,0.461
2875,0.888,0.319
2876,0.606,0.331
2877,-0.647,0.457
2878,0.493,0.333
2880,0.424,0.339
2881,1.697,0.317
2882,-0.625,0.415
2883,0.617,0.305
2884,-1.095,0.548
2885,0.409,0.31
2886,-1.045,0.536
2889,-0.841,0.489
2890,0.76,0.311
2892,0.904,0.318
2893,-0.748,0.472
2894,-1.046,0.531
2895,0.176,0.334
2896,-1.095,0.548
2897,-0.027,0.34
2898,-1.378,0.624
2901,1.896,0.327
2904,-0.841,0.489
2906,-1.045,0.536
2907,0.307,0.331
2908,-1.378,0.624
2909,-1.378,0.624
2911,0.185,0.326
2912,-0.49,0.418
2913,-0.97,0.511
2914,-0.852,0.503
2915,0.789,0.415
2916,0.656,0.322
2917,0.261,0.34
2918,-0.248,0.399
2919,-0.479,0.412
2922,-0.133,0.355
2923,0.285,0.327
2924,-1.045,0.536
2925,0.519,0.308
2926,0.292,0.339
2927,0.08,0.357
2928,-0.652,0.435
2929,0.637,0.307
2930,-0.235,0.368
2931,0.321,0.336
2933,0.673,0.33
2934,0.579,0.314
2936,-0.085,0.349
2937,0.194,0.322
2939,-0.616,0.455
2940,-1.045,0.536
2941,-1.378,0.624
2942,-1.378,0.624
2943,-1.045,0.536
2944,1.02,0.303
2945,-0.322,0.375
2946,0.252,0.342
2947,-1.095,0.548
2949,0.45,0.317
2950,0.815,0.329
2951,-1.378,0.624
2952,0.322,0.336
2953,-0.068,0.351
2954,-0.07,0.365
2955,-1.378,0.624
2956,-0.528,0.442
2957,0.254,0.347
2958,-1.378,0.624
2959,1.772,0.319
2960,-0.13,0.369
2961,0.349,0.309
2962,-0.491,0.426
2963,-0.333,0.386
2964,-0.465,0.416
2965,1.62,0.324
2966,-1.095,0.548
2968,-0.279,0.397
2969,-1.207,0.623
2970,-0.717,0.461
2971,1.501,0.312
2972,0.453,0.339
2973,0.437,0.334
2974,-0.081,0.401
2979,-0.154,0.368
2980,-0.361,0.417
2981,-0.627,0.429
2982,-1.045,0.536
10182,1.036,0.314
2986,-0.051,0.355
2987,-0.158,0.378
2988,1.071,0.316
2989,1.754,0.322
2992,0.129,0.341
2994,0.91,0.331
2995,-0.974,0.525
2997,1.323,0.315
2998,-0.807,0.479
2999,-0.02,0.369
3002,-1.378,0.624
3003,-0.272,0.377
3004,0.829,0.318
3005,-0.096,0.363
3007,0.946,0.307
3008,0.039,0.332
3009,-0.14,0.373
3010,-0.431,0.412
3011,0.255,0.363
3012,-0.164,0.374
3014,0.009,0.36
3015,0.645,0.32
3016,-0.563,0.438
3017,0.255,0.327
3018,-0.223,0.361
3020,1.147,0.319
3021,-0.7,0.432
3022,-0.534,0.424
3023,-0.397,0.391
3024,-0.135,0.388
3026,-0.12,0.375
3027,-0.671,0.464
3028,0.833,0.321
3029,0.616,0.318
3030,-0.563,0.438
3031,0.821,0.308
3033,-0.575,0.432
3034,-0.833,0.488
3036,1.87,0.331
3037,-0.547,0.41
3038,1.331,0.317
3039,0.01,0.345
3040,-0.467,0.421
3041,-1.378,0.624
3042,-1.378,0.624
3043,1.096,0.302
3044,1.484,0.373
3045,1.003,0.314
3046,0.096,0.343
3047,0.113,0.364
3048,0.922,0.31
3049,-0.317,0.367
3052,1.619,0.315
3053,1.437,0.318
3054,0.223,0.341
3055,-1.378,0.624
3056,1.337,0.311
3058,0.933,0.306
3060,0.804,0.334
3061,1.433,0.309
3062,-1.045,0.536
3063,-0.027,0.352
3064,0.804,0.315
3065,0.496,0.323
3066,0.28,0.353
3067,-1.378,0.624
3068,-0.096,0.382
3071,-1.378,0.624
3072,1.38,0.322
3073,0.618,0.327
3075,0.538,0.302
3076,-0.056,0.351
3079,-0.194,0.372
3081,1.795,0.316
3082,0.486,0.324
3083,0.803,0.314
3084,0.509,0.333
3085,-1.378,0.624
3086,1.232,0.309
3087,-0.68,0.471
3088,0.997,0.314
3089,1.602,0.313
3090,1.012,0.31
3092,1.264,0.312
3093,1.27,0.319
3095,0.572,0.321
3097,-1.045,0.536
3098,-0.024,0.349
3099,-1.045,0.536
3102,0.964,0.303
3107,0.588,0.328
3108,-1.378,0.624
3109,-1.378,0.624
3110,0.097,0.351
3111,0.707,0.32
3112,0.034,0.344
3113,1.003,0.314
3114,0.371,0.333
3115,0.665,0.326
3116,-1.046,0.531
3117,-1.378,0.624
3118,0.038,0.342
3119,-0.07,0.35
3120,0.903,0.31
3122,0.838,0.325
3123,-0.401,0.378
3124,0.554,0.317
3127,-0.677,0.462
3128,-1.378,0.624
3130,0.273,0.316
3131,1.278,0.308
3132,0.199,0.369
3133,-0.216,0.387
3134,1.016,0.304
3135,-0.134,0.39
3136,0.879,0.329
3138,1.176,0.317
3139,1.678,0.319
3142,0.926,0.327
3143,-0.679,0.447
3144,0.231,0.329
3145,0.09,0.358
3146,-0.541,0.424
3147,0.081,0.343
3148,-1.378,0.624
3150,0.775,0.308
3151,-0.234,0.406
3152,-0.13,0.349
3154,1.128,0.313
3156,0.029,0.349
3158,-0.09,0.373
3159,-0.622,0.431
3160,-0.619,0.462
3161,-0.311,0.389
3163,0.828,0.307
3164,0.337,0.329
3165,-0.542,0.411
3167,0.095,0.327
3168,0.519,0.326
3169,0.104,0.338
3170,0.419,0.327
3171,-0.743,0.474
3172,-0.168,0.371
3173,0.153,0.329
3174,0.852,0.318
3175,-1.378,0.624
3180,0.977,0.322
3181,-1.045,0.536
3183,1.314,0.315
3184,-0.528,0.442
3185,1.088,0.301
3186,0.036,0.354
3187,0.163,0.321
3190,-0.022,0.359
3191,-0.7,0.432
3192,0.508,0.308
3193,-0.506,0.415
3194,0.591,0.322
3195,-0.807,0.479
3196,0.168,0.351
3197,2.249,0.337
3198,0.476,0.322
3199,0.016,0.351
3200,0.48,0.332
3201,0.685,0.324
3202,1.287,0.323
3203,0.742,0.329
3204,0.279,0.325
3206,-0.272,0.377
3207,-1.378,0.624
3209,1.568,0.312
3210,-0.069,0.373
3212,1.306,0.313
3213,0.591,0.338
3214,0.138,0.329
3217,-0.199,0.396
3218,0.898,0.325
3219,0.921,0.313
3220,1.08,0.304
3221,1.437,0.313
3222,0.217,0.339
3223,-0.6,0.438
3225,1.456,0.313
3226,0.71,0.315
3227,-1.378,0.624
3228,0.576,0.316
3230,1.391,0.318
3231,-0.443,0.4
3232,-1.045,0.536
3233,-0.57,0.433
3234,0.81,0.31
3235,-0.131,0.361
3236,0.881,0.33
3238,-0.738,0.502
3240,2.215,0.342
3242,-0.407,0.393
3243,-1.045,0.536
3244,1.762,0.318
3247,-0.003,0.335
3248,1.069,0.316
3249,1.5,0.313
3252,-0.463,0.423
3253,-0.48,0.398
3254,-0.372,0.41
3255,-1.378,0.624
3256,-0.095,0.359
3257,1.137,0.319
3258,0.614,0.309
3259,-0.355,0.383
3260,0.136,0.351
3261,-1.045,0.536
3264,0.042,0.353
3265,0.531,0.323
3266,0.038,0.354
3268,-0.504,0.439
3269,0.701,0.33
3271,-0.097,0.35
3272,-0.841,0.489
3274,-0.845,0.486
3275,-0.265,0.388
3276,1.88,0.319
3278,-0.821,0.498
3279,0.261,0.323
3280,1.281,0.315
3281,-0.48,0.398
3282,0.11,0.342
3283,-1.046,0.531
3284,-0.625,0.415
3285,-0.247,0.377
3286,1.997,0.326
3287,0.313,0.338
3288,-0.634,0.449
3289,-0.852,0.503
3291,0.905,0.323
3292,-0.68,0.471
3294,-0.563,0.438
3296,-0.414,0.411
3297,-0.97,0.511
3298,1.075,0.312
3299,-0.399,0.402
3301,0.848,0.325
3302,1.1,0.313
3305,-1.378,0.624
3306,-0.97,0.511
3307,1.373,0.312
3308,0.073,0.362
3310,1.488,0.312
3311,-0.491,0.432
3312,-0.131,0.361
3313,0.796,0.321
3314,-0.039,0.353
3315,1.57,0.322
3316,-0.619,0.462
3318,1.022,0.31
3319,0.768,0.323
3321,-1.045,0.536
3322,-0.852,0.503
3323,0.065,0.333
3324,0.535,0.317
3325,0.912,0.304
3326,-0.365,0.4
3327,0.768,0.33
3328,0.166,0.343
3330,0.547,0.317
3331,0.705,0.312
3332,-0.49,0.418
3335,0.079,0.346
3336,-0.676,0.465
3340,-0.186,0.376
3342,-1.045,0.536
3344,0.824,0.319
3345,-0.08,0.362
3346,-1.378,0.624
3347,0.719,0.307
3350,-0.68,0.471
3352,-1.378,0.624
3354,0.356,0.315
3356,1.152,0.312
3357,-0.131,0.361
3358,0.902,0.315
3360,-1.25,0.628
3361,2.288,0.337
3362,0.517,0.321
3364,0.417,0.329
3366,0.597,0.311
3372,-0.531,0.435
3374,0.661,0.319
3375,0.647,0.334
3377,0.817,0.307
3378,-0.11,0.359
3381,0.039,0.332
3382,0.978,0.324
3384,1.237,0.318
3386,-1.378,0.624
3387,0.135,0.368
3388,-0.324,0.4
3389,1.709,0.317
3390,-0.509,0.403
3397,0.761,0.319
3398,0.238,0.335
3402,-1.378,0.624
3404,-0.743,0.474
3405,-1.046,0.531
3406,2.444,0.348
3407,0.006,0.349
3408,-0.802,0.461
3411,0.598,0.322
3412,0.062,0.368
3414,-0.427,0.422
3415,0.205,0.331
3416,0.251,0.347
3418,0.428,0.343
3419,-0.054,0.364
3420,-1.378,0.624
3422,0.131,0.355
3423,0.291,0.315
3424,-0.619,0.462
3425,0.08,0.352
3427,0.025,0.364
3428,-0.056,0.362
3429,0.49,0.316
3430,0.215,0.359
3432,-0.452,0.429
3433,0.434,0.342
3434,1.102,0.321
3435,1.549,0.321
3437,-1.378,0.624
3438,0.05,0.36
3439,-0.315,0.41
3440,1.569,0.323
3441,-0.407,0.393
3443,1.03,0.31
3445,1.275,0.323
3446,1.202,0.308
3448,-0.498,0.417
3450,0.188,0.347
3451,0.928,0.327
3455,-1.378,0.624
3457,0.559,0.31
3458,-0.339,0.39
3460,0.969,0.311
3461,0.512,0.304
3462,0.903,0.334
3463,-1.378,0.624
3464,0.905,0.323
3465,1.013,0.319
3466,0.983,0.306
3469,0.313,0.338
3516,0.787,0.304
3519,1.655,0.317
3520,-0.505,0.431
3521,-0.974,0.525
3522,-1.378,0.624
3523,1.617,0.315
3525,-0.891,0.507
3526,-1.378,0.624
3528,-1.378,0.624
3531,0.381,0.332
3532,0.877,0.314
3534,-0.677,0.462
3535,0.863,0.326
3536,-0.085,0.389
3537,-0.626,0.441
3538,1.305,0.32
3539,1.565,0.313
3540,0.331,0.328
3541,0.255,0.351
3544,-0.155,0.379
3546,-0.359,0.392
3548,-0.397,0.403
3549,-0.195,0.402
3551,-1.378,0.624
3553,0.02,0.358
3554,-1.378,0.624
3555,-1.378,0.624
3556,0.341,0.334
3557,1.376,0.318
3558,-0.016,0.353
3559,-0.677,0.462
3560,-0.237,0.392
3561,-0.647,0.457
3563,1.082,0.313
3564,-1.046,0.531
3565,-0.034,0.357
3566,-0.852,0.503
3570,0.011,0.377
3571,-0.272,0.393
3572,-1.045,0.536
3573,0.554,0.329
3575,1.112,0.323
3576,0,0.358
3577,0.34,0.34
3578,1.044,0.312
3579,-0.571,0.423
3582,-0.677,0.462
3583,-1.378,0.624
3584,0.53,0.307
3585,-0.647,0.448
3587,-0.852,0.503
3588,0.613,0.312
3589,-0.667,0.455
3590,0.649,0.321
3591,1.237,0.317
3594,-0.7,0.432
3595,0.359,0.346
3596,1.352,0.311
3597,-0.093,0.361
3598,0.943,0.302
3599,-0.213,0.367
3600,-0.541,0.424
3601,1.415,0.308
3602,-0.647,0.457
3604,-0.821,0.498
3607,0.28,0.32
3610,0.28,0.336
3611,0.258,0.334
3615,0.382,0.327
3616,1.5,0.313
3619,-0.047,0.348
3620,0.78,0.302
3622,-0.852,0.503
3624,-0.22,0.369
3625,-1.378,0.624
3626,-1.378,0.624
3627,0.979,0.316
3630,-0.109,0.351
3631,-1.045,0.536
3634,-0.754,0.463
3635,-1.378,0.624
3636,0.143,0.344
3637,0.382,0.327
3638,1.083,0.309
3639,-1.378,0.624
3640,0.41,0.324
3642,1.079,0.315
3643,0.968,0.311
3644,0.717,0.313
3646,0,0.348
3647,-0.581,0.443
3650,0.501,0.319
3651,-0.497,0.408
3653,-0.135,0.388
3654,0.011,0.344
10193,0.813,0.323
3658,-0.341,0.404
3661,-0.485,0.397
3662,0.749,0.331
3663,-0.03,0.38
3666,-0.518,0.419
3667,-1.046,0.531
3671,-0.852,0.503
3673,-1.378,0.624
3674,1.538,0.312
3716,-0.179,0.381
3717,-0.821,0.498
3718,-1.378,0.624
3719,-0.322,0.401
3720,-0.437,0.401
3722,-0.438,0.395
3723,1.084,0.325
3724,-0.605,0.436
3725,1.545,0.314
3726,-0.505,0.431
3727,0.029,0.36
3728,0.014,0.34
3729,-0.366,0.385
3730,-1.378,0.624
3732,-0.07,0.35
3733,-1.378,0.624
3735,0.423,0.337
3736,0.765,0.325
3737,-0.386,0.414
3738,0.592,0.323
3739,0.149,0.355
3741,-0.841,0.489
3742,1.216,0.309
3743,-1.378,0.624
3744,0.511,0.313
3747,-1.378,0.624
3750,-1.378,0.624
3751,0.582,0.328
3754,-0.6,0.438
3755,-1.045,0.536
3756,0.107,0.368
3757,-0.294,0.399
3758,-0.518,0.419
3759,1.065,0.306
3760,0.117,0.345
3762,-1.095,0.548
3763,-1.045,0.536
3765,0.1,0.345
3766,1.538,0.314
3767,-0.671,0.464
3768,-0.184,0.373
3769,-1.378,0.624
3770,-0.7,0.432
3771,1.839,0.328
3772,0.585,0.305
3776,1.985,0.327
3777,0.715,0.318
3778,0.236,0.33
3779,0.318,0.345
3782,1.096,0.32
3783,-0.195,0.402
3785,-0.822,0.508
3786,-0.841,0.489
3787,0.131,0.373
3788,0.819,0.324
3789,-0.054,0.359
3790,-1.378,0.624
3791,0.145,0.357
3792,1.665,0.318
3793,0.114,0.361
3794,0.986,0.31
3796,-0.068,0.353
3798,-0.852,0.503
3799,0.44,0.325
3801,0.46,0.324
3802,-1.378,0.624
3803,0.089,0.368
3804,-0.622,0.453
3805,0.978,0.307
3806,-0.223,0.402
3808,-0.397,0.398
3809,-0.52,0.428
3811,-0.355,0.383
3812,0.4,0.316
3813,-0.131,0.361
3814,0.024,0.373
3815,0.46,0.318
3816,-1.378,0.624
3817,0.376,0.309
3818,-0.677,0.462
3820,-1.378,0.624
3821,-1.378,0.624
3822,-0.509,0.403
3823,0.062,0.367
3824,-0.365,0.39
3826,0.69,0.316
3829,-1.045,0.536
3832,1.154,0.322
3833,-0.852,0.503
3834,-1.046,0.531
3837,2.033,0.326
3838,0.687,0.32
3840,1.378,0.311
3842,-1.378,0.624
3844,-1.378,0.624
3845,0.055,0.34
3846,-1.378,0.624
3848,0.57,0.308
3849,0.43,0.327
3850,-1.378,0.624
3851,-0.647,0.448
3852,-1.378,0.624
3853,-0.311,0.389
3854,-0.845,0.486
3855,0.42,0.315
3857,-0.531,0.435
3858,-0.821,0.498
3860,-0.006,0.343
3861,-0.452,0.426
3862,-0.002,0.348
3865,0.722,0.314
3866,-0.142,0.371
3868,-0.289,0.366
3869,0.337,0.327
3870,-1.378,0.624
3871,0.292,0.32
3872,-0.054,0.347
3873,-0.167,0.372
3874,0.522,0.307
3875,-0.647,0.448
3876,-0.498,0.417
3877,0.085,0.339
3878,-0.708,0.445
3879,-0.852,0.503
3880,0.917,0.321
3882,-0.135,0.372
3883,-1.378,0.624
3884,0.716,0.318
3885,-0.2,0.358
3887,0.361,0.326
3889,0.709,0.303
3890,0.063,0.354
3891,-1.378,0.624
3893,0.947,0.319
3894,0.506,0.315
3895,0.232,0.323
3896,-0.647,0.457
3897,-0.15,0.362
3898,-0.754,0.463
3899,-0.528,0.442
3902,-1.095,0.548
3903,-0.821,0.498
3904,0.083,0.34
3905,0.296,0.331
3906,-0.075,0.381
3907,-1.378,0.624
3909,0.433,0.319
3911,-0.351,0.381
3912,0.769,0.314
3914,0.797,0.325
3915,0.446,0.33
3916,-0.852,0.503
3917,0.335,0.337
3918,0.021,0.354
3919,-0.538,0.431
3920,-0.485,0.41
3921,0.473,0.326
3922,0.646,0.327
3924,0.134,0.342
3926,0.945,0.31
3928,-0.587,0.452
3929,1.108,0.316
3930,0.711,0.305
3931,-0.372,0.4
3932,-0.192,0.385
3933,1.936,0.325
3934,0.334,0.33
3937,0.69,0.319
3939,0.37,0.332
3940,-1.378,0.624
3944,-0.891,0.507
3945,1.083,0.316
3946,0.022,0.361
3947,0.82,0.319
3949,1.285,0.317
3951,0.02,0.351
3955,0.164,0.333
3956,1.453,0.313
3957,0.607,0.305
3962,0.53,0.313
3963,-0.647,0.457
3966,-1.378,0.624
3970,0.454,0.318
3973,-0.423,0.386
3975,0.902,0.316
3976,-1.378,0.624
3977,1.458,0.309
3979,-0.852,0.503
3983,0.552,0.308
3985,0.698,0.3
3986,-0.392,0.407
3987,-0.399,0.402
3990,0.812,0.308
3991,0.657,0.313
3992,-0.821,0.498
3993,-0.42,0.402
3997,0.164,0.324
3998,0.712,0.308
3999,-1.378,0.624
4003,0.549,0.304
4005,-0.109,0.368
4006,1.349,0.307
4008,-0.392,0.407
4009,-1.378,0.624
4011,-1.378,0.624
4013,0.076,0.333
4015,0.337,0.334
4017,0.215,0.343
4018,-0.054,0.364
4019,0.71,0.315
4021,-0.683,0.445
4022,0.387,0.324
4024,0.071,0.355
4025,-0.196,0.375
4034,0.939,0.306
4036,-0.148,0.355
4037,1.247,0.316
4038,-0.431,0.412
4039,-0.164,0.366
4040,0.629,0.328
4041,1.239,0.352
4042,1.772,0.321
4044,-0.708,0.445
4045,0.214,0.346
4052,-0.139,0.385
4058,0.408,0.329
4059,1.861,0.324
4061,-0.18,0.389
4062,0.053,0.348
4064,-0.017,0.345
4066,0.285,0.346
4067,-0.526,0.452
4068,-0.05,0.355
4069,-0.355,0.383
4071,-0.18,0.389
4074,-0.207,0.365
4075,-1.378,0.624
4076,1.582,0.314
4079,1.272,0.313
4080,-0.852,0.503
4081,0.49,0.316
4082,-0.68,0.471
4083,0.243,0.324
4084,0.609,0.319
4086,-0.717,0.461
4087,0.158,0.333
4089,0.37,0.308
4090,-1.378,0.624
4091,0.974,0.317
4092,-1.378,0.624
4093,0.549,0.32
4095,-0.125,0.359
4096,0.333,0.319
4097,-1.378,0.624
4098,0.167,0.336
4102,0.252,0.325
4103,0.486,0.302
4105,-0.625,0.415
4106,0.135,0.368
4107,0.456,0.318
4109,0.434,0.307
4110,0.274,0.337
4113,1.137,0.313
4114,0.211,0.345
4115,0.459,0.31
4116,0.506,0.319
4117,-0.372,0.4
4118,0.17,0.331
4120,0.546,0.322
4121,-1.378,0.624
4124,1.809,0.318
4125,-1.207,0.623
4126,-0.415,0.41
4127,1.737,0.315
4128,-0.841,0.489
4129,0.003,0.361
4130,0.645,0.308
4131,1.071,0.312
4133,-0.852,0.503
4134,1.331,0.317
4135,0.699,0.306
4136,0.589,0.31
4137,-0.204,0.377
4138,0.451,0.332
4141,1.618,0.315
4143,1.265,0.314
4144,1.481,0.312
4145,0.177,0.338
4146,-0.232,0.389
4148,-0.016,0.352
4149,0.174,0.345
4150,-0.852,0.503
4152,1.336,0.313
4153,0.08,0.35
4155,0.861,0.306
4157,1.078,0.308
4158,0.477,0.309
4160,1.283,0.312
4161,-0.033,0.341
4163,-0.13,0.378
4164,1.283,0.32
4166,-1.378,0.624
4168,1.31,0.313
4169,-0.023,0.357
4170,0.189,0.335
4171,0.683,0.313
4172,-0.634,0.449
4173,1.365,0.317
4174,-0.09,0.349
4175,1.447,0.312
4176,0.205,0.328
4177,1.195,0.303
4178,-0.267,0.384
4180,-1.378,0.624
4182,-0.085,0.389
4183,-0.103,0.363
4184,0.889,0.308
4187,1.197,0.312
4188,-0.622,0.455
4189,-0.051,0.343
4191,-0.039,0.369
4192,-0.431,0.412
4194,0.098,0.346
4196,0.725,0.322
4197,0.599,0.315
4198,-0.518,0.419
4199,0.622,0.32
4200,0.192,0.35
4201,-0.619,0.462
4202,-0.852,0.503
4203,-0.581,0.443
4204,0.589,0.323
4207,0.732,0.306
4208,1.208,0.317
4209,-0.587,0.452
4210,1.055,0.309
4211,0.244,0.369
4212,-0.833,0.488
4213,0.196,0.32
4214,0.345,0.323
4215,0.637,0.299
4217,0.59,0.316
4220,-1.045,0.536
4221,0.529,0.343
4222,0.486,0.32
4224,-0.42,0.402
4226,-0.251,0.38
4229,-0.501,0.431
4233,0.274,0.339
4235,-1.095,0.548
4238,0.972,0.32
4241,0.709,0.308
4242,-0.491,0.432
4243,1.421,0.312
10134,0.612,0.317
10091,-0.622,0.455
10105,-1.378,0.624
10150,-0.288,0.38
4251,0.999,0.311
4253,0.374,0.331
4254,0.674,0.324
10094,-1.378,0.624
4256,-0.574,0.426
10166,1.318,0.317
10118,-1.378,0.624
4260,0.423,0.337
4262,0.723,0.324
4263,-1.378,0.624
4264,-1.045,0.536
10111,0.345,0.321
4267,2.768,0.393
10181,-0.247,0.384
10108,1.427,0.318
4270,0.388,0.321
4272,0.078,0.362
4275,0.637,0.307
4276,-0.126,0.381
4277,-0.841,0.489
10119,0.234,0.368
10163,1.278,0.312
10133,-0.355,0.392
4281,-0.891,0.507
10123,0.179,0.346
10143,-0.247,0.384
10180,-0.128,0.381
10160,0.222,0.33
4286,0.263,0.331
4287,-0.68,0.471
10158,0.475,0.318
10097,-0.177,0.397
10113,-0.574,0.442
4291,1.161,0.319
10106,-1.045,0.536
4293,-0.134,0.376
4294,-0.251,0.399
4296,-0.197,0.37
10135,-0.841,0.489
4299,0.902,0.315
10174,-0.145,0.362
4301,0.567,0.311
4302,-0.095,0.365
4304,-0.122,0.353
10203,0.583,0.318
4307,-1.045,0.536
4308,0.287,0.325
4309,-0.574,0.442
4310,-0.182,0.385
10102,-0.181,0.376
10138,0.589,0.306
4315,0.729,0.313
10175,0.82,0.314
4318,1.981,0.329
4319,-1.378,0.624
4321,-0.48,0.398
10171,0.422,0.321
10129,1.167,0.315
10157,-0.084,0.363
10156,-0.273,0.401
10227,1.03,0.31
10112,-0.587,0.452
10147,0.022,0.36
10124,0.251,0.345
4332,0.123,0.334
4334,-0.129,0.38
10139,-1.378,0.624
10122,-1.095,0.548
10179,0.868,0.301
10140,-0.655,0.444
10132,0.376,0.341
4340,-0.68,0.471
4341,0.47,0.338
4342,1.139,0.309
10167,-0.028,0.349
10161,1.546,0.32
4345,-0.171,0.38
4346,0.245,0.324
4347,0.797,0.317
4348,1.5,0.313
4349,-0.671,0.464
10202,0.055,0.349
10192,-0.542,0.411
4353,-0.411,0.399
4354,0.6,0.325
4355,0.791,0.331
10232,0.767,0.299
4357,-0.68,0.471
4358,0.784,0.304
4360,-1.378,0.624
10206,-1.378,0.624
4363,-1.095,0.548
10211,0.63,0.321
10207,-1.045,0.536
4366,1.763,0.316
10230,0.196,0.315
4369,-0.018,0.344
10205,-0.647,0.457
10221,-0.167,0.369
4372,-1.378,0.624
4373,-0.363,0.421
4374,-0.852,0.503
4375,0.044,0.351
4378,0.389,0.341
4379,-0.499,0.437
4382,0.262,0.341
10223,-0.082,0.378
4385,-1.378,0.624
10209,-0.448,0.412
10198,0.309,0.333
10208,-0.807,0.479
4392,-0.852,0.503
10215,0.496,0.329
4395,-0.519,0.434
4403,-0.587,0.452
4404,0.702,0.319
10222,-0.365,0.39
10229,1.273,0.308
4409,0.207,0.344
4412,-0.852,0.503
4413,-0.542,0.411
4414,-1.378,0.624
10200,0.221,0.36
10214,0.798,0.323
4422,1.229,0.318
10199,0.233,0.329
4426,-0.34,0.414
10224,0.746,0.326
10220,0.454,0.321
4430,-0.135,0.374
4433,-1.378,0.624
4435,-0.027,0.364
4436,0.706,0.325
4438,-1.378,0.624
4439,0.584,0.336
10194,1.027,0.319
4441,-0.7,0.432
4442,1.195,0.325
10226,0.489,0.323
10212,1.1,0.313
4446,-0.075,0.358
10228,0.315,0.327
4449,1.122,0.315
10219,1.076,0.325
4451,-0.852,0.503
4452,-0.372,0.386
4453,0.795,0.321
4454,-1.378,0.624
10225,0.554,0.313
10195,1.675,0.315
4460,0.427,0.328
4461,-0.676,0.465
4463,0.904,0.313
4466,-0.667,0.455
4468,0.076,0.355
4469,0.52,0.329
4470,-1.25,0.628
4471,0.377,0.33
4472,-1.378,0.624
4473,1.493,0.318
4476,-0.344,0.418
4478,0.121,0.358
4479,-1.045,0.536
4480,0.552,0.309
10204,-0.876,0.483
4483,0.698,0.318
4484,0.764,0.32
10234,0.743,0.318
4489,0.213,0.334
4490,1.243,0.32
4491,1.143,0.315
10231,-1.046,0.531
4493,0.695,0.321
10196,-0.378,0.385
10216,-0.453,0.419
4496,-1.378,0.624
4497,-0.754,0.463
4499,-0.581,0.443
4500,0.412,0.338
4501,0.753,0.308
4502,-0.324,0.378
4504,0.17,0.355
4506,-0.569,0.414
4507,-0.833,0.488
4508,1.092,0.304
4509,0.167,0.341
4510,0.59,0.324
4511,-0.677,0.462
4512,0.559,0.325
4514,1.659,0.315
4515,-0.683,0.517
4516,0.343,0.315
4518,0.133,0.341
4519,-0.365,0.39
4520,0.374,0.32
4521,-0.263,0.379
4522,-0.47,0.436
4525,-1.045,0.536
4528,-0.235,0.371
4530,0.589,0.317
4531,-0.158,0.378
4532,1.682,0.316
4534,0.504,0.338
4536,-1.378,0.624
4538,-0.852,0.503
4539,-1.378,0.624
4540,-0.563,0.438
4542,-0.622,0.455
4543,0.361,0.328
4544,-0.166,0.36
4545,1.845,0.318
4547,1.831,0.318
4548,0.52,0.303
4550,-0.594,0.431
4551,-0.445,0.426
4553,2.041,0.323
4554,0.254,0.332
4555,0.457,0.324
4556,-0.587,0.452
4558,0.079,0.346
4559,-1.378,0.624
4560,-0.845,0.486
4562,0.384,0.345
4563,-0.449,0.403
4565,-0.974,0.525
10235,0.56,0.314
4568,-0.876,0.483
4569,1.663,0.317
4571,-1.378,0.624
4573,0.49,0.329
4574,-0.309,0.382
4575,0.472,0.314
4576,-0.852,0.503
4577,0.03,0.362
4578,0.832,0.315
4581,-0.248,0.399
4585,0.884,0.317
4586,-1.378,0.624
4587,0.337,0.332
4589,1.048,0.305
4590,-1.378,0.624
4591,-1.378,0.624
4592,1.033,0.315
4593,-0.743,0.474
4595,-1.378,0.624
4596,-0.036,0.357
4597,2.091,0.332
4598,0.277,0.338
4600,-0.587,0.452
4601,0.33,0.321
4602,0.19,0.348
4606,-0.891,0.507
4607,-0.363,0.421
4608,-1.378,0.624
4609,-0.833,0.488
4610,-0.832,0.515
4612,0.469,0.332
4613,1.831,0.318
4614,0.078,0.391
4615,0.236,0.333
4618,1.716,0.329
4619,0.122,0.352
4620,0.609,0.328
4623,0.156,0.336
4625,0.867,0.315
4626,-1.378,0.624
4627,0.536,0.314
4628,-0.852,0.503
4629,1.361,0.321
4630,-1.378,0.624
4631,-0.006,0.355
4632,0.173,0.339
4633,1.48,0.319
4634,-0.196,0.369
4636,1.255,0.312
4638,-0.7,0.432
4639,-0.328,0.415
4640,0.058,0.356
4641,-0.131,0.361
4643,1.269,0.323
4644,0.415,0.326
4645,0.057,0.364
4646,-0.358,0.418
4647,1.295,0.31
4648,0.967,0.32
4649,0.879,0.312
4650,-0.22,0.353
4651,-1.045,0.536
4652,0.067,0.341
4653,-1.378,0.624
4654,-0.224,0.397
4656,-0.852,0.503
4657,-0.029,0.347
4658,-0.196,0.375
4659,0.117,0.345
4661,-1.378,0.624
4662,1.135,0.313
4663,0.061,0.354
4664,-1.378,0.624
4665,0.629,0.321
4667,-1.378,0.624
4668,-1.378,0.624
4669,-1.046,0.531
4670,0.275,0.339
4671,1.272,0.315
4673,0.446,0.326
4675,-1.046,0.531
4676,-1.061,0.62
4677,-0.182,0.373
4678,1.281,0.312
4679,-1.378,0.624
4681,-0.322,0.401
4682,0.241,0.337
4683,0.801,0.318
4684,0.377,0.318
4685,-0.974,0.525
4687,-0.802,0.461
4689,-0.655,0.444
4690,-0.676,0.465
4691,1.676,0.315
4692,-0.272,0.396
4693,0.415,0.333
4694,0.386,0.337
4695,-0.149,0.383
4696,-0.528,0.442
4697,-1.378,0.624
4698,0.127,0.335
4699,-0.083,0.362
4700,-0.182,0.349
4701,-0.677,0.462
4702,-1.378,0.624
4703,1.577,0.319
4705,0.727,0.332
10217,0.036,0.344
4708,-1.378,0.624
4709,-0.109,0.351
4710,-0.491,0.432
4712,-0.622,0.453
4714,0.814,0.326
4715,-1.378,0.624
4716,1.251,0.316
4717,-0.502,0.424
4718,1.217,0.308
4719,-1.045,0.536
4720,1.89,0.32
4721,0.61,0.338
4723,-0.7,0.432
4724,-0.071,0.375
4726,-0.039,0.369
4727,-0.167,0.372
4728,-0.31,0.399
4732,0.111,0.345
4733,-0.619,0.462
4735,0.095,0.334
4736,0.944,0.317
4737,0.49,0.309
4738,0.122,0.347
4739,-1.378,0.624
4740,-0.071,0.368
4741,2.59,0.361
4742,-1.378,0.624
4743,-1.046,0.531
4744,0.521,0.337
4746,-0.563,0.438
4747,-0.241,0.378
4748,-0.179,0.362
4750,0.001,0.348
4752,-0.677,0.462
4753,-0.093,0.355
4754,0.315,0.345
4757,-0.876,0.483
4759,-0.071,0.369
4760,0.023,0.344
4763,-0.807,0.479
4766,0.273,0.33
4767,0.363,0.336
4768,-0.294,0.405
4769,1.301,0.311
4770,0.444,0.315
4771,-1.378,0.624
4773,0.662,0.318
4775,0.367,0.327
4776,-0.974,0.525
4777,-0.807,0.479
4779,-1.378,0.624
4780,0.063,0.358
4781,-1.378,0.624
4782,0.483,0.321
4783,0.409,0.338
4787,2.491,0.353
4788,-1.378,0.624
4789,-0.785,0.471
4790,1.173,0.316
4793,0.073,0.34
4794,-0.891,0.507
4796,0.091,0.352
4798,0.917,0.313
4799,0.818,0.318
4800,2.523,0.368
4801,-0.48,0.398
4802,1.352,0.311
4803,0.441,0.333
4804,1.188,0.321
4805,-0.247,0.365
4806,1.214,0.323
4808,2.249,0.338
4809,-0.4,0.4
4810,1.047,0.312
4811,-0.039,0.369
4812,-0.034,0.377
4813,-1.25,0.628
4814,-0.974,0.525
4815,0.946,0.313
4816,0.803,0.332
4817,0.811,0.324
4818,-0.974,0.525
4819,-0.18,0.389
4820,-0.852,0.503
4821,2.29,0.345
4822,-0.18,0.389
4824,-0.216,0.387
4825,-0.677,0.462
4826,-1.378,0.624
4828,-0.406,0.384
4829,1.175,0.317
4830,-0.247,0.389
4831,-1.046,0.531
4832,-1.378,0.624
4835,-1.378,0.624
4836,0.072,0.35
4837,-0.676,0.465
4838,0.003,0.359
4839,0.232,0.335
4840,-0.179,0.367
4841,-1.378,0.624
4843,-0.114,0.366
4844,1.57,0.318
4846,0.455,0.339
4847,-0.68,0.471
4848,-0.469,0.451
4850,-1.378,0.624
4851,0.725,0.314
4852,-0.167,0.371
4853,-0.156,0.366
4854,-1.095,0.548
4855,0.02,0.351
4856,0.268,0.342
4857,0.835,0.325
4858,0.112,0.342
4860,-0.841,0.489
4861,0.15,0.344
4862,1.679,0.316
4863,0.212,0.347
4864,-0.034,0.378
4865,0.383,0.332
4866,0.887,0.321
4867,-0.223,0.402
4868,0.407,0.333
4871,0.859,0.315
4872,-1.045,0.536
4874,0.682,0.324
4876,-0.017,0.362
4878,0.873,0.308
4879,-0.599,0.446
4880,1.828,0.329
4881,0.426,0.32
4882,-1.046,0.531
4883,1.856,0.321
4884,-1.378,0.624
4886,-0.213,0.364
4889,-0.494,0.412
4891,-0.372,0.386
4892,-0.499,0.437
4893,0.122,0.355
4897,1.141,0.306