ff_id,PAF,PAF_SE
1,0.09,0.375
2,-0.465,0.335
4,-1.666,0.302
5,-1.117,0.323
6,0.893,0.454
7,-1.041,0.323
8,-0.297,0.345
11,-0.89,0.327
13,-0.694,0.335
16,1.555,0.604
19,-1.12,0.318
20,-1.004,0.316
21,-0.266,0.356
22,-0.422,0.332
24,0.617,0.426
26,-0.706,0.328
28,0.42,0.398
29,0.202,0.386
30,-1.588,0.304
31,0.517,0.423
38,-1.21,0.321
41,0.52,0.406
42,-0.494,0.334
43,-1.291,0.313
45,1.555,0.604
47,-1.394,0.314
48,-1.6,0.301
49,1.084,0.5
52,-0.627,0.333
54,-0.251,0.337
55,-1.681,0.312
58,-0.419,0.338
59,1.555,0.604
61,0.217,0.383
63,0.126,0.38
66,-0.525,0.342
68,0.796,0.451
69,-0.005,0.364
70,1.555,0.604
71,1.555,0.604
73,-0.941,0.318
74,-0.248,0.349
75,-0.144,0.356
77,-0.265,0.344
78,-2.393,0.297
79,0.482,0.406
81,-0.001,0.368
82,-0.663,0.337
83,-0.59,0.331
84,0.014,0.35
86,-0.522,0.333
87,0.324,0.398
88,-0.742,0.323
89,-0.385,0.349
91,-0.971,0.327
95,0.082,0.365
96,-0.725,0.321
97,-1.892,0.301
98,-0.429,0.339
100,-0.835,0.33
101,-0.4,0.327
102,0.197,0.385
103,-0.871,0.322
104,-1.177,0.324
105,-0.936,0.32
106,0.799,0.457
107,-0.867,0.325
109,0.318,0.399
110,-0.393,0.341
112,-0.396,0.345
114,-0.374,0.344
116,0.934,0.463
117,-0.945,0.319
118,-0.428,0.334
120,-0.128,0.353
122,0.325,0.378
126,0.891,0.474
127,1.555,0.604
128,0.597,0.422
130,0.97,0.492
132,0.053,0.361
133,0.093,0.365
135,0.022,0.358
136,-0.166,0.356
137,-0.706,0.322
139,-1.456,0.312
144,0.445,0.416
146,-0.244,0.349
147,0.571,0.418
148,0.003,0.367
151,-0.215,0.356
156,0.147,0.382
158,-0.035,0.36
159,-0.353,0.337
160,-0.588,0.332
161,-0.391,0.348
162,0.418,0.378
164,0.378,0.406
165,-0.451,0.343
166,-0.227,0.339
167,-0.546,0.34
168,-1.611,0.306
170,-2.6,0.298
171,0.115,0.381
172,0.147,0.378
173,-0.152,0.361
175,0.154,0.382
178,1.555,0.604
179,-0.535,0.333
181,-1.184,0.313
182,-0.488,0.34
185,0.859,0.466
187,-0.432,0.325
188,-0.726,0.331
190,1.555,0.604
191,-0.743,0.326
194,0.99,0.498
195,0.799,0.457
197,-0.405,0.339
198,-0.053,0.368
200,-1.071,0.32
202,-1.007,0.319
203,-0.116,0.361
204,1.047,0.505
205,-1.37,0.311
207,1.022,0.484
209,0.001,0.368
210,-0.738,0.329
211,1.555,0.604
212,0.176,0.378
216,-1.471,0.309
217,-0.537,0.34
218,-0.047,0.361
219,1.555,0.604
221,0.377,0.4
222,-0.699,0.332
227,1.555,0.604
228,-0.526,0.338
231,-0.658,0.332
232,0.833,0.457
237,1.555,0.604
238,-0.698,0.327
239,-0.123,0.356
242,1.229,0.538
243,-0.746,0.325
244,-0.78,0.331
245,-0.518,0.332
246,-0.698,0.33
248,1.005,0.499
249,-0.332,0.348
250,-0.534,0.334
251,-0.234,0.352
252,0.733,0.439
253,1.555,0.604
254,0.868,0.47
255,1.225,0.535
259,-0.545,0.333
263,0.104,0.381
267,-1.178,0.316
269,-1.348,0.317
271,0.293,0.393
272,1.222,0.532
274,-0.919,0.321
275,-0.319,0.341
276,0.431,0.41
277,-0.778,0.328
278,-1.394,0.314
279,-1.141,0.313
280,-0.211,0.35
281,-1.343,0.317
287,-1.063,0.314
288,-0.743,0.326
291,-1.873,0.302
292,-1.683,0.311
293,-1.252,0.312
294,0.699,0.452
295,-0.002,0.374
296,-1.394,0.314
297,-1.428,0.313
298,-0.828,0.329
299,-1.119,0.316
301,-0.689,0.331
302,-0.682,0.321
304,-1.487,0.312
305,0.268,0.391
306,0.589,0.428
307,-0.022,0.359
309,-1.173,0.321
312,0.379,0.405
313,-1.701,0.305
315,0.158,0.38
317,-0.89,0.327
318,1.555,0.604
319,-1.201,0.318
320,-0.454,0.336
321,-1.508,0.312
322,-0.384,0.334
325,-1.654,0.308
326,-0.635,0.33
327,0.859,0.466
330,-0.062,0.362
331,-0.939,0.328
332,0.589,0.427
334,-0.927,0.327
335,0.379,0.395
336,-1.181,0.318
337,1.225,0.535
339,-1.472,0.315
340,-1.605,0.308
342,-0.071,0.364
343,-0.877,0.327
344,0.487,0.41
346,-0.124,0.352
348,-0.889,0.325
349,1.098,0.506
351,-1.123,0.322
353,-0.794,0.323
354,0.748,0.445
355,-0.426,0.342
357,0.336,0.393
358,-0.371,0.347
360,-1.043,0.321
364,1.555,0.604
366,1.555,0.604
367,-0.448,0.342
368,-0.358,0.347
369,-0.139,0.354
371,-0.789,0.332
375,-0.934,0.322
376,0.178,0.381
377,0.884,0.483
378,-0.099,0.349
379,0.142,0.384
380,-1.304,0.319
381,-0.066,0.354
383,0.096,0.373
385,-0.711,0.326
386,-0.372,0.334
388,0.97,0.492
389,0.453,0.41
390,-0.285,0.347
391,0.234,0.393
392,-1.11,0.321
395,1.126,0.512
397,0.207,0.389
398,-0.862,0.323
399,-0.887,0.329
401,0.863,0.481
402,-1.511,0.312
403,0.445,0.416
404,0.155,0.378
405,-0.195,0.35
407,-0.097,0.348
408,0.38,0.411
409,-1.15,0.311
410,-0.169,0.354
411,0.834,0.461
412,-0.526,0.33
413,-0.382,0.338
414,-0.326,0.339
415,0.834,0.46
417,0.45,0.402
421,0.97,0.492
423,0.966,0.493
425,-0.495,0.326
426,0.589,0.429
428,-1.635,0.31
429,-0.902,0.322
435,-1.045,0.31
437,0.891,0.474
439,1.022,0.484
441,-1.056,0.316
442,-0.405,0.341
443,0.21,0.387
444,0.967,0.487
445,0.799,0.457
446,0.768,0.448
448,-0.075,0.369
450,0.035,0.371
452,0.172,0.376
453,1.154,0.513
454,-0.382,0.34
455,-1.146,0.313
458,-0.939,0.328
459,1.555,0.604
460,-0.92,0.329
461,-0.514,0.336
462,1.555,0.604
464,-0.565,0.338
465,0.127,0.378
470,-0.067,0.358
471,0.811,0.455
472,-0.188,0.354
473,-0.053,0.366
474,0.379,0.405
475,0.395,0.407
478,-1.222,0.317
479,0.038,0.367
480,-0.847,0.327
481,0.613,0.434
482,1.229,0.538
483,0.025,0.374
484,-0.885,0.317
487,-1.021,0.319
489,1.555,0.604
491,0.73,0.451
492,0.445,0.416
493,-0.664,0.329
495,0.379,0.405
496,0.096,0.374
499,-1.354,0.308
503,0.36,0.401
504,1.555,0.604
505,-0.1,0.357
506,0.473,0.387
507,-0.401,0.339
509,1.555,0.604
510,-1.254,0.313
512,-0.893,0.32
513,-0.146,0.361
515,0.29,0.389
516,0.693,0.444
517,0.891,0.474
518,0.486,0.417
519,-0.252,0.344
522,-0.935,0.328
524,-1.281,0.317
525,1.225,0.535
526,-0.567,0.333
527,0.368,0.383
528,1.555,0.604
532,0.055,0.372
533,0.967,0.487
535,-0.707,0.334
538,-1.018,0.338
539,0.445,0.416
541,-0.662,0.329
542,-0.171,0.348
544,0.25,0.366
545,-1.033,0.312
546,-1.359,0.317
548,1.555,0.604
550,1.555,0.604
551,0.535,0.424
552,0.967,0.487
555,0.375,0.408
557,-1.17,0.316
558,-0.044,0.365
560,0.328,0.389
561,-0.202,0.343
562,-0.077,0.354
564,0.532,0.417
565,0.266,0.379
567,-0.208,0.359
568,-0.295,0.34
570,0.085,0.379
571,-0.567,0.336
573,0.107,0.375
575,0.211,0.392
576,-0.867,0.32
578,-2.012,0.314
579,-0.076,0.363
581,-1.134,0.308
582,1.555,0.604
583,-0.224,0.355
584,0.579,0.434
586,-1.011,0.322
587,0.279,0.384
588,0.695,0.444
589,1.555,0.604
591,0.966,0.493
593,0.55,0.419
595,0.431,0.41
596,-0.597,0.332
600,0.11,0.347
601,1.229,0.538
603,-1.333,0.31
604,-0.554,0.334
605,0.671,0.444
608,-0.126,0.357
609,-0.374,0.345
610,0.784,0.465
612,-1.094,0.321
613,-0.976,0.319
614,-0.559,0.334
617,-1.476,0.309
619,-1.009,0.318
622,-0.123,0.358
623,0.182,0.384
625,0.395,0.407
626,-0.438,0.341
627,1.176,0.537
628,0.027,0.372
632,0.411,0.405
634,0.358,0.403
635,0.017,0.362
636,-2.345,0.305
637,-1.397,0.312
638,-1.282,0.314
640,-0.443,0.336
642,-0.401,0.344
643,-0.077,0.362
646,0.859,0.467
647,1.219,0.532
648,0.4,0.405
649,-0.507,0.33
650,-0.485,0.335
651,-0.805,0.33
653,0.486,0.415
656,1.222,0.532
657,0.115,0.379
658,-0.506,0.329
659,-1.312,0.311
661,0.97,0.492
662,0.409,0.387
663,1.555,0.604
664,0.137,0.365
665,-0.67,0.334
666,-0.794,0.322
669,1.555,0.604
671,-0.493,0.341
672,-1.294,0.322
673,0.148,0.383
674,-1.778,0.297
675,1.555,0.604
676,-2.369,0.301
677,-0.346,0.345
679,-1.305,0.315
680,0.97,0.492
681,-0.284,0.342
682,0.441,0.42
685,-0.239,0.339
686,0.702,0.409
687,-1.038,0.315
688,-0.597,0.339
690,-1.157,0.324
691,0.459,0.403
692,0.204,0.385
693,-0.244,0.336
694,-0.051,0.36
697,-0.976,0.324
699,1.555,0.604
700,0.027,0.37
701,0.33,0.403
702,-0.884,0.326
703,-1.21,0.313
704,-0.484,0.339
706,-0.735,0.33
711,-0.551,0.332
715,-1.571,0.308
717,1.555,0.604
719,0.362,0.405
720,0.782,0.448
721,-0.741,0.319
722,0.395,0.411
723,0.263,0.39
724,-2.446,0.317
727,-0.732,0.326
733,-0.842,0.328
734,1.051,0.491
735,0.331,0.398
737,0.15,0.381
739,-0.078,0.348
740,-0.908,0.324
741,-0.547,0.332
742,-0.746,0.33
743,1.555,0.604
744,-1.01,0.318
746,1.555,0.604
747,-0.053,0.343
749,-0.252,0.351
750,-0.3,0.343
751,0.167,0.388
753,0.027,0.369
754,0.456,0.417
759,0.101,0.365
760,-0.858,0.32
761,0.416,0.411
762,-0.897,0.32
763,0.333,0.41
764,0.18,0.377
765,1.225,0.535
767,0.834,0.46
768,0.181,0.385
769,0.41,0.412
770,-0.305,0.348
771,-0.679,0.332
772,0.475,0.406
773,0.166,0.371
774,-0.642,0.33
780,0.35,0.4
781,-0.504,0.334
782,0.585,0.419
783,0.613,0.434
784,-1.089,0.327
787,0.811,0.456
789,1.229,0.538
790,1.555,0.604
791,0.153,0.39
798,0.191,0.366
800,0.702,0.409
801,0.91,0.48
802,0.608,0.431
804,0.756,0.457
805,0.702,0.409
806,-0.186,0.356
807,-0.252,0.353
808,-0.109,0.36
809,-1.095,0.325
810,0.395,0.407
811,-0.251,0.343
812,-1.208,0.315
813,0.966,0.493
814,1.555,0.604
815,0.008,0.359
816,1.555,0.604
817,-0.203,0.349
818,0.506,0.41
820,0.626,0.437
821,-0.266,0.346
822,0.273,0.378
823,-0.931,0.328
824,-1.418,0.319
825,-0.349,0.346
826,0.81,0.452
827,-0.806,0.325
828,-1.854,0.305
829,0.229,0.372
830,0.145,0.384
831,0.834,0.461
835,0.263,0.373
836,-0.373,0.348
838,-0.516,0.341
839,-1.673,0.306
840,-0.522,0.337
841,0.092,0.379
842,0.22,0.386
843,-0.685,0.331
844,-0.101,0.364
847,-0.036,0.359
848,1.098,0.506
849,0.257,0.392
850,0.517,0.424
851,0.182,0.384
852,-0.544,0.337
853,-1.259,0.319
854,-0.648,0.336
855,0.97,0.492
856,-0.476,0.342
858,0.796,0.449
859,-0.291,0.349
860,-0.037,0.37
862,1.229,0.538
863,1.022,0.484
865,0.413,0.42
866,-0.811,0.325
867,0.189,0.371
869,-0.777,0.329
870,-0.311,0.343
871,-0.413,0.338
872,-0.531,0.335
873,1.555,0.604
874,-1.893,0.31
875,-0.233,0.348
880,0.194,0.381
882,0.57,0.424
883,-0.567,0.334
884,-0.64,0.336
887,-0.443,0.344
888,-1.558,0.312
889,0.364,0.405
890,0.057,0.379
10177,0.336,0.393
892,0.427,0.41
893,0.073,0.374
894,1.229,0.538
895,-0.274,0.349
896,0.172,0.382
897,-1.488,0.301
898,-2.049,0.297
899,-0.519,0.323
900,-1.035,0.324
901,-1.11,0.315
902,-1.049,0.322
903,-0.536,0.334
905,0.272,0.384
906,-0.286,0.344
908,-0.996,0.317
910,0.069,0.375
911,1.022,0.484
912,-0.373,0.348
913,0.571,0.423
914,-0.027,0.364
915,1.229,0.538
917,1.555,0.604
919,0.405,0.4
921,0.309,0.392
922,0.323,0.402
923,0.343,0.39
924,0.356,0.396
925,0.712,0.448
926,0.299,0.375
928,0.255,0.392
929,1.022,0.484
930,0.104,0.377
932,0.195,0.382
933,-0.884,0.325
934,-1.179,0.318
935,-0.273,0.342
936,-0.837,0.321
937,1.555,0.604
938,-0.923,0.318
10184,-0.233,0.349
940,1.229,0.538
941,1.177,0.537
943,-0.854,0.33
945,-0.914,0.329
946,0.476,0.405
947,-0.843,0.326
948,-0.814,0.323
949,-0.707,0.32
950,0.214,0.371
951,-0.067,0.353
952,-0.9,0.321
953,-0.962,0.321
954,0.025,0.374
956,1.098,0.506
958,0.884,0.483
959,0.687,0.447
960,0.201,0.391
961,1.225,0.535
962,-0.299,0.344
963,-1.007,0.322
964,-0.197,0.347
965,-0.088,0.357
966,-0.89,0.323
967,1.555,0.604
968,-0.316,0.343
969,-0.284,0.346
971,-0.244,0.345
972,0.364,0.41
973,-1.008,0.309
975,-0.348,0.339
976,0.207,0.389
977,0.441,0.42
978,0.863,0.481
979,0.748,0.445
981,1.229,0.538
982,0.35,0.403
983,0.172,0.382
984,-0.908,0.327
985,-0.21,0.346
986,-0.663,0.33
987,1.555,0.604
988,0.148,0.384
989,-2.229,0.309
990,-0.014,0.363
991,0.626,0.433
992,-0.816,0.325
993,0.308,0.39
994,-0.519,0.335
996,0.379,0.405
10019,0.036,0.366
998,0.741,0.442
10100,-0.377,0.343
10153,-0.376,0.337
10023,-0.509,0.336
10033,0.553,0.396
10001,-1.491,0.312
10107,0.422,0.409
10187,1.126,0.512
1011,1.005,0.499
10014,0.699,0.452
10136,0.891,0.474
10137,0.665,0.441
10018,0.811,0.456
1019,-0.312,0.337
10148,-0.518,0.342
1022,-0.317,0.349
1025,0.582,0.433
10128,-0.204,0.351
1027,1.555,0.604
1028,0.258,0.385
10115,-0.755,0.329
10021,0.91,0.48
10185,-0.151,0.354
10013,-1.958,0.304
10237,0.477,0.417
1035,0.182,0.384
10047,-0.096,0.367
10064,-0.937,0.323
1039,-1.256,0.32
10015,-1.837,0.302
1041,0.072,0.376
10011,-2.055,0.301
10152,0.319,0.398
1045,0.691,0.447
1046,0.05,0.374
10034,0.118,0.384
10050,0.359,0.395
1051,-0.241,0.345
10165,-1.51,0.317
1054,-0.218,0.352
10089,0.365,0.403
10055,1.098,0.506
1058,0.488,0.422
1059,0.23,0.392
10032,1.225,0.535
10039,-1.506,0.312
1063,-1.283,0.318
10012,-0.38,0.344
10063,-0.06,0.349
10170,-1.435,0.309
10084,0.423,0.41
10046,1.051,0.491
10027,-0.165,0.347
1071,-0.453,0.339
1072,0.551,0.397
1073,-0.154,0.363
1074,0.49,0.403
10009,-0.563,0.333
10083,-0.918,0.319
10085,1.022,0.484
10077,-0.325,0.34
10004,-0.637,0.335
10104,0.522,0.427
10081,0.884,0.483
10054,0.137,0.365
10076,-0.181,0.349
10036,0.572,0.418
10078,-0.466,0.337
10088,-0.09,0.363
10030,-1.108,0.32
1091,-0.224,0.349
10005,-0.048,0.365
10114,0.08,0.369
1095,-0.712,0.327
10090,-0.331,0.342
1099,-0.833,0.327
10164,0.285,0.391
1101,-0.076,0.355
10048,-1.191,0.324
10190,-0.237,0.345
1104,1.222,0.532
1105,-0.703,0.329
10010,-0.223,0.354
1108,-0.607,0.329
10201,0.448,0.415
1110,-0.877,0.317
1111,-0.506,0.329
10154,1.555,0.604
10003,-1.516,0.31
10075,0.672,0.445
10176,0.242,0.387
10038,-0.808,0.321
10053,0.062,0.366
10116,1.555,0.604
1122,0.487,0.389
10236,-2.109,0.304
10096,0.654,0.441
10043,0.034,0.369
1128,-0.235,0.348
10127,-0.227,0.343
10173,-0.289,0.341
10074,-0.51,0.34
1133,0.272,0.393
1134,1.154,0.513
1135,1.051,0.491
10210,1.051,0.491
10024,1.225,0.535
1139,-0.649,0.331
10022,0.261,0.396
1141,0.969,0.489
1143,0.45,0.402
10026,0.91,0.48
10188,0.501,0.427
1146,-0.688,0.329
1147,0.072,0.37
1148,-1.113,0.322
1149,0.683,0.429
10007,-0.554,0.329
10079,0.869,0.471
10159,0.705,0.449
1155,0.55,0.398
1156,0.776,0.454
10131,-0.177,0.363
10120,0.238,0.383
1161,0.039,0.365
10125,0.608,0.431
1163,-0.252,0.35
10008,1.098,0.506
10146,0.99,0.498
10130,-0.161,0.355
1171,0.891,0.474
10052,-0.447,0.356
1175,-1.231,0.314
1177,0.544,0.401
10141,-0.104,0.358
10095,1.555,0.604
10045,1.555,0.604
10037,-0.826,0.325
1183,0.304,0.402
1184,-0.741,0.328
10144,0.969,0.489
1187,0.143,0.383
1188,-0.148,0.358
10109,-1.898,0.301
10183,-2.57,0.309
1191,0.36,0.401
1193,-0.549,0.331
1194,-0.271,0.348
10031,-1.446,0.308
10178,-1.254,0.318
10151,-0.824,0.327
10042,1.555,0.604
1199,-1.103,0.325
10117,0.188,0.365
10099,-0.139,0.354
1204,-0.626,0.325
10020,-1.202,0.318
10069,-0.053,0.363
10145,0.253,0.388
10066,-1.24,0.32
10025,1.225,0.535
10110,1.555,0.604
10056,-0.936,0.326
1213,0.037,0.373
1214,-0.331,0.341
10098,0.343,0.377
10057,-0.96,0.325
10006,0.967,0.488
10126,-1.979,0.306
10162,0.811,0.456
10073,1.555,0.604
10189,-0.506,0.331
10060,0.782,0.445
10062,0.45,0.414
10142,0.08,0.378
1230,-0.152,0.356
10101,-0.217,0.349
10065,0.893,0.454
10061,0.008,0.363
10103,0.868,0.47
1236,1.051,0.491
1237,0.39,0.405
1238,0.217,0.39
10051,-1.428,0.316
1240,-0.282,0.341
1242,-0.005,0.364
1244,-0.063,0.36
10093,-0.623,0.325
10092,0.654,0.441
10149,0.81,0.452
10041,-0.652,0.337
10169,-0.477,0.328
1252,1.555,0.604
10070,0.708,0.432
1255,-1.118,0.316
1256,-0.104,0.349
1257,0.89,0.471
1260,-0.98,0.321
1261,1.219,0.532
1262,-0.034,0.361
10059,-1.892,0.305
1264,-1.249,0.315
1266,1.555,0.604
10068,-0.103,0.361
1268,0.082,0.376
10058,-0.289,0.345
1271,0.238,0.381
1273,-0.167,0.354
10168,-0.12,0.35
1276,0.721,0.446
10035,-0.934,0.321
1278,0.613,0.434
10172,0.891,0.474
10186,1.555,0.604
10016,-0.234,0.345
10002,-0.164,0.353
10040,0.934,0.463
10080,0.304,0.386
10071,-1.548,0.31
10191,0.203,0.389
1288,-1.098,0.318
1289,0.449,0.414
1290,-0.934,0.32
10028,0.97,0.492
10086,-0.646,0.335
10017,0.416,0.395
10067,-0.238,0.339
1297,0.442,0.406
1299,1.555,0.604
10049,-0.018,0.353
10072,1.555,0.604
1304,0.612,0.435
1306,0.088,0.377
1307,0.473,0.387
10155,0.654,0.441
1309,1.555,0.604
10121,1.555,0.604
10087,-1.801,0.306
10029,0.344,0.397
10044,0.033,0.373
10082,0.613,0.434
1316,0.03,0.373
1317,-0.149,0.362
1318,1.555,0.604
1319,-1.508,0.312
1320,-0.401,0.337
1321,1.229,0.538
1322,-0.55,0.335
1323,0.635,0.42
1324,0.319,0.392
1325,-0.218,0.357
1327,1.555,0.604
1328,-1.246,0.319
1329,-2.362,0.308
1331,0.647,0.435
1332,0.629,0.438
1333,-0.362,0.347
1335,-0.924,0.328
1336,-1.561,0.311
1338,-0.835,0.328
1339,1.555,0.604
1341,-0.011,0.368
1342,1.222,0.532
1343,-0.77,0.324
1344,0.007,0.366
1346,0.741,0.442
1348,-0.248,0.345
1349,-0.306,0.339
1350,-0.26,0.348
1351,-0.491,0.337
1353,-0.355,0.341
1355,0.258,0.381
1356,0.501,0.411
1357,-0.486,0.342
1358,1.047,0.505
1359,0.834,0.461
1360,-0.16,0.353
1364,-0.517,0.333
1365,0.019,0.364
1366,0.036,0.375
1368,-0.343,0.341
1369,1.022,0.484
1370,0.255,0.388
1375,-1.671,0.311
1376,1.048,0.504
1377,0.283,0.392
1378,0.285,0.385
1379,-0.331,0.343
1380,-1.116,0.326
1383,-0.271,0.35
1384,1.555,0.604
1385,1.555,0.604
1386,1.229,0.538
1387,-0.552,0.336
1388,-1.768,0.302
1390,-0.443,0.343
1392,0.863,0.481
1393,0.104,0.381
1394,-0.939,0.328
1396,-0.52,0.338
1397,-2.382,0.319
1398,-0.464,0.341
1400,-0.38,0.334
1401,-0.378,0.344
1402,1.555,0.604
1403,-0.911,0.322
1404,-0.442,0.333
1405,-0.753,0.33
1406,-1.34,0.311
1407,-0.371,0.344
1408,1.555,0.604
1409,0.008,0.368
1410,-1.498,0.306
1411,1.555,0.604
1412,1.555,0.604
1413,-0.771,0.328
1415,0.351,0.398
1417,-1.809,0.312
1418,1.555,0.604
1419,-0.806,0.331
1421,-0.38,0.344
1422,-0.479,0.333
1424,-0.245,0.346
1426,0.45,0.414
1427,0.489,0.404
1428,-0.248,0.352
1430,1.555,0.604
1431,-0.214,0.34
1432,0.277,0.384
1433,1.229,0.538
1435,0.08,0.378
1437,0.322,0.391
1438,0.741,0.439
1439,1.555,0.604
1440,1.219,0.532
1441,-0.091,0.365
1442,0.505,0.414
1443,1.555,0.604
1446,0.159,0.377
1447,1.555,0.604
1448,0.312,0.393
1449,0.406,0.404
1450,0.859,0.467
1451,1.555,0.604
1452,-0.314,0.346
1453,0.429,0.418
1454,-0.457,0.34
1455,0.607,0.432
1456,1.222,0.532
1457,-0.66,0.332
1458,0.613,0.434
1459,0.443,0.413
1461,0.092,0.36
1462,-0.108,0.351
1463,-0.001,0.375
1464,-0.159,0.354
1465,-0.057,0.355
1468,-1.47,0.311
1469,1.022,0.484
1470,0.655,0.437
1471,0.009,0.372
1475,0.863,0.481
1476,-0.52,0.336
1478,0.279,0.378
1481,0.613,0.434
1482,1.098,0.506
1484,-0.777,0.327
1487,0.096,0.364
1489,0.784,0.465
1490,1.126,0.512
1493,-0.035,0.368
1494,-1.767,0.302
1497,-0.176,0.355
1499,0.003,0.354
1501,-0.332,0.338
1502,-1.181,0.314
1503,0.701,0.435
1505,-2.256,0.307
1507,1.555,0.604
1508,1.555,0.604
1509,1.555,0.604
1511,-0.177,0.346
1512,1.555,0.604
1513,-0.297,0.344
1517,1.126,0.512
1518,0.27,0.393
1519,-0.084,0.354
1521,1.555,0.604
1522,0.385,0.399
1524,-0.388,0.343
1525,0.613,0.434
1527,1.047,0.505
1528,0.626,0.437
1532,0.11,0.374
1533,0.833,0.457
1534,1.555,0.604
1535,0.406,0.408
1537,0.115,0.374
1538,-1.119,0.311
1540,-1.094,0.32
1541,0.97,0.492
1542,-0.697,0.32
1543,-0.26,0.351
1548,0.652,0.422
1549,0.99,0.498
1550,-0.24,0.349
1551,0.532,0.423
1552,-0.187,0.353
1553,-0.034,0.367
1554,1.126,0.512
1555,0.469,0.412
1558,1.555,0.604
1559,-0.339,0.343
1561,-0.931,0.329
1563,1.555,0.604
1565,-0.843,0.319
1566,-0.197,0.354
1567,0.564,0.418
1568,-0.373,0.343
1569,1.222,0.532
1571,0.934,0.463
1572,-1.614,0.314
1573,0.99,0.498
1576,0.048,0.381
1577,0.398,0.401
1578,0.97,0.492
1579,0.869,0.471
1580,0.006,0.365
1582,0.342,0.377
1583,-1.333,0.316
1586,-1.338,0.322
1587,0.333,0.397
1588,1.555,0.604
1589,-0.527,0.329
1591,1.051,0.491
1592,1.555,0.604
1594,0.693,0.442
1596,-1.213,0.317
1597,-0.249,0.348
1598,-0.047,0.366
1599,0.892,0.476
1601,-0.149,0.346
1602,0.824,0.458
1604,-0.389,0.337
1605,-0.674,0.33
1606,-0.212,0.359
1607,0.934,0.463
1608,0.167,0.383
1609,0.57,0.424
1610,1.225,0.535
1611,0.544,0.412
1612,0.475,0.413
1614,0.622,0.441
1616,-1.092,0.318
1619,0.646,0.434
1620,-1.41,0.316
1622,-1.77,0.311
1623,-0.879,0.319
1624,1.225,0.535
1627,0.154,0.364
1629,0.589,0.428
1630,-0.898,0.325
1632,-0.433,0.329
1635,-0.646,0.334
1636,-1.88,0.306
1639,-0.843,0.323
1641,0.918,0.476
1642,0.482,0.406
1643,0.82,0.467
1644,1.555,0.604
1647,0.072,0.376
1649,-1.407,0.314
1650,0.559,0.419
1654,0.626,0.433
1655,-0.647,0.333
1656,1.229,0.538
1657,-0.691,0.332
1659,-0.927,0.324
1660,1.047,0.505
1661,-1.316,0.316
1664,-0.068,0.347
1666,-0.557,0.334
1667,0.057,0.379
1668,0.118,0.378
1670,-0.614,0.326
1671,0.266,0.379
1672,0.08,0.378
1675,1.555,0.604
1676,-0.167,0.35
1677,0.526,0.427
1680,-0.492,0.334
1682,0.025,0.374
1685,1.555,0.604
1686,1.555,0.604
1687,-0.685,0.331
1690,-1.628,0.311
1691,0.833,0.457
1692,1.555,0.604
1693,0.863,0.481
1694,-0.027,0.362
1697,0.791,0.453
1698,0.799,0.457
1699,0.117,0.374
1701,0.466,0.403
1702,0.868,0.47
1703,-0.425,0.337
1704,0.143,0.383
1706,-0.129,0.354
1708,1.229,0.538
1710,-0.637,0.33
1711,-0.714,0.325
1712,0.916,0.473
1713,-1.292,0.319
1714,-0.092,0.349
1715,-0.08,0.358
1716,0.508,0.425
1717,0.365,0.394
1719,-0.314,0.345
1720,0.416,0.403
1721,0.834,0.46
1722,-0.085,0.356
1723,0.453,0.404
1724,0.089,0.368
1725,0.036,0.375
1726,0.003,0.366
1727,-2.093,0.3
1728,0.239,0.384
1729,1.555,0.604
1730,1.229,0.538
1731,-0.491,0.336
1734,0.086,0.37
1735,-0.745,0.334
1736,0.124,0.376
1738,0.892,0.476
1739,-1.174,0.312
1741,0.522,0.427
1742,1.229,0.538
1744,0.191,0.39
1745,-1.448,0.313
1746,0.406,0.395
1748,-0.01,0.366
1749,0.891,0.474
1751,-1.644,0.3
1752,-0.307,0.347
1753,-0.961,0.321
1754,0.254,0.382
1755,-0.622,0.333
1756,-0.467,0.341
1758,0.26,0.397
1760,-0.156,0.363
1761,-0.46,0.339
1762,0.071,0.378
1764,-1.341,0.313
1765,0.97,0.492
1767,1.555,0.604
1769,0.093,0.365
1771,1.229,0.538
1772,-0.209,0.353
1773,0.502,0.41
1775,-1.221,0.316
1776,0.799,0.457
1777,0.424,0.407
1778,1.051,0.491
1779,-0.303,0.344
1780,0.521,0.41
1782,-0.753,0.334
1783,0.612,0.414
1784,-0.348,0.336
1785,-1.361,0.317
1786,-0.733,0.331
1788,-0.903,0.328
1789,-1.157,0.317
1790,0.008,0.357
1791,-0.7,0.328
1793,-0.033,0.367
1794,0.692,0.445
1795,1.508,0.607
1796,0.844,0.47
1797,0.705,0.449
1798,-1.621,0.311
1799,0.538,0.429
1801,0.231,0.397
1802,-0.252,0.35
1803,1.154,0.513
1804,0.127,0.378
1807,0.13,0.359
1808,-0.464,0.34
1809,1.229,0.538
1810,-0.582,0.332
1811,0.377,0.384
1813,-2.075,0.3
1814,1.555,0.604
1815,1.555,0.604
1816,-1.163,0.308
1817,-0.862,0.321
1819,-0.254,0.343
1820,0.222,0.392
1821,-0.106,0.359
1822,-0.212,0.347
1823,-0.312,0.346
1826,-0.183,0.343
1827,0.33,0.376
1828,-0.799,0.327
1829,0.77,0.444
1830,0.601,0.429
1831,1.555,0.604
1832,0.303,0.395
1833,-0.585,0.324
1836,-0.096,0.35
1837,-1.331,0.318
1838,0.518,0.412
1839,0.168,0.379
1841,0.425,0.421
1842,-0.534,0.334
1843,-1.44,0.312
1845,0.705,0.449
1846,0.969,0.489
1847,1.555,0.604
1849,-0.118,0.344
1850,0.025,0.366
1851,0.218,0.385
1852,-0.136,0.359
1853,0.445,0.416
1854,0.083,0.38
1855,-1.264,0.317
1856,-0.967,0.326
1857,-0.637,0.338
1858,0.701,0.435
1859,0.705,0.451
1860,0.227,0.365
1861,1.051,0.491
1862,-0.322,0.344
1863,-0.268,0.344
1866,0.056,0.375
1867,-0.249,0.356
1868,-0.8,0.329
1869,-0.917,0.33
1872,-0.098,0.356
1873,0.398,0.405
1874,0.612,0.435
1875,0.637,0.434
1876,0.319,0.403
1879,-0.204,0.353
1882,-0.354,0.347
1883,1.555,0.604
1884,-1.428,0.315
1885,-0.672,0.321
1886,-1.166,0.321
1888,0.207,0.389
1890,0.157,0.382
1891,0.389,0.401
1892,0.91,0.48
1893,0.33,0.39
1894,-0.066,0.364
1895,-0.552,0.333
1897,-0.353,0.344
1898,-1.176,0.313
1899,-0.281,0.353
1900,-0.476,0.33
1901,-1.21,0.314
1903,-0.593,0.337
1904,0.647,0.435
1905,-0.908,0.319
1906,0.833,0.457
1907,-0.02,0.35
1909,1.555,0.604
1910,-0.327,0.346
1911,0.447,0.411
1912,0.357,0.395
1913,1.225,0.535
1914,1.126,0.512
1915,0.863,0.481
1916,-0.307,0.341
1919,-0.928,0.328
1920,-2.066,0.298
1921,0.612,0.435
1922,0.531,0.416
1923,1.555,0.604
1924,0.367,0.399
1925,-0.089,0.356
1926,0.454,0.408
1927,1.555,0.604
1928,0.601,0.429
1929,-1.87,0.299
1930,-0.673,0.332
1932,-0.483,0.341
1934,0.08,0.378
1935,0.605,0.425
1936,-0.499,0.329
1937,0.834,0.458
1938,0.522,0.427
1939,0.507,0.409
1941,-0.39,0.343
1942,0.379,0.405
1943,-1.1,0.324
1944,-0.128,0.363
1945,-0.823,0.334
1946,1.555,0.604
1947,-1.702,0.307
1948,-0.583,0.33
1951,-0.152,0.361
1952,1.229,0.538
1953,-0.153,0.362
1954,0.91,0.48
1955,-0.539,0.335
1958,0.708,0.431
1959,-1.086,0.323
1960,-0.323,0.348
1961,-0.929,0.325
1962,0.868,0.47
1965,-1.591,0.313
1966,0.426,0.412
1967,1.555,0.604
1969,1.555,0.604
1970,-0.532,0.333
1971,0.135,0.375
1972,-0.906,0.329
1973,-0.07,0.351
1974,0.628,0.43
1975,-0.072,0.352
1976,0.151,0.384
1978,-0.341,0.338
1981,-0.189,0.355
1982,-0.731,0.331
1984,0.297,0.4
1985,1.555,0.604
1987,0.966,0.493
1989,1.555,0.604
1990,-0.402,0.341
1991,0.613,0.434
1992,0.181,0.38
1993,-0.019,0.348
1994,-1.037,0.312
1995,-0.727,0.333
1996,0.755,0.454
1997,1.555,0.604
1998,-0.311,0.346
1999,-0.764,0.322
2000,-0.292,0.345
2002,0.206,0.388
2003,1.229,0.538
2004,0.212,0.384
2005,-1.243,0.316
2006,-0.007,0.354
2007,-0.791,0.324
2009,-0.055,0.364
2010,-1.043,0.313
2011,0.334,0.389
2012,-0.152,0.361
2014,0.416,0.384
2016,1.222,0.532
2019,-2.077,0.299
2020,0.966,0.493
2021,-0.384,0.34
2022,-1.024,0.317
2025,-0.49,0.336
2026,0.341,0.404
2027,-0.701,0.332
2029,1.098,0.506
2030,0.934,0.463
2031,0.654,0.441
2032,0.032,0.377
2034,0.566,0.423
2035,0.467,0.403
2036,0.765,0.458
2037,-0.95,0.321
2039,1.555,0.604
2040,-0.041,0.364
2041,-1.228,0.314
2042,-0.465,0.331
2043,-0.266,0.353
2044,-0.286,0.34
2045,-1.094,0.324
2047,-0.656,0.33
2050,-0.916,0.318
2051,1.555,0.604
2052,0.176,0.387
2054,-0.279,0.342
2056,0.104,0.381
2057,1.051,0.491
2058,1.555,0.604
2059,-0.697,0.33
2061,0.163,0.387
2062,-0.521,0.334
2063,1.555,0.604
2064,0.574,0.415
2067,0.526,0.391
2068,0.152,0.379
2069,0.292,0.386
2070,0.121,0.357
2072,-0.425,0.339
2074,1.002,0.479
2076,-0.658,0.341
2077,0.379,0.405
2079,0.46,0.399
2080,0.465,0.415
2082,0.029,0.363
2083,1.154,0.513
2084,0.094,0.382
2085,-1.094,0.32
2088,-1.41,0.314
2089,-1.406,0.316
2090,1.555,0.604
2092,-1.212,0.319
2093,1.555,0.604
2095,0.77,0.444
2096,-0.197,0.354
2099,-0.092,0.36
2102,-0.161,0.36
2103,-0.578,0.333
2104,1.126,0.512
2105,1.225,0.535
2106,1.555,0.604
2107,-0.812,0.329
2109,-0.377,0.35
2110,-0.705,0.332
2111,-1.202,0.31
2113,0.863,0.481
2114,-0.357,0.345
2115,-0.514,0.328
2116,1.229,0.538
2117,1.229,0.538
2118,1.002,0.479
2119,-0.075,0.352
2120,-1.426,0.318
2121,0.693,0.442
2122,-1.398,0.308
2123,1.555,0.604
2124,-1.476,0.315
2126,0.823,0.468
2127,-1.192,0.315
2128,-0.521,0.338
2129,-1.109,0.322
2130,0.969,0.489
2132,-0.923,0.322
2133,-1.398,0.316
2136,0.066,0.377
2137,-0.226,0.348
2138,1.555,0.604
2139,0.08,0.378
2140,-1.345,0.314
2141,-1.29,0.312
2142,-0.583,0.332
2144,0.967,0.487
2146,0.834,0.46
2147,-1.109,0.31
2148,0.117,0.383
2149,-1.099,0.309
2150,0.416,0.411
2151,-0.238,0.348
2152,-0.412,0.347
2153,-0.38,0.332
2160,-1.907,0.312
2161,0.427,0.41
2162,1,0.49
2163,0.14,0.381
2164,0.709,0.429
2165,-0.614,0.333
2171,1.229,0.538
2173,-0.14,0.359
2174,-0.026,0.361
2175,-2.684,0.307
2177,1.225,0.535
2178,-0.466,0.342
2179,-2.125,0.302
2180,0.799,0.457
2181,1.229,0.538
2182,1.555,0.604
2183,1.229,0.538
2185,-0.66,0.326
2187,-0.277,0.351
2188,1.555,0.604
2189,0.97,0.492
2190,1.229,0.538
2191,-0.688,0.337
2192,-1.718,0.311
2193,0.1,0.356
2195,0.551,0.397
2196,-0.465,0.34
2199,1.555,0.604
2200,-1.912,0.315
2202,-0.35,0.343
2204,-1.389,0.309
2206,-0.797,0.33
2207,1.084,0.5
2208,0.834,0.46
2209,0.811,0.453
2210,1.555,0.604
2211,-1.113,0.323
2212,-1.095,0.324
2213,0.17,0.364
2214,-1.169,0.322
2216,-0.509,0.335
2217,-0.491,0.34
2218,0.599,0.439
2219,-1.114,0.32
2221,0.362,0.394
2222,-0.458,0.326
2224,-0.047,0.367
2225,-0.494,0.334
2228,-0.215,0.35
2229,0.279,0.387
2230,1.555,0.604
2232,-2.431,0.3
2233,-0.25,0.332
2234,0.445,0.416
2235,-1.744,0.315
2236,0.071,0.36
2237,-1.05,0.319
2239,0.08,0.378
2240,-0.101,0.358
2241,0.217,0.387
2242,1.222,0.532
2244,0.063,0.36
2245,-0.925,0.327
2246,-2.273,0.305
2247,-1.105,0.32
2248,-0.635,0.331
2249,1.555,0.604
2250,0.756,0.457
2251,-0.878,0.326
2253,1.555,0.604
2254,1.555,0.604
2256,1.555,0.604
2257,-0.095,0.365
2258,-0.396,0.337
2259,0.365,0.383
2260,-0.742,0.333
2263,1.229,0.538
2264,-1.215,0.31
2265,0.884,0.483
2268,0.969,0.489
2269,1.219,0.532
2270,-2.319,0.311
2272,0.207,0.389
2273,-0.371,0.337
2274,1.555,0.604
2275,0.359,0.396
2277,-0.702,0.329
2279,-1.293,0.311
2280,-0.88,0.328
2282,0.918,0.476
2283,0.413,0.42
2284,0.479,0.408
2287,-0.904,0.32
2288,0.096,0.354
2290,0.178,0.377
2291,0.159,0.369
2293,-0.821,0.323
2294,-0.182,0.342
2296,1.555,0.604
2297,0.171,0.355
2298,-0.475,0.342
2300,1.555,0.604
2301,1.555,0.604
2302,0.647,0.435
2303,1.555,0.604
2304,0.443,0.413
2306,-0.251,0.346
2307,-0.319,0.337
2308,0.671,0.444
2309,0.892,0.476
2310,1.555,0.604
2311,1.555,0.604
2313,-0.924,0.33
2314,-0.931,0.323
2315,-1.2,0.315
2317,-0.546,0.336
2319,0.409,0.402
2320,-0.33,0.332
2321,-0.562,0.331
2322,0.323,0.387
2324,0.477,0.426
2326,0.033,0.362
2327,0.247,0.384
2328,-0.546,0.335
2329,-0.258,0.355
2330,0.57,0.426
2331,0.765,0.457
2333,-0.188,0.356
2334,0.073,0.374
2335,1.225,0.535
2337,-0.146,0.361
2338,-0.643,0.33
2339,1.555,0.604
2340,-0.423,0.337
2341,0.654,0.441
2342,1.022,0.484
2344,-0.587,0.337
2345,-1.362,0.314
2346,1.555,0.604
2347,-1.173,0.325
2349,0.374,0.4
2350,1.225,0.535
2351,0.157,0.378
2352,-0.349,0.345
2353,-0.515,0.332
2355,-1.926,0.313
2357,0.863,0.481
2358,-2.023,0.305
2359,-0.767,0.324
2360,-1.341,0.299
2363,-0.421,0.335
2364,0.584,0.42
2365,-0.856,0.327
2370,0.672,0.442
2371,-0.305,0.338
2372,0.891,0.474
2375,-0.312,0.344
2378,0.482,0.406
2379,1.555,0.604
2380,-0.359,0.338
2381,-0.788,0.322
2382,1.555,0.604
2383,-0.324,0.356
2385,0.046,0.373
2388,0.195,0.385
2389,0.486,0.417
2392,0.284,0.373
2393,1.555,0.604
2394,-0.622,0.324
2395,1.555,0.604
2396,-1.607,0.306
2397,1.222,0.532
2398,-0.197,0.358
2399,1.555,0.604
2400,0.446,0.4
2402,0.834,0.461
2403,0.34,0.391
2404,0.535,0.421
2405,0.892,0.476
2406,-1.328,0.318
2408,-1.002,0.325
2409,-0.417,0.343
2410,0.717,0.446
2411,-0.413,0.343
2412,1.555,0.604
2414,-1.432,0.306
2415,0.863,0.481
2416,-0.24,0.346
2417,-0.296,0.346
2419,-1.584,0.311
2420,0.966,0.493
2421,-1.029,0.323
2422,-0.546,0.324
2423,1.229,0.538
2425,-0.173,0.358
2426,-0.377,0.347
2427,1.126,0.512
2428,-1.263,0.307
2429,1.555,0.604
2430,0.381,0.407
2431,-0.701,0.33
2433,1.229,0.538
2434,-2.21,0.304
2435,0.202,0.384
2436,0.384,0.406
2437,-0.405,0.341
2438,-0.396,0.346
2440,-0.867,0.325
2442,-0.04,0.359
2443,-0.59,0.332
2446,0.317,0.399
2447,0.529,0.426
2448,0.445,0.416
2449,-0.163,0.348
2450,1.555,0.604
2451,-0.57,0.335
2452,0.648,0.442
2454,-0.054,0.363
2455,1.555,0.604
2456,-0.948,0.32
2457,-1.925,0.3
2458,-0.436,0.334
2459,0.671,0.444
2460,0.379,0.405
2461,-0.316,0.351
2462,0.181,0.386
2463,-0.745,0.331
2464,-0.773,0.322
2465,-0.431,0.344
2466,-1.127,0.324
2469,-1.01,0.321
2471,0.97,0.492
2472,-1.095,0.32
2473,-0.721,0.329
2475,-0.933,0.327
2476,1.126,0.512
2477,-0.255,0.344
2479,-1.255,0.316
2480,-0.906,0.324
2482,1.222,0.532
2483,-0.822,0.329
2485,0.89,0.471
2486,0.21,0.375
2487,0.891,0.474
2490,-0.739,0.326
2491,-0.604,0.325
2492,0.466,0.413
2493,0.487,0.403
2494,0.515,0.406
2495,-0.258,0.355
2496,-0.601,0.328
2497,-0.151,0.354
2498,-0.074,0.354
2499,0.076,0.366
2500,1.555,0.604
2501,0.892,0.476
2502,1.555,0.604
2504,-0.207,0.347
2505,-2.378,0.311
2507,1.555,0.604
2508,0.022,0.373
2509,0.796,0.451
2510,-0.864,0.328
2511,-1.472,0.319
2512,0.304,0.397
2513,-0.414,0.343
2516,-1.268,0.317
2517,1.555,0.604
2518,-3.023,0.322
2519,1.229,0.538
2520,0.204,0.385
2521,-0.591,0.335
2522,0.435,0.407
2523,-0.613,0.335
2524,0.691,0.447
2525,-0.28,0.341
2526,0.97,0.492
2527,0.596,0.431
2529,-1.351,0.317
2530,1,0.49
2531,-0.903,0.325
2533,-0.561,0.333
2534,-0.118,0.365
2537,1.555,0.604
2539,1.051,0.491
2540,-0.514,0.343
2541,0.383,0.4
2542,0.215,0.386
2543,-0.13,0.345
2544,1.222,0.532
2545,1.447,0.606
2546,-1.275,0.316
2548,-0.095,0.362
2549,-0.565,0.338
2550,-0.567,0.333
2551,-0.357,0.368
2553,0.141,0.384
2554,-0.091,0.365
2555,-0.286,0.342
2556,-0.609,0.335
2557,1.555,0.604
2558,-0.684,0.326
2560,0.966,0.493
2561,0.152,0.383
2562,-0.321,0.348
2563,0.892,0.476
2567,-1.671,0.311
2569,1.555,0.604
2570,0.273,0.395
2571,0.479,0.416
2572,1.126,0.512
2573,-0.246,0.351
2574,1.555,0.604
2576,1.084,0.5
2577,-0.901,0.323
2579,0.119,0.369
2581,1.555,0.604
2582,-0.268,0.339
2583,-0.035,0.356
2584,-1.123,0.315
2587,-0.557,0.322
2588,1.555,0.604
2590,0.237,0.387
2591,0.574,0.432
2592,1.051,0.491
2594,-1.018,0.322
2595,0.803,0.453
2597,0.477,0.426
2598,0.148,0.379
2600,-0.964,0.324
2601,0.392,0.398
2605,0.164,0.384
2607,-0.975,0.325
2608,0.432,0.413
2609,-0.693,0.337
2611,-0.862,0.324
2612,1.222,0.532
2614,-0.862,0.334
2615,0.142,0.381
2618,0.692,0.445
2619,-1.424,0.311
2621,0.612,0.414
2622,-0.407,0.337
2623,0.618,0.425
2625,0.628,0.431
2626,0.458,0.4
2628,0.306,0.399
2629,0.51,0.425
2631,0.058,0.368
2632,1.555,0.604
2633,0.811,0.456
2634,-0.595,0.329
2635,0.055,0.375
2637,-0.22,0.354
2638,1.555,0.604
2640,-1.239,0.317
2641,1.022,0.484
2642,1.555,0.604
2644,1.555,0.604
2645,-0.05,0.369
2646,0.239,0.376
2648,-0.325,0.339
2649,-0.338,0.347
2650,1.555,0.604
2651,0.594,0.424
2652,-0.332,0.34
2653,0.107,0.375
2654,0.108,0.378
2655,-1.234,0.314
2656,0.863,0.481
2657,-0.592,0.325
2659,-1.857,0.308
2660,0.014,0.37
2661,-0.817,0.329
2662,-1.274,0.317
2663,-0.124,0.358
2664,-1.34,0.317
2666,0.785,0.457
2667,-1.127,0.32
2668,-0.432,0.347
2669,1.555,0.604
2670,0.053,0.366
2671,-0.223,0.339
2673,0.573,0.423
2674,0.22,0.389
2675,0.636,0.435
2676,-0.698,0.331
2677,1.555,0.604
2678,-0.152,0.357
2679,-1.031,0.319
2680,-0.933,0.324
2681,-0.283,0.34
2682,-0.195,0.356
2683,-0.749,0.329
2684,-0.235,0.351
2686,-0.6,0.336
2687,-1.092,0.319
2688,-0.215,0.352
2689,0.553,0.423
2690,-1.026,0.326
2691,-1.021,0.314
2692,-1.158,0.322
2693,0.691,0.447
2694,-0.331,0.342
2695,0.796,0.449
2697,-1.087,0.329
2698,-1.055,0.322
2699,0.934,0.463
2700,0.237,0.377
2701,-1.069,0.319
2703,-0.053,0.354
2704,0.059,0.371
2706,-0.187,0.359
2707,-0.759,0.332
2708,0.77,0.462
2711,-0.519,0.346
2712,-0.201,0.355
2713,-0.597,0.339
2715,-0.091,0.365
2717,-0.084,0.36
2719,-0.711,0.335
2720,0.517,0.423
2722,-0.437,0.336
2723,-0.233,0.348
2724,1.098,0.506
2725,-0.026,0.351
2726,1.126,0.512
2729,1.229,0.538
2730,0.799,0.457
2731,-0.045,0.368
2732,0.868,0.47
2733,1.225,0.535
2734,1.555,0.604
2736,0.068,0.379
2737,-1.125,0.32
2738,-1.059,0.324
2739,-0.684,0.342
2740,-0.573,0.343
2741,-0.453,0.342
2742,-1.759,0.31
2743,-0.251,0.352
2744,-0.058,0.358
2745,-0.946,0.325
2746,-2.095,0.3
2747,-1.146,0.317
2748,1.555,0.604
2750,-1.169,0.316
2751,-0.799,0.332
2752,0.571,0.418
2753,-0.261,0.348
2754,-1.908,0.299
2756,-1.351,0.312
2758,0.348,0.401
2759,-0.787,0.333
2761,0.476,0.421
2762,-1.212,0.317
2763,1.555,0.604
2764,0.612,0.414
2765,-2.048,0.297
2766,-0.68,0.337
2767,-0.669,0.337
2768,0.418,0.396
2769,0.567,0.422
2770,0.868,0.47
2771,1.555,0.604
2772,-0.052,0.355
2773,1.051,0.491
2774,1.555,0.604
2775,1.555,0.604
2777,-0.765,0.325
2779,0.612,0.435
2780,-0.119,0.348
2781,-1.62,0.305
2782,1.555,0.604
2784,-0.62,0.337
2785,0.096,0.38
2786,-0.163,0.342
2787,0.966,0.487
2790,-0.268,0.351
2791,0.013,0.366
2792,1.555,0.604
2793,1.555,0.604
2794,-0.395,0.339
2795,0.535,0.421
2796,0.97,0.492
2797,0.042,0.374
2799,0.265,0.395
2800,-0.2,0.355
2801,1.555,0.604
2802,0.24,0.375
2804,0.207,0.389
2805,-0.871,0.328
2806,0.236,0.376
2807,1.084,0.5
2808,-0.032,0.371
2809,0.571,0.418
2810,0.799,0.457
2811,0.17,0.37
2812,-1.432,0.31
2813,-2.329,0.296
2814,1.222,0.532
2815,-0.59,0.333
2816,-0.542,0.338
2817,0.379,0.405
2818,-2.412,0.306
2819,0.792,0.448
2820,-1.321,0.315
2821,-1.582,0.305
2823,-2.167,0.302
2824,-0.967,0.32
2825,0.756,0.457
2827,0.052,0.362
2828,1.225,0.535
2830,-1.275,0.308
2832,0.027,0.358
2833,-0.653,0.329
2835,-0.399,0.34
2836,-0.386,0.334
2837,-0.971,0.317
2838,0.277,0.394
2839,0.702,0.409
2840,0.966,0.493
2842,0.069,0.367
2843,-0.779,0.324
2844,1.555,0.604
2845,0.844,0.477
2846,1.229,0.538
2847,-0.385,0.338
2848,-0.551,0.333
2849,-1.059,0.324
2850,-0.533,0.339
2851,-0.303,0.355
2854,0.297,0.398
2855,0.741,0.439
2857,-0.064,0.347
2858,-1.544,0.315
2859,-0.422,0.335
2860,0.844,0.47
2861,0.021,0.369
2862,1.126,0.512
10197,-1.18,0.316
2865,0.45,0.41
2866,1.051,0.508
2869,1.048,0.504
2870,1.555,0.604
2871,0.279,0.394
2872,0.18,0.367
2874,0.378,0.406
2875,-0.759,0.32
2876,0.824,0.458
2877,0.025,0.356
2878,-0.16,0.356
2880,0.048,0.361
2881,0.969,0.489
2882,-0.228,0.357
2883,-1.289,0.312
2884,-0.062,0.363
2885,-1.197,0.319
2886,0.607,0.432
2889,0.272,0.393
2890,-1.145,0.323
2892,-1.21,0.322
2893,0.137,0.383
2894,-0.248,0.351
2895,-0.554,0.339
2896,0.212,0.388
2897,-0.124,0.361
2898,1.225,0.535
2901,-1.996,0.299
2904,-0.816,0.331
2906,-0.634,0.335
2907,0.868,0.47
2908,1.229,0.538
2909,0.445,0.416
2911,-1.062,0.324
2912,1.555,0.604
2913,0.307,0.401
2914,-0.704,0.331
2915,-1.297,0.338
2916,-1.022,0.321
2917,-0.388,0.345
2918,0.416,0.406
2919,-0.107,0.363
2922,0.022,0.371
2923,-0.797,0.33
2924,0.811,0.456
2925,-0.454,0.342
2926,-0.182,0.352
2927,-0.788,0.327
2928,0.891,0.474
2929,-0.959,0.326
2930,-0.179,0.345
2931,0.613,0.434
2933,-1.823,0.303
2934,-0.661,0.33
2936,-0.981,0.321
2937,-0.787,0.333
2939,0.312,0.393
2940,0.168,0.377
2941,1.229,0.538
2942,1.222,0.532
2943,-0.378,0.34
2944,-1.096,0.324
2945,0.513,0.41
2946,-1.242,0.332
2947,0.389,0.401
2949,-0.426,0.339
2950,0.691,0.444
2951,1.005,0.499
2952,-1.285,0.319
2953,0.096,0.374
2954,-0.498,0.333
2955,1.555,0.604
2956,1.555,0.604
2957,0.747,0.444
2958,0.97,0.492
2959,-1.878,0.308
2960,-0.499,0.338
2961,-0.925,0.319
2962,0.193,0.386
2963,0.408,0.412
2964,-0.154,0.347
2965,0.011,0.353
2966,-0.324,0.345
2968,0.062,0.372
2969,1.121,0.536
2970,0.226,0.391
2971,-0.852,0.323
2972,0.224,0.384
2973,-0.384,0.337
2974,-0.913,0.32
2979,-0.76,0.334
2980,0.166,0.385
2981,1.229,0.538
2982,0.782,0.449
10182,-0.623,0.327
2986,-0.585,0.327
2987,-0.043,0.358
2988,-0.518,0.334
2989,-0.988,0.317
2992,-1.418,0.308
2994,-1.109,0.313
2995,0.673,0.441
2997,0.742,0.437
2998,0.409,0.387
2999,0.859,0.467
3002,0.647,0.435
3003,-0.811,0.321
3004,-0.372,0.343
3005,0.868,0.47
3007,-1.058,0.313
3008,-0.296,0.341
3009,-0.665,0.331
3010,-0.464,0.341
3011,0.065,0.366
3012,0.073,0.363
3014,-1.109,0.317
3015,-1.079,0.318
3016,0.014,0.37
3017,-0.515,0.33
3018,-0.24,0.347
3020,-0.861,0.327
3021,-0.039,0.361
3022,0.261,0.379
3023,-0.846,0.326
3024,0.293,0.399
3026,-0.415,0.346
3027,1.555,0.604
3028,0.64,0.42
3029,-0.397,0.338
3030,-0.64,0.334
3031,-0.645,0.333
3033,-0.007,0.359
3034,-0.329,0.339
3036,-0.219,0.345
3037,0.124,0.359
3038,0.097,0.366
3039,-0.808,0.324
3040,-0.409,0.344
3041,-0.165,0.353
3042,1.225,0.535
3043,-1.074,0.323
3044,-0.603,0.337
3045,-1.774,0.309
3046,-0.197,0.345
3047,0.667,0.444
3048,-0.45,0.337
3049,-0.088,0.366
3052,0.496,0.408
3053,-1.039,0.319
3054,1.229,0.538
3055,0.468,0.413
3056,-0.407,0.325
3058,-0.423,0.337
3060,-0.153,0.362
3061,-0.484,0.329
3062,0.986,0.477
3063,-1.076,0.312
3064,-0.435,0.339
3065,-0.008,0.371
3066,0.796,0.448
3067,-0.46,0.339
3068,0.176,0.372
3071,0.554,0.422
3072,0.246,0.38
3073,-0.291,0.349
3075,-3.022,0.302
3076,-0.669,0.332
3079,-0.664,0.324
3081,-0.787,0.321
3082,-0.635,0.333
3083,-0.538,0.336
3084,-1.225,0.306
3085,0.261,0.379
3086,-1.496,0.31
3087,1.555,0.604
3088,-0.798,0.319
3089,0.091,0.376
3090,-1.349,0.318
3092,-1.253,0.321
3093,0.672,0.445
3095,-0.735,0.328
3097,0.868,0.47
3098,-0.461,0.336
3099,-0.642,0.335
3102,-0.813,0.322
3107,0.227,0.385
3108,1.555,0.604
3109,0.554,0.422
3110,0.691,0.447
3111,-0.161,0.344
3112,-1.056,0.325
3113,-1.882,0.301
3114,-0.078,0.366
3115,-1.398,0.312
3116,1.051,0.491
3117,1.126,0.512
3118,-0.081,0.353
3119,-1.087,0.321
3120,-1.876,0.304
3122,-0.129,0.354
3123,0.892,0.476
3124,0.55,0.398
3127,0.892,0.476
3128,1.555,0.604
3130,-1.424,0.314
3131,-0.77,0.324
3132,-0.247,0.353
3133,1.229,0.538
3134,-0.201,0.346
3135,-0.915,0.326
3136,0.709,0.429
3138,-1.05,0.318
3139,0.756,0.454
3142,0.278,0.404
3143,-0.997,0.323
3144,-0.239,0.338
3145,-0.387,0.34
3146,-0.194,0.355
3147,-0.134,0.36
3148,0.691,0.444
3150,-0.342,0.344
3151,0.625,0.427
3152,1.098,0.506
3154,-1.574,0.312
3156,-0.082,0.361
3158,0.407,0.402
3159,-0.485,0.333
3160,1.555,0.604
3161,0.756,0.457
3163,-1.302,0.315
3164,-1.556,0.319
3165,0.072,0.376
3167,-0.218,0.348
3168,-0.198,0.344
3169,-0.256,0.34
3170,0.73,0.451
3171,1.555,0.604
3172,0.018,0.369
3173,-0.674,0.334
3174,-0.183,0.349
3175,0.565,0.429
3180,-0.316,0.351
3181,0.253,0.389
3183,0.733,0.439
3184,0.201,0.384
3185,-0.994,0.322
3186,0.811,0.456
3187,-0.01,0.366
3190,-0.148,0.357
3191,0.018,0.367
3192,0.023,0.354
3193,-0.848,0.33
3194,0.378,0.402
3195,0.362,0.394
3196,0.094,0.374
3197,-1.182,0.318
3198,-0.777,0.33
3199,1.154,0.513
3200,0.532,0.415
3201,0.671,0.444
3202,-0.125,0.365
3203,0.917,0.475
3204,0.626,0.433
3206,-0.132,0.359
3207,-0.043,0.371
3209,-1.905,0.299
3210,-0.393,0.345
3212,0.636,0.435
3213,1.084,0.5
3214,-0.762,0.332
3217,0.408,0.41
3218,1.222,0.532
3219,-1.352,0.306
3220,-1.234,0.318
3221,0.46,0.399
3222,-1.071,0.316
3223,-0.452,0.336
3225,-1.353,0.313
3226,-0.332,0.344
3227,0.277,0.393
3228,-0.597,0.336
3230,1.555,0.604
3231,-1.638,0.311
3232,0.782,0.449
3233,-0.479,0.334
3234,0.035,0.371
3235,-0.727,0.33
3236,0.624,0.439
3238,0.844,0.476
3240,-1.622,0.308
3242,-0.232,0.354
3243,1.555,0.604
3244,-1.492,0.31
3247,0.186,0.379
3248,-0.915,0.322
3249,-0.997,0.326
3252,0.799,0.457
3253,0.284,0.395
3254,0.91,0.48
3255,-0.358,0.347
3256,-0.988,0.32
3257,0.158,0.373
3258,-0.911,0.322
3259,0.025,0.374
3260,-0.662,0.334
3261,-0.688,0.332
3264,-0.178,0.36
3265,0.297,0.391
3266,-0.221,0.358
3268,-0.047,0.369
3269,1.555,0.604
3271,0.076,0.379
3272,1.225,0.535
3274,-0.907,0.323
3275,0.025,0.374
3276,-2.189,0.305
3278,1.555,0.604
3279,-0.291,0.347
3280,0.592,0.432
3281,0.046,0.377
3282,-0.458,0.337
3283,1.222,0.532
3284,1.222,0.532
3285,0.03,0.373
3286,-0.645,0.331
3287,-0.379,0.346
3288,1.154,0.513
3289,0.421,0.397
3291,1.222,0.532
3292,0.891,0.474
3294,-0.251,0.347
3296,0.207,0.389
3297,0.811,0.456
3298,-0.648,0.321
3299,-0.577,0.333
3301,-0.936,0.33
3302,1.154,0.513
3305,-0.575,0.342
3306,0.417,0.414
3307,-2.119,0.299
3308,1.229,0.538
3310,-0.789,0.331
3311,0.505,0.409
3312,-0.663,0.334
3313,0.255,0.388
3314,-0.247,0.357
3315,-0.051,0.359
3316,0.313,0.39
3318,0.391,0.402
3319,-1.345,0.309
3321,1.098,0.506
3322,0.26,0.385
3323,-0.922,0.325
3324,-1.045,0.323
3325,-1.308,0.316
3326,-0.614,0.337
3327,-0.465,0.333
3328,-0.842,0.328
3330,-1.05,0.323
3331,-0.501,0.329
3332,0.238,0.383
3335,-1.412,0.316
3336,-0.279,0.353
3340,-0.001,0.365
3342,0.093,0.38
3344,-0.547,0.324
3345,-0.243,0.34
3346,-0.012,0.354
3347,-0.343,0.341
3350,0.624,0.451
3352,0.833,0.457
3354,-0.204,0.34
3356,-0.342,0.351
3357,0.297,0.396
3358,-0.407,0.338
3360,-0.168,0.361
3361,0.446,0.4
3362,0.299,0.399
3364,0.087,0.367
3366,-0.548,0.335
3372,0.297,0.388
3374,-0.307,0.349
3375,0.863,0.481
3377,-1.964,0.303
3378,-0.284,0.339
3381,-0.991,0.319
3382,0.214,0.387
3384,-0.83,0.323
3386,0.589,0.428
3387,0.863,0.481
3388,1.555,0.604
3389,0.574,0.421
3390,0.006,0.373
3397,-1.13,0.316
3398,-0.254,0.354
3402,-0.338,0.349
3404,-0.039,0.371
3405,-0.957,0.32
3406,-1.01,0.317
3407,-0.124,0.349
3408,1.229,0.538
3411,-0.318,0.348
3412,-0.491,0.333
3414,-0.494,0.338
3415,-0.371,0.34
3416,0.265,0.386
3418,0.267,0.371
3419,-0.443,0.343
3420,1.555,0.604
3422,-0.637,0.324
3423,0.018,0.376
3424,1.022,0.484
3425,-0.765,0.323
3427,1.222,0.532
3428,0.934,0.463
3429,-0.427,0.339
3430,1.555,0.604
3432,1.555,0.604
3433,-1.406,0.315
3434,0.138,0.358
3435,-1.57,0.316
3437,1.555,0.604
3438,-0.123,0.358
3439,0.08,0.378
3440,0.507,0.409
3441,-0.127,0.348
3443,-0.682,0.326
3445,-1.313,0.316
3446,-0.48,0.337
3448,-0.278,0.346
3450,0.824,0.458
3451,1.555,0.604
3455,0.868,0.468
3457,-0.926,0.329
3458,1.555,0.604
3460,-0.752,0.331
3461,-1.092,0.318
3462,0.247,0.371
3463,0.5,0.411
3464,-0.334,0.343
3465,-0.164,0.344
3466,-1.064,0.324
3469,-0.739,0.334
3516,-2.023,0.3
3519,-2.592,0.309
3520,-0.532,0.341
3521,0.691,0.447
3522,0.792,0.448
3523,-0.971,0.313
3525,0.28,0.39
3526,1.222,0.532
3528,0.792,0.448
3531,0.223,0.394
3532,-0.934,0.326
3534,0.144,0.374
3535,-0.049,0.349
3536,1.225,0.535
3537,0.569,0.429
3538,-0.426,0.339
3539,-0.317,0.336
3540,0.029,0.365
3541,0.693,0.441
3544,0.08,0.378
3546,-0.525,0.326
3548,0.33,0.398
3549,0.271,0.395
3551,1.555,0.604
3553,-0.573,0.334
3554,0.863,0.481
3555,-0.02,0.358
3556,-1.125,0.309
3557,0.555,0.418
3558,-0.897,0.323
3559,-1.731,0.308
3560,0.969,0.489
3561,-0.567,0.333
3563,-0.352,0.345
3564,-0.481,0.34
3565,0.524,0.411
3566,0.521,0.411
3570,0.612,0.435
3571,0.969,0.489
3572,-0.465,0.34
3573,-0.295,0.345
3575,0.054,0.359
3576,0.969,0.489
3577,-0.258,0.35
3578,-0.526,0.336
3579,0.347,0.399
3582,0.868,0.47
3583,1.229,0.538
3584,-1.406,0.314
3585,-1.255,0.309
3587,0.518,0.417
3588,0.159,0.377
3589,1.222,0.532
3590,-1.168,0.323
3591,-0.72,0.323
3594,0.243,0.394
3595,-0.257,0.337
3596,-1.394,0.314
3597,-0.607,0.331
3598,-0.986,0.324
3599,-0.232,0.347
3600,0.237,0.377
3601,0.103,0.362
3602,-0.5,0.333
3604,0.665,0.441
3607,-0.789,0.332
3610,-0.465,0.333
3611,-0.559,0.327
3615,0.868,0.47
3616,-0.29,0.337
3619,0.57,0.424
3620,-0.753,0.327
3622,-0.212,0.348
3624,0.372,0.401
3625,0.266,0.397
3626,1.555,0.604
3627,-0.531,0.331
3630,0.325,0.378
3631,1.555,0.604
3634,-0.024,0.361
3635,1.555,0.604
3636,-1.078,0.314
3637,-1.237,0.315
3638,-0.802,0.328
3639,1.555,0.604
3640,-0.246,0.356
3642,-1.418,0.314
3643,-0.84,0.33
3644,-0.195,0.356
3646,-0.438,0.337
3647,0.893,0.454
3650,-0.35,0.347
3651,0.172,0.382
3653,1.555,0.604
3654,-1.365,0.312
10193,-0.55,0.343
3658,-1.191,0.311
3661,0.122,0.384
3662,0.219,0.398
3663,0.799,0.457
3666,0.613,0.434
3667,0.213,0.385
3671,1.555,0.604
3673,0.613,0.434
3674,0.071,0.357
3716,-0.032,0.367
3717,1.048,0.504
3718,0.273,0.395
3719,1.051,0.491
3720,-0.471,0.342
3722,-0.981,0.321
3723,-0.646,0.327
3724,-0.177,0.359
3725,-0.677,0.33
3726,0.571,0.423
3727,-0.289,0.351
3728,-0.239,0.344
3729,1.555,0.604
3730,0.671,0.444
3732,0.341,0.391
3733,1.555,0.604
3735,0.155,0.384
3736,-0.265,0.348
3737,1.555,0.604
3738,-1.149,0.321
3739,0.667,0.438
3741,-0.073,0.351
3742,-1.404,0.318
3743,0.934,0.463
3744,-0.839,0.32
3747,1.555,0.604
3750,1.229,0.538
3751,0.185,0.366
3754,-0.314,0.347
3755,0.613,0.434
3756,0.966,0.493
3757,-0.214,0.34
3758,0.792,0.448
3759,-0.801,0.323
3760,-0.396,0.343
3762,0.505,0.422
3763,1.555,0.604
3765,-0.52,0.336
3766,-0.764,0.332
3767,1.555,0.604
3768,0.281,0.396
3769,0.206,0.388
3770,1.555,0.604
3771,-0.207,0.354
3772,0.107,0.375
3776,1.222,0.532
3777,-0.381,0.344
3778,-0.472,0.333
3779,-0.103,0.361
3782,-0.554,0.331
3783,1.051,0.491
3785,-0.272,0.344
3786,0.21,0.389
3787,0.91,0.48
3788,0.06,0.377
3789,-0.246,0.348
3790,1.555,0.604
3791,0.33,0.399
3792,-1.86,0.302
3793,-0.287,0.354
3794,-1.38,0.308
3796,0.29,0.4
3798,0.005,0.368
3799,1.229,0.538
3801,0.168,0.378
3802,0.799,0.457
3803,1.555,0.604
3804,1.225,0.535
3805,-2.068,0.301
3806,-0.012,0.368
3808,0.531,0.416
3809,-0.588,0.335
3811,-1.216,0.318
3812,-0.949,0.325
3813,-0.322,0.347
3814,0.421,0.397
3815,-0.215,0.356
3816,0.799,0.457
3817,0.366,0.407
3818,0.333,0.396
3820,-0.177,0.355
3821,-0.025,0.364
3822,-0.036,0.362
3823,-0.025,0.357
3824,-0.084,0.347
3826,-0.442,0.337
3829,0.57,0.424
3832,-0.222,0.337
3833,0.12,0.385
3834,0.22,0.391
3837,-1.202,0.312
3838,-1.359,0.315
3840,-0.847,0.318
3842,0.207,0.387
3844,-0.558,0.334
3845,-0.294,0.342
3846,0.683,0.429
3848,-0.858,0.33
3849,-0.447,0.338
3850,0.395,0.407
3851,-0.467,0.333
3852,1.555,0.604
3853,0.918,0.476
3854,0.97,0.492
3855,-0.517,0.337
3857,-0.37,0.348
3858,1.508,0.607
3860,-0.577,0.337
3861,-0.365,0.348
3862,-1.154,0.322
3865,-0.818,0.326
3866,-0.495,0.341
3868,0.57,0.424
3869,-0.253,0.347
3870,-0.243,0.35
3871,-1.037,0.323
3872,-0.062,0.358
3873,0.295,0.385
3874,-0.103,0.36
3875,1.555,0.604
3876,0.227,0.365
3877,-0.289,0.35
3878,0.419,0.406
3879,0.966,0.493
3880,0.799,0.457
3882,0.379,0.405
3883,0.34,0.406
3884,-1.325,0.316
3885,-0.916,0.328
3887,-1.819,0.309
3889,-0.721,0.33
3890,0.42,0.409
3891,1.555,0.604
3893,0.171,0.379
3894,-0.386,0.339
3895,-0.149,0.354
3896,0.45,0.414
3897,-1.136,0.32
3898,-1.207,0.311
3899,-0.383,0.343
3902,-0.538,0.335
3903,1.555,0.604
3904,0.348,0.398
3905,-0.355,0.348
3906,0.966,0.493
3907,0.176,0.386
3909,-0.776,0.326
3911,-0.207,0.36
3912,-1.486,0.313
3914,-1.229,0.323
3915,-0.508,0.333
3916,-0.413,0.336
3917,-0.151,0.355
3918,-0.458,0.336
3919,0.172,0.382
3920,-0.977,0.32
3921,-1.711,0.31
3922,-0.305,0.338
3924,0.414,0.407
3926,0.517,0.413
3928,-0.281,0.338
3929,-1.5,0.311
3930,-0.333,0.337
3931,1.225,0.535
3932,-0.182,0.352
3933,-1.614,0.302
3934,-0.43,0.336
3937,-1.196,0.316
3939,-0.211,0.347
3940,-0.033,0.356
3944,-1.252,0.32
3945,0.176,0.382
3946,-0.46,0.339
3947,0.306,0.399
3949,0.859,0.466
3951,-1.319,0.315
3955,-0.326,0.336
3956,-1.421,0.306
3957,-1.051,0.324
3962,-0.784,0.331
3963,-0.095,0.363
3966,0.756,0.457
3970,-1.75,0.308
3973,-1.254,0.318
3975,-0.65,0.331
3976,0.727,0.441
3977,-2.023,0.301
3979,0.222,0.38
3983,-0.784,0.327
3985,-0.483,0.337
3986,0.748,0.445
3987,-0.427,0.344
3990,-1.238,0.315
3991,-1.232,0.307
3992,0.285,0.401
3993,0.232,0.389
3997,-0.239,0.343
3998,-0.397,0.345
3999,1.229,0.538
4003,-0.326,0.347
4005,-0.89,0.327
4006,-2.697,0.308
4008,0.449,0.412
4009,-0.085,0.36
4011,1.555,0.604
4013,-0.254,0.347
4015,-0.316,0.341
4017,0.891,0.472
4018,-0.775,0.319
4019,0.053,0.363
4021,-0.689,0.322
4022,-0.967,0.314
4024,-1.38,0.315
4025,0.055,0.375
4034,-0.623,0.335
4036,-0.875,0.318
4037,-0.817,0.328
4038,-0.077,0.367
4039,-1.007,0.327
4040,-0.886,0.318
4041,-1.57,0.319
4042,-1.964,0.315
4044,-0.587,0.333
4045,0.535,0.421
4052,0.863,0.481
4058,-0.782,0.329
4059,-1.861,0.307
4061,1.555,0.604
4062,1.225,0.535
4064,0.501,0.42
4066,0.91,0.48
4067,-0.924,0.325
4068,1.225,0.535
4069,-0.682,0.329
4071,0.231,0.381
4074,-0.414,0.34
4075,0.97,0.492
4076,0.243,0.385
4079,-1.459,0.301
4080,-0.265,0.35
4081,-0.754,0.328
4082,0.538,0.413
4083,-0.386,0.345
4084,-1.119,0.323
4086,0.379,0.405
4087,-0.449,0.341
4089,-1.644,0.306
4090,1.051,0.491
4091,-1.193,0.319
4092,1.555,0.604
4093,-1.384,0.316
4095,-0.936,0.326
4096,-0.661,0.33
4097,0.589,0.429
4098,-0.926,0.324
4102,-1.16,0.319
4103,-1.03,0.324
4105,0.554,0.422
4106,1.225,0.535
4107,0.381,0.4
4109,-0.698,0.324
4110,-0.056,0.366
4113,-0.036,0.362
4114,0.893,0.454
4115,-1.485,0.315
4116,-1.021,0.325
4117,1.229,0.538
4118,0.306,0.395
4120,-0.972,0.314
4121,0.575,0.433
4124,-1.898,0.304
4125,0.747,0.444
4126,0.001,0.373
4127,-2.832,0.318
4128,0.834,0.461
4129,1.098,0.506
4130,-0.811,0.332
4131,-1.664,0.308
4133,0.183,0.382
4134,1.555,0.604
4135,-0.436,0.339
4136,0.35,0.4
4137,-0.179,0.358
4138,0.834,0.46
4141,-1.514,0.314
4143,-2.505,0.319
4144,-1.056,0.319
4145,-0.049,0.364
4146,0.183,0.386
4148,0.613,0.434
4149,-0.28,0.351
4150,0.517,0.435
4152,-1.597,0.311
4153,-0.561,0.333
4155,-0.923,0.322
4157,-0.139,0.352
4158,-1.394,0.314
4160,-0.872,0.321
4161,-0.107,0.363
4163,0.859,0.467
4164,-0.948,0.328
4166,0.178,0.379
4168,-2.279,0.305
4169,-0.34,0.335
4170,0.37,0.398
4171,-0.602,0.332
4172,1.225,0.535
4173,-0.977,0.321
4174,0.179,0.38
4175,-1.107,0.311
4176,-0.338,0.348
4177,1.126,0.512
4178,1.229,0.538
4180,-0.195,0.352
4182,0.117,0.383
4183,0.99,0.498
4184,0.046,0.361
4187,-1.564,0.303
4188,0.161,0.377
4189,0.217,0.393
4191,0.57,0.426
4192,0.298,0.398
4194,-0.638,0.334
4196,0.447,0.411
4197,-1.315,0.31
4198,0.371,0.41
4199,-0.52,0.342
4200,-0.4,0.341
4201,0.496,0.408
4202,0.544,0.418
4203,1.555,0.604
4204,1.051,0.491
4207,0.647,0.434
4208,-0.857,0.33
4209,0.969,0.489
4210,-0.907,0.323
4211,-0.23,0.357
4212,-0.215,0.356
4213,0.102,0.373
4214,-0.39,0.346
4215,-1.203,0.321
4217,-0.726,0.325
4220,-0.373,0.344
4221,-0.843,0.319
4222,-1.414,0.312
4224,1.555,0.604
4226,-0.437,0.337
4229,1.225,0.535
4233,-0.533,0.333
4235,-0.003,0.367
4238,-0.449,0.341
4241,-0.902,0.32
4242,0.091,0.373
4243,-0.971,0.317
10134,1.555,0.604
10091,-0.434,0.337
10105,0.891,0.474
10150,-0.504,0.338
4251,0.478,0.404
4253,0.612,0.435
4254,0.239,0.388
10094,-0.591,0.334
4256,0.196,0.384
10166,-0.576,0.337
10118,0.612,0.435
4260,1.229,0.538
4262,0.109,0.368
4263,0.234,0.393
4264,-0.549,0.331
10111,-2.151,0.304
4267,-2.14,0.311
10181,0.589,0.428
10108,0.08,0.377
4270,1.225,0.535
4272,1.555,0.604
4275,-0.64,0.336
4276,-0.59,0.331
4277,-0.084,0.353
10119,-1.087,0.318
10163,-0.857,0.328
10133,-0.128,0.351
4281,0.868,0.47
10123,-0.48,0.339
10143,0.009,0.365
10180,0.364,0.41
10160,-0.289,0.348
4286,-0.586,0.334
4287,0.811,0.456
10158,-0.587,0.333
10097,0.121,0.369
10113,-0.01,0.376
4291,1.555,0.604
10106,1.555,0.604
4293,0.544,0.412
4294,0.154,0.378
4296,-0.1,0.355
10135,0.91,0.48
4299,-1.195,0.315
10174,-0.242,0.353
4301,0.341,0.391
4302,-0.765,0.326
4304,-0.042,0.362
10203,-1.096,0.311
4307,-0.187,0.36
4308,0.1,0.367
4309,1.225,0.535
4310,-0.4,0.331
10102,0.727,0.441
10138,-0.985,0.323
4315,-0.893,0.328
10175,-0.909,0.325
4318,0.344,0.394
4319,1.555,0.604
4321,0.77,0.45
10171,-0.471,0.342
10129,-1.302,0.314
10157,0.115,0.38
10156,0.97,0.492
10227,-0.222,0.356
10112,-0.328,0.349
10147,-0.229,0.348
10124,0.785,0.454
4332,-0.837,0.327
4334,1.555,0.604
10139,1.229,0.538
10122,-0.451,0.341
10179,0.466,0.413
10140,0.025,0.374
10132,0.498,0.413
4340,0.358,0.384
4341,-0.089,0.353
4342,-1.436,0.311
10167,-0.486,0.337
10161,-0.712,0.328
4345,0.004,0.366
4346,-0.878,0.327
4347,-0.476,0.341
4348,-1.394,0.314
4349,1.555,0.604
10202,0.97,0.492
10192,0.011,0.356
4353,-0.776,0.326
4354,-0.547,0.341
4355,-2.157,0.309
10232,-1.061,0.319
4357,1.555,0.604
4358,0.542,0.417
4360,0.791,0.453
10206,0.317,0.39
4363,1.555,0.604
10211,-1.139,0.322
10207,1.555,0.604
4366,-2.251,0.299
10230,-1.104,0.322
4369,-0.095,0.368
10205,-0.846,0.327
10221,-0.938,0.329
4372,1.555,0.604
4373,0.868,0.47
4374,1.555,0.604
4375,0.274,0.376
4378,0.482,0.406
4379,0.41,0.412
4382,-0.603,0.325
10223,0.363,0.4
4385,0.811,0.456
10209,-0.123,0.358
10198,-1.637,0.309
10208,0.176,0.384
4392,0.863,0.481
10215,0.811,0.455
4395,-0.222,0.356
4403,0.811,0.455
4404,0.302,0.401
10222,0.365,0.403
10229,-0.49,0.337
4409,-0.893,0.323
4412,1.225,0.535
4413,0.437,0.412
4414,1.048,0.504
10200,0.361,0.403
10214,0.57,0.424
4422,-0.362,0.343
10199,-1.294,0.321
4426,1.555,0.604
10224,1.555,0.604
10220,-1.582,0.307
4430,-0.383,0.34
4433,0.91,0.48
4435,-0.742,0.327
4436,0.078,0.377
4438,0.892,0.476
4439,0.91,0.48
10194,-1.328,0.315
4441,1.051,0.491
4442,0.186,0.384
10226,0.142,0.38
10212,-1.361,0.309
4446,-0.321,0.347
10228,0.069,0.379
4449,-1.302,0.316
10219,0.551,0.397
4451,-0.51,0.332
4452,-0.205,0.357
4453,0.314,0.374
4454,0.348,0.401
10225,-0.95,0.326
10195,-0.832,0.32
4460,0.81,0.452
4461,-0.153,0.341
4463,-1.153,0.316
4466,-0.303,0.349
4468,-0.007,0.361
4469,-1.212,0.313
4470,1.555,0.604
4471,-0.941,0.318
4472,1.555,0.604
4473,0.212,0.361
4476,-0.776,0.329
4478,-1.343,0.318
4479,-0.518,0.342
4480,-1.266,0.313
10204,0.445,0.409
4483,-1.141,0.323
4484,0.213,0.387
10234,-0.211,0.339
4489,-0.097,0.348
4490,-0.854,0.33
4491,-0.75,0.326
10231,-0.387,0.347
4493,-2.49,0.296
10196,0.755,0.477
10216,1.084,0.5
4496,0.893,0.454
4497,-0.427,0.345
4499,0.197,0.385
4500,0,0.369
4501,0.234,0.393
4502,0.91,0.48
4504,-0.822,0.331
4506,0.811,0.456
4507,0.573,0.423
4508,-0.701,0.333
4509,-0.93,0.321
4510,-0.871,0.322
4511,-1.014,0.319
4512,1.229,0.538
4514,-0.433,0.342
4515,0.313,0.397
4516,-1.727,0.307
4518,-0.596,0.336
4519,1.229,0.538
4520,0.716,0.445
4521,-0.215,0.356
4522,1.225,0.535
4525,-0.891,0.323
4528,0.337,0.395
4530,-1.209,0.319
4531,0.863,0.481
4532,-1.478,0.313
4534,-0.985,0.328
4536,0.89,0.465
4538,1.084,0.5
4539,-0.035,0.368
4540,-0.556,0.334
4542,-0.137,0.359
4543,-0.082,0.361
4544,0.025,0.374
4545,-1.787,0.308
4547,-1.109,0.319
4548,-0.489,0.335
4550,0.25,0.366
4551,-0.273,0.353
4553,-0.681,0.324
4554,-0.957,0.327
4555,0.517,0.424
4556,0.247,0.391
4558,-0.098,0.364
4559,1.225,0.535
4560,-0.552,0.335
4562,0.027,0.366
4563,0.189,0.384
4565,0.645,0.436
10235,-0.703,0.33
4568,-1.059,0.324
4569,-1.781,0.305
4571,1.555,0.604
4573,-0.35,0.342
4574,0.592,0.427
4575,-0.875,0.323
4576,-0.255,0.355
4577,-0.144,0.351
4578,0.084,0.378
4581,0.378,0.402
4585,-2.233,0.308
4586,0.605,0.425
4587,-0.85,0.318
4589,-1.061,0.319
4590,1.508,0.607
4591,1.555,0.604
4592,0.421,0.408
4593,-0.594,0.333
4595,1.508,0.607
4596,-0.059,0.363
4597,0.702,0.409
4598,-0.608,0.336
4600,0.221,0.373
4601,1.555,0.604
4602,-0.883,0.323
4606,1.051,0.491
4607,0.415,0.407
4608,0.859,0.466
4609,-0.897,0.324
4610,1.555,0.604
4612,1.084,0.5
4613,0.102,0.378
4614,1.555,0.604
4615,-1.032,0.326
4618,-0.222,0.353
4619,-0.671,0.332
4620,1.555,0.604
4623,-0.86,0.326
4625,-0.277,0.35
4626,0.884,0.483
4627,0.19,0.387
4628,0.701,0.435
4629,0.008,0.38
4630,0.35,0.4
4631,0.868,0.47
4632,-0.272,0.351
4633,1.051,0.491
4634,-0.046,0.357
4636,-1.555,0.305
4638,1.555,0.604
4639,-1.112,0.323
4640,0.207,0.389
4641,0.522,0.42
4643,0.64,0.428
4644,0.709,0.428
4645,0.674,0.439
4646,0.22,0.391
4647,-0.173,0.351
4648,-0.457,0.338
4649,-2.788,0.303
4650,-0.703,0.328
4651,1.229,0.538
4652,0.115,0.371
4653,0.863,0.481
4654,1.555,0.604
4656,0.55,0.398
4657,0.099,0.37
4658,0.011,0.37
4659,-0.615,0.335
4661,0.182,0.377
4662,0.354,0.406
4663,-1.382,0.31
4664,0.378,0.406
4665,-0.545,0.338
4667,0.348,0.403
4668,0.612,0.435
4669,1.126,0.512
4670,0.167,0.383
4671,-0.507,0.325
4673,-1.457,0.316
4675,0.553,0.423
4676,0.967,0.487
4677,1.002,0.479
4678,-0.879,0.325
4679,0.365,0.403
4681,0.691,0.447
4682,-0.211,0.352
4683,0.339,0.394
4684,-0.597,0.339
4685,0.697,0.438
4687,0.207,0.387
4689,-0.612,0.334
4690,0.379,0.405
4691,-0.797,0.33
4692,-0.096,0.347
4693,0.29,0.389
4694,0.741,0.442
4695,1.555,0.604
4696,0.934,0.463
4697,1.181,0.54
4698,-0.905,0.324
4699,-0.526,0.337
4700,0.449,0.414
4701,-0.055,0.363
4702,1.047,0.505
4703,-2.242,0.305
4705,-0.79,0.332
10217,-0.615,0.33
4708,1.555,0.604
4709,0.237,0.377
4710,1.229,0.538
4712,-0.52,0.339
4714,0.303,0.394
4715,1.555,0.604
4716,-1.689,0.308
4717,0.346,0.396
4718,-0.985,0.322
4719,1.098,0.506
4720,-2.443,0.301
4721,-0.277,0.35
4723,1.229,0.538
4724,0.23,0.387
4726,-0.217,0.357
4727,0.097,0.356
4728,0.566,0.423
4732,-0.647,0.333
4733,0.91,0.48
4735,-1.036,0.326
4736,-0.503,0.335
4737,-0.46,0.339
4738,-0.29,0.345
4739,1.555,0.604
4740,1.225,0.535
4741,1.555,0.604
4742,0.316,0.393
4743,0.189,0.384
4744,1.555,0.604
4746,0.155,0.369
4747,-0.649,0.327
4748,0.383,0.404
4750,-0.12,0.358
4752,-0.667,0.336
4753,-0.227,0.351
4754,0.464,0.397
4757,1.555,0.604
4759,0,0.362
4760,-0.365,0.336
4763,0.296,0.369
4766,0.237,0.392
4767,0.206,0.388
4768,0.969,0.489
4769,-0.909,0.325
4770,-0.5,0.335
4771,1.555,0.604
4773,-0.526,0.338
4775,0.011,0.37
4776,0.868,0.47
4777,0.626,0.433
4779,0.97,0.492
4780,-0.687,0.334
4781,1.555,0.604
4782,-2.022,0.318
4783,-0.332,0.351
4787,-1.581,0.302
4788,-0.025,0.363
4789,-0.031,0.369
4790,-0.854,0.33
4793,0.48,0.415
4794,-1.282,0.314
4796,-0.334,0.342
4798,0.224,0.381
4799,-1.139,0.315
4800,-0.989,0.32
4801,0.588,0.428
4802,0.544,0.418
4803,0.085,0.378
4804,0.918,0.476
4805,-1.15,0.324
4806,0.693,0.441
4808,-1.521,0.313
4809,0.295,0.4
4810,-0.464,0.341
4811,-0.762,0.335
4812,1.555,0.604
4813,1.555,0.604
4814,0.379,0.405
4815,-0.62,0.333
4816,1.555,0.604
4817,0.918,0.476
4818,0.868,0.47
4819,1.051,0.491
4820,0.892,0.476
4821,-1.512,0.306
4822,0.966,0.493
4824,1.555,0.604
4825,0.095,0.368
4826,0.671,0.444
4828,-0.342,0.35
4829,-1.118,0.326
4830,0.267,0.382
4831,-0.135,0.361
4832,0.458,0.421
4835,1.555,0.604
4836,0.379,0.401
4837,-0.129,0.348
4838,-0.52,0.342
4839,-1.162,0.311
4840,-0.705,0.33
4841,1.229,0.538
4843,-0.797,0.33
4844,0.052,0.353
4846,1,0.49
4847,1.555,0.604
4848,-0.333,0.334
4850,1.555,0.604
4851,-1.411,0.316
4852,0.717,0.444
4853,-1.26,0.318
4854,0.629,0.44
4855,1.555,0.604
4856,-0.964,0.321
4857,-0.071,0.347
4858,-0.67,0.334
4860,0.615,0.428
4861,-0.052,0.367
4862,-0.289,0.346
4863,0.72,0.438
4864,0.916,0.473
4865,0.176,0.371
4866,-0.765,0.33
4867,0.486,0.419
4868,0.237,0.377
4871,-0.012,0.356
4872,0.32,0.391
4874,0.484,0.408
4876,1.555,0.604
4878,0.916,0.473
4879,-0.31,0.353
4880,-0.119,0.345
4881,1.222,0.532
4882,0.811,0.453
4883,-2.672,0.311
4884,0.892,0.476
4886,0.615,0.432
4889,-0.168,0.352
4891,-0.54,0.333
4892,0.462,0.398
4893,0.166,0.374
4897,-1.28,0.319