"","ff_id","IH3int5","IH5int5","pcg5idstat"
"1",1,1,NA,61
"2",2,NA,NA,61
"3",3,NA,NA,NA
"4",4,1,NA,61
"5",5,1,1,61
"6",6,1,1,61
"7",7,1,NA,61
"8",8,1,1,61
"9",9,NA,NA,NA
"10",10,NA,NA,NA
"11",11,1,NA,61
"12",12,1,NA,61
"13",13,NA,NA,63
"14",14,1,NA,63
"15",15,NA,NA,61
"16",16,1,NA,NA
"17",17,NA,NA,NA
"18",18,1,NA,NA
"19",19,1,NA,61
"20",20,NA,NA,63
"21",21,1,NA,61
"22",22,1,NA,61
"23",23,1,NA,61
"24",24,1,NA,61
"25",25,NA,NA,NA
"26",26,1,1,61
"27",27,1,NA,61
"28",28,NA,NA,NA
"29",29,1,NA,61
"30",30,1,NA,61
"31",31,1,1,61
"32",32,NA,NA,NA
"33",33,1,NA,61
"34",34,1,NA,61
"35",35,1,1,62
"36",36,1,NA,NA
"37",37,1,NA,NA
"38",38,1,1,61
"39",39,NA,NA,61
"40",40,NA,NA,NA
"41",41,1,1,61
"42",42,1,NA,61
"43",43,1,1,61
"44",44,1,NA,61
"45",45,1,NA,62
"46",46,1,1,61
"47",47,1,NA,61
"48",48,1,NA,61
"49",49,1,1,61
"50",50,1,NA,61
"51",51,NA,NA,61
"52",52,1,1,61
"53",53,NA,NA,NA
"54",54,NA,NA,61
"55",55,1,1,61
"56",56,1,NA,61
"57",57,NA,NA,61
"58",58,1,NA,61
"59",59,1,NA,61
"60",60,NA,NA,NA
"61",61,NA,NA,61
"62",62,NA,NA,61
"63",63,1,2,61
"64",64,1,NA,63
"65",65,1,NA,NA
"66",66,1,NA,61
"67",67,NA,NA,61
"68",68,NA,NA,61
"69",69,1,1,61
"70",70,1,NA,61
"71",71,1,NA,61
"72",72,NA,NA,NA
"73",73,1,NA,61
"74",74,1,NA,61
"75",75,1,NA,61
"76",76,NA,NA,NA
"77",77,1,NA,61
"78",78,NA,NA,63
"79",79,1,NA,61
"80",80,1,1,NA
"81",81,1,NA,61
"82",82,1,NA,61
"83",83,2,NA,61
"84",84,1,NA,61
"85",85,NA,NA,NA
"86",86,1,1,61
"87",87,1,NA,63
"88",88,1,1,61
"89",89,1,NA,61
"90",90,1,1,61
"91",91,NA,NA,61
"92",92,NA,NA,NA
"93",93,1,NA,61
"94",94,NA,NA,61
"95",95,NA,NA,61
"96",96,NA,NA,61
"97",97,1,1,61
"98",98,NA,NA,61
"99",99,NA,NA,61
"100",100,1,NA,61
"101",101,1,NA,61
"102",102,1,NA,61
"103",103,NA,NA,61
"104",104,NA,NA,62
"105",105,1,NA,61
"106",106,NA,NA,61
"107",107,1,1,61
"108",108,1,1,61
"109",109,1,1,61
"110",110,1,NA,61
"111",111,NA,NA,61
"112",112,1,NA,61
"113",113,1,NA,61
"114",114,1,NA,62
"115",115,NA,NA,NA
"116",116,1,1,61
"117",117,NA,NA,61
"118",118,1,NA,61
"119",119,NA,NA,61
"120",120,1,NA,61
"121",121,1,NA,61
"122",122,1,1,61
"123",123,1,NA,61
"124",124,NA,NA,61
"125",125,1,NA,61
"126",126,1,NA,61
"127",127,1,1,61
"128",128,NA,NA,61
"129",129,1,NA,61
"130",130,1,1,61
"131",131,NA,NA,63
"132",132,3,1,61
"133",133,1,1,61
"134",134,NA,NA,61
"135",135,NA,NA,61
"136",136,1,1,61
"137",137,1,NA,61
"138",138,NA,NA,NA
"139",139,1,NA,61
"140",140,1,NA,NA
"141",141,1,NA,63
"142",142,1,1,NA
"143",143,NA,NA,61
"144",144,1,NA,61
"145",145,NA,NA,61
"146",146,1,1,61
"147",147,1,1,61
"148",148,1,NA,61
"149",149,1,NA,61
"150",150,1,NA,61
"151",151,1,1,61
"152",152,1,NA,61
"153",153,1,NA,NA
"154",154,1,NA,61
"155",155,1,NA,NA
"156",156,NA,NA,61
"157",157,1,NA,61
"158",158,NA,NA,61
"159",159,1,NA,61
"160",160,1,NA,61
"161",161,1,NA,61
"162",162,NA,NA,63
"163",163,1,NA,61
"164",164,NA,NA,61
"165",165,1,1,61
"166",166,6,NA,61
"167",167,1,1,61
"168",168,NA,NA,61
"169",169,NA,NA,61
"170",170,1,1,61
"171",171,1,NA,61
"172",172,NA,NA,61
"173",173,NA,NA,61
"174",174,1,NA,NA
"175",175,NA,NA,61
"176",176,1,NA,NA
"177",177,NA,NA,61
"178",178,1,NA,62
"179",179,1,NA,61
"180",180,NA,NA,61
"181",181,1,1,61
"182",182,1,1,61
"183",183,NA,NA,61
"184",184,1,NA,61
"185",185,1,1,61
"186",186,NA,NA,NA
"187",187,NA,NA,61
"188",188,1,NA,61
"189",189,1,NA,61
"190",190,NA,NA,61
"191",191,NA,NA,61
"192",192,1,NA,62
"193",193,NA,NA,63
"194",194,1,1,61
"195",195,1,NA,61
"196",196,NA,NA,61
"197",197,1,1,61
"198",198,1,NA,61
"199",199,NA,NA,61
"200",200,1,1,61
"201",201,NA,NA,61
"202",202,NA,NA,61
"203",203,1,1,61
"204",204,1,NA,61
"205",205,1,NA,61
"206",206,1,NA,61
"207",207,1,NA,61
"208",208,NA,NA,NA
"209",209,NA,NA,61
"210",210,1,NA,61
"211",211,1,NA,61
"212",212,1,NA,61
"213",213,1,NA,61
"214",214,NA,NA,NA
"215",215,NA,NA,NA
"216",216,1,NA,61
"217",217,NA,NA,61
"218",218,NA,NA,61
"219",219,1,1,61
"220",220,NA,NA,NA
"221",221,1,NA,61
"222",222,1,NA,61
"223",223,1,1,NA
"224",224,1,NA,61
"225",225,1,1,NA
"226",226,NA,NA,61
"227",227,1,1,61
"228",228,1,NA,61
"229",229,1,NA,NA
"230",230,1,NA,61
"231",231,1,1,61
"232",232,1,1,61
"233",233,1,NA,61
"234",234,1,NA,61
"235",235,1,1,61
"236",236,NA,NA,62
"237",237,1,NA,61
"238",238,1,NA,61
"239",239,1,1,61
"240",240,NA,NA,61
"241",241,NA,NA,63
"242",242,NA,NA,62
"243",243,NA,NA,61
"244",244,1,NA,61
"245",245,NA,NA,61
"246",246,1,NA,61
"247",247,NA,NA,61
"248",248,1,1,61
"249",249,1,NA,61
"250",250,NA,NA,61
"251",251,1,1,61
"252",252,1,NA,61
"253",253,NA,NA,61
"254",254,NA,NA,61
"255",255,NA,NA,NA
"256",256,NA,NA,NA
"257",257,1,NA,NA
"258",258,NA,NA,61
"259",259,1,NA,62
"260",260,1,NA,61
"261",261,1,NA,61
"262",262,NA,NA,61
"263",263,1,NA,61
"264",264,1,1,61
"265",265,1,NA,61
"266",266,NA,NA,61
"267",267,1,NA,61
"268",268,1,NA,NA
"269",269,1,NA,61
"270",270,NA,NA,61
"271",271,1,1,61
"272",272,1,1,61
"273",273,NA,NA,NA
"274",274,1,NA,61
"275",275,1,1,61
"276",276,1,1,61
"277",277,1,NA,61
"278",278,NA,NA,61
"279",279,NA,NA,62
"280",280,1,1,61
"281",281,1,1,61
"282",282,1,NA,63
"283",283,NA,NA,61
"284",284,NA,NA,NA
"285",285,1,NA,61
"286",286,1,NA,NA
"287",287,1,NA,61
"288",288,1,1,61
"289",289,NA,NA,61
"290",290,NA,NA,NA
"291",291,1,1,61
"292",292,1,NA,61
"293",293,1,1,61
"294",294,1,NA,61
"295",295,1,1,61
"296",296,1,1,61
"297",297,1,NA,61
"298",298,1,1,61
"299",299,1,NA,61
"300",300,NA,NA,NA
"301",301,1,NA,61
"302",302,1,NA,61
"303",303,NA,NA,NA
"304",304,1,NA,61
"305",305,NA,NA,61
"306",306,1,NA,61
"307",307,NA,NA,NA
"308",308,1,NA,NA
"309",309,NA,NA,61
"310",310,NA,NA,NA
"311",311,1,NA,61
"312",312,NA,NA,61
"313",313,1,1,61
"314",314,1,NA,61
"315",315,1,NA,61
"316",316,1,NA,61
"317",317,1,1,61
"318",318,1,NA,61
"319",319,NA,NA,61
"320",320,1,1,61
"321",321,1,NA,61
"322",322,NA,NA,61
"323",323,NA,NA,61
"324",324,1,NA,61
"325",325,1,1,61
"326",326,1,NA,61
"327",327,1,1,61
"328",328,NA,NA,61
"329",329,1,NA,NA
"330",330,NA,NA,61
"331",331,1,NA,61
"332",332,1,NA,61
"333",333,NA,NA,61
"334",334,1,NA,61
"335",335,1,1,61
"336",336,1,1,61
"337",337,1,NA,61
"338",338,1,NA,NA
"339",339,1,NA,61
"340",340,1,1,61
"341",341,NA,NA,61
"342",342,NA,NA,61
"343",343,NA,NA,61
"344",344,1,NA,61
"345",345,NA,NA,61
"346",346,1,NA,61
"347",347,1,NA,61
"348",348,1,1,61
"349",349,1,NA,61
"350",350,NA,NA,NA
"351",351,3,NA,NA
"352",352,1,NA,61
"353",353,1,NA,61
"354",354,1,1,61
"355",355,NA,NA,61
"356",356,NA,NA,NA
"357",357,1,NA,61
"358",358,1,NA,61
"359",359,1,NA,62
"360",360,1,NA,61
"361",361,NA,NA,61
"362",362,NA,NA,61
"363",363,1,NA,61
"364",364,1,NA,61
"365",365,NA,NA,61
"366",366,1,1,61
"367",367,NA,NA,61
"368",368,1,1,61
"369",369,1,1,61
"370",370,1,NA,61
"371",371,1,1,61
"372",372,NA,NA,61
"373",373,NA,NA,62
"374",374,1,1,61
"375",375,1,NA,61
"376",376,1,1,61
"377",377,1,1,62
"378",378,1,NA,61
"379",379,1,NA,61
"380",380,1,1,61
"381",381,1,NA,61
"382",382,1,NA,61
"383",383,1,NA,NA
"384",384,NA,NA,61
"385",385,NA,NA,61
"386",386,NA,NA,61
"387",387,NA,NA,NA
"388",388,NA,NA,61
"389",389,1,1,61
"390",390,1,NA,61
"391",391,1,NA,61
"392",392,1,1,61
"393",393,2,NA,61
"394",394,1,NA,61
"395",395,1,NA,61
"396",396,1,1,61
"397",397,1,NA,61
"398",398,1,1,61
"399",399,1,1,61
"400",400,1,NA,NA
"401",401,NA,NA,61
"402",402,1,NA,61
"403",403,1,NA,61
"404",404,1,1,61
"405",405,NA,NA,61
"406",406,NA,NA,NA
"407",407,1,NA,61
"408",408,1,NA,61
"409",409,1,1,61
"410",410,1,1,61
"411",411,1,NA,61
"412",412,NA,NA,61
"413",413,1,1,63
"414",414,1,NA,61
"415",415,1,1,61
"416",416,NA,NA,63
"417",417,1,NA,61
"418",418,1,NA,61
"419",419,NA,NA,NA
"420",420,1,1,NA
"421",421,NA,NA,61
"422",422,NA,NA,61
"423",423,NA,NA,61
"424",424,NA,NA,61
"425",425,NA,NA,61
"426",426,1,NA,61
"427",427,1,NA,61
"428",428,1,1,61
"429",429,1,NA,61
"430",430,1,NA,61
"431",431,NA,NA,NA
"432",432,1,NA,61
"433",433,NA,NA,NA
"434",434,1,1,NA
"435",435,1,1,61
"436",436,1,NA,NA
"437",437,1,NA,62
"438",438,1,1,61
"439",439,1,1,61
"440",440,1,1,NA
"441",441,1,NA,61
"442",442,NA,NA,61
"443",443,1,NA,61
"444",444,1,1,61
"445",445,1,1,61
"446",446,1,1,61
"447",447,1,NA,61
"448",448,1,NA,61
"449",449,NA,NA,61
"450",450,NA,NA,61
"451",451,1,NA,61
"452",452,1,NA,61
"453",453,1,NA,61
"454",454,1,NA,61
"455",455,NA,NA,63
"456",456,NA,NA,NA
"457",457,NA,NA,NA
"458",458,NA,NA,61
"459",459,1,1,61
"460",460,1,NA,61
"461",461,1,1,61
"462",462,1,1,61
"463",463,1,1,NA
"464",464,1,1,61
"465",465,1,NA,61
"466",466,NA,NA,61
"467",467,1,NA,61
"468",468,NA,NA,NA
"469",469,1,1,NA
"470",470,NA,NA,61
"471",471,1,NA,61
"472",472,2,NA,62
"473",473,1,NA,61
"474",474,NA,NA,61
"475",475,1,NA,61
"476",476,1,NA,63
"477",477,NA,NA,61
"478",478,1,NA,61
"479",479,NA,NA,61
"480",480,1,1,61
"481",481,1,NA,61
"482",482,1,NA,61
"483",483,1,NA,61
"484",484,1,NA,61
"485",485,1,NA,61
"486",486,1,NA,61
"487",487,NA,NA,61
"488",488,1,NA,61
"489",489,1,1,61
"490",490,NA,NA,NA
"491",491,1,1,61
"492",492,1,NA,61
"493",493,1,NA,61
"494",494,1,1,61
"495",495,1,NA,61
"496",496,1,NA,61
"497",497,1,1,63
"498",498,1,1,61
"499",499,1,NA,62
"500",500,1,NA,61
"501",501,1,NA,NA
"502",502,NA,NA,61
"503",503,1,NA,61
"504",504,1,NA,61
"505",505,1,2,61
"506",506,1,NA,61
"507",507,NA,NA,61
"508",508,1,1,61
"509",509,1,NA,61
"510",510,1,1,61
"511",511,NA,NA,NA
"512",512,1,1,61
"513",513,1,NA,61
"514",514,1,1,61
"515",515,1,1,61
"516",516,NA,NA,61
"517",517,1,NA,63
"518",518,1,NA,61
"519",519,1,NA,61
"520",520,6,NA,63
"521",521,1,1,63
"522",522,1,NA,61
"523",523,NA,NA,NA
"524",524,1,NA,61
"525",525,1,NA,61
"526",526,1,NA,61
"527",527,1,NA,61
"528",528,1,1,61
"529",529,1,1,NA
"530",530,1,NA,NA
"531",531,1,NA,61
"532",532,NA,NA,61
"533",533,NA,NA,61
"534",534,1,1,61
"535",535,NA,NA,61
"536",536,NA,NA,62
"537",537,NA,NA,61
"538",538,1,NA,62
"539",539,1,NA,61
"540",540,NA,NA,NA
"541",541,NA,NA,61
"542",542,1,NA,61
"543",543,NA,NA,NA
"544",544,1,NA,61
"545",545,NA,NA,61
"546",546,NA,NA,62
"547",547,NA,NA,61
"548",548,1,NA,61
"549",549,1,NA,NA
"550",550,1,1,61
"551",551,1,NA,61
"552",552,1,1,61
"553",553,1,NA,NA
"554",554,NA,NA,NA
"555",555,1,NA,61
"556",556,1,1,61
"557",557,1,1,61
"558",558,1,NA,61
"559",559,NA,NA,61
"560",560,1,1,61
"561",561,1,1,61
"562",562,NA,NA,61
"563",563,1,NA,NA
"564",564,1,NA,61
"565",565,1,NA,61
"566",566,1,NA,61
"567",567,1,NA,63
"568",568,1,1,61
"569",569,1,NA,62
"570",570,1,NA,61
"571",571,1,NA,61
"572",572,NA,NA,61
"573",573,1,NA,61
"574",574,NA,NA,NA
"575",575,NA,NA,61
"576",576,1,NA,61
"577",577,5,NA,NA
"578",578,NA,NA,61
"579",579,1,1,61
"580",580,NA,NA,61
"581",581,NA,NA,61
"582",582,NA,NA,62
"583",583,1,NA,61
"584",584,NA,NA,61
"585",585,NA,NA,61
"586",586,NA,NA,61
"587",587,1,1,61
"588",588,1,NA,61
"589",589,NA,NA,61
"590",590,1,1,61
"591",591,NA,NA,61
"592",592,1,NA,61
"593",593,1,NA,61
"594",594,1,NA,61
"595",595,NA,NA,61
"596",596,1,NA,61
"597",597,1,NA,61
"598",598,NA,NA,61
"599",599,NA,NA,61
"600",600,1,NA,61
"601",601,1,NA,62
"602",602,NA,NA,61
"603",603,1,NA,61
"604",604,NA,NA,61
"605",605,NA,NA,61
"606",606,1,1,NA
"607",607,1,1,61
"608",608,1,NA,61
"609",609,1,1,61
"610",610,1,NA,61
"611",611,NA,NA,61
"612",612,NA,NA,61
"613",613,NA,NA,61
"614",614,1,1,61
"615",615,NA,NA,NA
"616",616,1,1,61
"617",617,1,NA,61
"618",618,1,NA,61
"619",619,1,NA,61
"620",620,NA,NA,NA
"621",621,1,NA,63
"622",622,NA,NA,61
"623",623,NA,NA,61
"624",624,NA,NA,NA
"625",625,NA,NA,61
"626",626,1,NA,61
"627",627,1,NA,61
"628",628,NA,NA,61
"629",629,1,NA,61
"630",630,NA,NA,NA
"631",631,NA,NA,61
"632",632,1,1,61
"633",633,1,1,NA
"634",634,1,1,61
"635",635,1,NA,63
"636",636,1,NA,61
"637",637,1,NA,61
"638",638,NA,NA,NA
"639",639,NA,NA,NA
"640",640,NA,NA,61
"641",641,NA,NA,NA
"642",642,1,NA,61
"643",643,1,1,61
"644",644,1,1,61
"645",645,NA,NA,NA
"646",646,1,1,61
"647",647,NA,NA,63
"648",648,1,NA,61
"649",649,1,NA,61
"650",650,1,NA,61
"651",651,NA,NA,61
"652",652,1,NA,61
"653",653,1,NA,61
"654",654,NA,NA,61
"655",655,1,1,61
"656",656,1,NA,61
"657",657,4,4,61
"658",658,1,1,63
"659",659,1,1,61
"660",660,1,1,61
"661",661,NA,1,61
"662",662,1,1,61
"663",663,1,1,61
"664",664,2,1,61
"665",665,1,1,61
"666",666,1,1,61
"667",667,1,1,61
"668",668,NA,1,61
"669",669,1,1,61
"670",670,NA,NA,NA
"671",671,1,1,61
"672",672,1,1,61
"673",673,NA,NA,61
"674",674,1,1,61
"675",675,NA,NA,61
"676",676,1,1,61
"677",677,1,1,61
"678",678,NA,NA,61
"679",679,1,1,61
"680",680,1,NA,61
"681",681,1,1,NA
"682",682,1,1,63
"683",683,1,1,61
"684",684,2,1,62
"685",685,1,1,61
"686",686,1,1,61
"687",687,1,1,61
"688",688,1,1,61
"689",689,NA,1,61
"690",690,1,1,61
"691",691,1,1,61
"692",692,1,1,61
"693",693,NA,1,63
"694",694,NA,3,63
"695",695,1,1,NA
"696",696,NA,NA,63
"697",697,1,1,61
"698",698,NA,NA,NA
"699",699,1,1,61
"700",700,1,NA,63
"701",701,1,1,61
"702",702,1,1,61
"703",703,1,1,61
"704",704,NA,1,61
"705",705,1,1,62
"706",706,NA,1,61
"707",707,NA,NA,61
"708",708,1,NA,NA
"709",709,NA,NA,NA
"710",710,1,1,61
"711",711,1,1,61
"712",712,1,1,61
"713",713,1,1,61
"714",714,1,NA,NA
"715",715,1,1,61
"716",716,2,1,63
"717",717,1,1,61
"718",718,1,1,63
"719",719,1,1,61
"720",720,1,1,61
"721",721,NA,NA,61
"722",722,1,1,61
"723",723,NA,1,61
"724",724,1,1,61
"725",725,1,NA,61
"726",726,1,1,61
"727",727,1,1,61
"728",728,1,1,61
"729",729,NA,1,61
"730",730,NA,NA,63
"731",731,NA,NA,61
"732",732,1,1,61
"733",733,NA,1,61
"734",734,1,NA,61
"735",735,1,1,61
"736",736,NA,NA,NA
"737",737,1,1,63
"738",738,NA,NA,NA
"739",739,1,1,61
"740",740,1,1,61
"741",741,1,1,61
"742",742,1,1,61
"743",743,NA,1,61
"744",744,1,1,61
"745",745,1,1,61
"746",746,1,NA,62
"747",747,1,1,61
"748",748,1,1,NA
"749",749,1,1,61
"750",750,NA,NA,61
"751",751,1,1,61
"752",752,NA,NA,NA
"753",753,1,1,61
"754",754,1,1,61
"755",755,1,NA,61
"756",756,NA,NA,61
"757",757,NA,NA,NA
"758",758,NA,NA,NA
"759",759,NA,NA,61
"760",760,1,1,61
"761",761,1,1,61
"762",762,NA,1,61
"763",763,NA,1,61
"764",764,1,1,61
"765",765,1,1,61
"766",766,NA,NA,NA
"767",767,1,NA,62
"768",768,1,1,NA
"769",769,1,1,61
"770",770,1,NA,61
"771",771,1,1,61
"772",772,1,1,61
"773",773,1,1,61
"774",774,1,1,61
"775",775,NA,1,61
"776",776,1,1,61
"777",777,1,1,61
"778",778,NA,1,NA
"779",779,1,1,61
"780",780,1,1,61
"781",781,1,1,61
"782",782,1,NA,NA
"783",783,1,1,61
"784",784,1,5,63
"785",785,NA,1,61
"786",786,NA,NA,61
"787",787,1,NA,61
"788",788,1,1,NA
"789",789,1,1,61
"790",790,NA,1,61
"791",791,1,1,62
"792",792,1,1,61
"793",793,NA,NA,NA
"794",794,NA,NA,NA
"795",795,NA,NA,63
"796",796,1,1,61
"797",797,1,1,61
"798",798,1,1,61
"799",799,1,1,61
"800",800,NA,1,61
"801",801,NA,1,61
"802",802,1,1,61
"803",803,1,1,61
"804",804,NA,1,61
"805",805,1,1,61
"806",806,1,1,61
"807",807,1,1,61
"808",808,NA,NA,62
"809",809,1,1,61
"810",810,NA,1,61
"811",811,1,1,61
"812",812,1,1,61
"813",813,1,1,61
"814",814,1,1,61
"815",815,1,1,61
"816",816,NA,1,61
"817",817,NA,2,62
"818",818,NA,1,61
"819",819,1,NA,NA
"820",820,1,1,61
"821",821,1,NA,61
"822",822,1,1,61
"823",823,NA,NA,61
"824",824,1,1,61
"825",825,1,1,61
"826",826,1,1,62
"827",827,1,1,61
"828",828,1,1,61
"829",829,1,NA,61
"830",830,1,1,61
"831",831,NA,1,61
"832",832,NA,NA,61
"833",833,1,1,61
"834",834,NA,NA,61
"835",835,1,1,61
"836",836,NA,NA,61
"837",837,1,NA,63
"838",838,1,1,61
"839",839,1,NA,61
"840",840,1,1,61
"841",841,1,1,61
"842",842,3,3,61
"843",843,1,1,61
"844",844,1,NA,61
"845",845,1,1,61
"846",846,1,1,61
"847",847,1,1,61
"848",848,1,NA,62
"849",849,1,1,61
"850",850,1,1,61
"851",851,1,1,61
"852",852,1,1,61
"853",853,1,NA,61
"854",854,1,1,61
"855",855,1,1,61
"856",856,1,1,61
"857",857,NA,NA,61
"858",858,1,1,61
"859",859,NA,1,61
"860",860,1,1,61
"861",861,NA,NA,NA
"862",862,1,1,61
"863",863,NA,1,61
"864",864,1,NA,62
"865",865,1,1,61
"866",866,1,NA,61
"867",867,1,1,61
"868",868,1,1,61
"869",869,1,1,61
"870",870,NA,4,63
"871",871,1,1,61
"872",872,1,1,61
"873",873,1,1,61
"874",874,NA,1,61
"875",875,1,1,61
"876",876,1,1,61
"877",877,NA,NA,61
"878",878,1,NA,NA
"879",879,1,NA,61
"880",880,1,1,61
"881",881,NA,NA,61
"882",882,1,1,61
"883",883,1,1,61
"884",884,1,1,61
"885",885,1,NA,61
"886",886,NA,NA,NA
"887",887,NA,NA,NA
"888",888,NA,NA,61
"889",889,NA,NA,63
"890",890,1,NA,61
"891",10177,1,1,61
"892",892,1,1,61
"893",893,NA,NA,NA
"894",894,1,1,61
"895",895,1,NA,61
"896",896,1,1,61
"897",897,1,NA,61
"898",898,1,1,61
"899",899,1,NA,63
"900",900,NA,1,61
"901",901,1,NA,61
"902",902,1,1,NA
"903",903,1,1,61
"904",904,NA,NA,61
"905",905,1,1,NA
"906",906,1,1,61
"907",907,NA,1,61
"908",908,1,1,61
"909",909,1,NA,NA
"910",910,1,1,61
"911",911,1,1,61
"912",912,1,1,61
"913",913,1,1,61
"914",914,1,1,61
"915",915,1,1,61
"916",916,1,1,NA
"917",917,1,NA,61
"918",918,NA,NA,NA
"919",919,1,1,62
"920",920,NA,NA,61
"921",921,1,1,61
"922",922,1,1,63
"923",923,1,1,61
"924",924,1,1,61
"925",925,1,1,61
"926",926,NA,1,61
"927",927,1,1,61
"928",928,1,NA,61
"929",929,1,1,61
"930",930,1,1,61
"931",931,NA,NA,61
"932",932,1,1,61
"933",933,1,1,61
"934",934,1,1,61
"935",935,1,1,63
"936",936,1,1,61
"937",937,1,1,61
"938",938,1,1,61
"939",10184,NA,1,63
"940",940,1,1,61
"941",941,1,1,61
"942",942,1,NA,61
"943",943,1,1,61
"944",944,NA,NA,NA
"945",945,1,1,61
"946",946,1,1,61
"947",947,1,NA,61
"948",948,1,1,61
"949",949,NA,NA,61
"950",950,1,1,61
"951",951,NA,1,61
"952",952,1,1,61
"953",953,1,1,61
"954",954,NA,NA,61
"955",955,1,1,NA
"956",956,1,1,61
"957",957,NA,1,61
"958",958,NA,1,61
"959",959,1,1,61
"960",960,NA,1,61
"961",961,1,1,61
"962",962,1,1,61
"963",963,1,1,61
"964",964,1,1,63
"965",965,1,1,61
"966",966,NA,NA,61
"967",967,1,1,61
"968",968,1,1,61
"969",969,1,1,61
"970",970,1,1,61
"971",971,1,1,61
"972",972,1,NA,61
"973",973,1,1,61
"974",974,1,1,NA
"975",975,1,1,61
"976",976,1,1,61
"977",977,1,NA,61
"978",978,1,1,61
"979",979,1,NA,61
"980",980,NA,NA,61
"981",981,1,1,61
"982",982,1,1,61
"983",983,1,1,61
"984",984,1,1,61
"985",985,1,1,61
"986",986,1,1,62
"987",987,1,1,61
"988",988,1,NA,61
"989",989,1,1,61
"990",990,NA,NA,61
"991",991,1,1,61
"992",992,1,NA,61
"993",993,NA,5,61
"994",994,1,1,61
"995",995,1,NA,NA
"996",996,1,1,61
"997",10019,1,1,61
"998",998,NA,1,61
"999",10100,1,1,61
"1000",10153,1,NA,61
"1001",10023,1,NA,61
"1002",10033,1,1,61
"1003",1003,NA,1,61
"1004",10001,1,1,61
"1005",1005,1,NA,NA
"1006",10107,1,1,61
"1007",10187,1,1,61
"1008",1008,1,1,62
"1009",1009,NA,NA,NA
"1010",1010,NA,NA,NA
"1011",1011,NA,1,NA
"1012",1012,NA,NA,62
"1013",10014,1,1,61
"1014",10136,NA,NA,61
"1015",1015,1,1,61
"1016",10137,1,1,61
"1017",10018,1,1,61
"1018",1018,NA,NA,NA
"1019",1019,1,1,61
"1020",1020,NA,NA,NA
"1021",10148,1,1,61
"1022",1022,1,NA,61
"1023",1023,NA,NA,NA
"1024",1024,NA,1,61
"1025",1025,NA,1,61
"1026",10128,1,1,61
"1027",1027,NA,NA,61
"1028",1028,NA,NA,61
"1029",10115,NA,1,61
"1030",10021,1,1,61
"1031",1031,NA,NA,61
"1032",10185,1,1,61
"1033",10013,1,1,61
"1034",10237,NA,1,61
"1035",1035,1,1,61
"1036",10047,NA,1,61
"1037",1037,NA,1,61
"1038",10064,NA,1,61
"1039",1039,1,1,61
"1040",10015,1,NA,61
"1041",1041,1,1,62
"1042",10011,1,1,61
"1043",1043,1,1,NA
"1044",10152,1,1,61
"1045",1045,NA,NA,NA
"1046",1046,NA,NA,61
"1047",10034,1,1,61
"1048",1048,1,NA,61
"1049",10050,1,1,61
"1050",1050,NA,NA,61
"1051",1051,NA,1,61
"1052",10165,1,1,61
"1053",1053,1,1,61
"1054",1054,1,1,61
"1055",10089,NA,1,61
"1056",1056,1,1,61
"1057",10055,1,1,61
"1058",1058,1,1,61
"1059",1059,1,1,61
"1060",10032,1,1,61
"1061",1061,NA,NA,NA
"1062",10039,NA,1,61
"1063",1063,1,1,61
"1064",10012,1,1,61
"1065",10063,1,1,61
"1066",1066,1,1,NA
"1067",10170,1,1,61
"1068",10084,1,1,61
"1069",10046,1,1,61
"1070",10027,NA,1,61
"1071",1071,NA,NA,61
"1072",1072,1,1,61
"1073",1073,NA,NA,61
"1074",1074,NA,NA,61
"1075",10009,1,1,61
"1076",1076,NA,NA,61
"1077",1077,NA,NA,61
"1078",10083,1,1,61
"1079",10085,1,1,61
"1080",1080,1,NA,61
"1081",10077,1,1,61
"1082",10004,1,1,61
"1083",10104,1,1,61
"1084",10081,1,1,61
"1085",10054,NA,1,61
"1086",10076,1,1,63
"1087",10036,1,1,61
"1088",10078,1,1,61
"1089",10088,1,1,61
"1090",10030,NA,NA,62
"1091",1091,1,1,61
"1092",10005,1,1,61
"1093",10114,1,1,61
"1094",1094,1,1,NA
"1095",1095,NA,NA,61
"1096",1096,NA,NA,61
"1097",1097,1,1,61
"1098",10090,1,1,61
"1099",1099,1,1,61
"1100",10164,1,1,61
"1101",1101,1,NA,61
"1102",10048,1,1,62
"1103",10190,1,1,61
"1104",1104,NA,1,61
"1105",1105,1,1,61
"1106",1106,1,1,61
"1107",10010,1,1,61
"1108",1108,NA,1,61
"1109",10201,1,1,61
"1110",1110,1,1,61
"1111",1111,1,NA,61
"1112",10154,1,1,61
"1113",10003,5,1,61
"1114",1114,NA,NA,61
"1115",1115,1,NA,61
"1116",10075,1,1,61
"1117",10176,1,1,61
"1118",10038,1,1,61
"1119",10053,1,1,61
"1120",1120,NA,NA,NA
"1121",10116,1,1,61
"1122",1122,1,1,61
"1123",1123,NA,1,63
"1124",10236,1,1,61
"1125",1125,1,1,NA
"1126",10096,1,1,61
"1127",10043,2,2,61
"1128",1128,1,1,61
"1129",10127,1,1,61
"1130",10173,1,1,61
"1131",10074,1,1,61
"1132",1132,NA,NA,61
"1133",1133,NA,NA,63
"1134",1134,NA,1,61
"1135",1135,NA,1,61
"1136",10210,NA,1,61
"1137",10024,1,NA,61
"1138",1138,1,NA,NA
"1139",1139,1,1,61
"1140",10022,1,1,61
"1141",1141,1,1,61
"1142",1142,NA,NA,NA
"1143",1143,1,1,61
"1144",10026,NA,1,61
"1145",10188,1,1,61
"1146",1146,1,1,61
"1147",1147,1,NA,61
"1148",1148,1,NA,61
"1149",1149,1,1,61
"1150",10007,1,1,61
"1151",1151,NA,1,63
"1152",1152,1,1,61
"1153",10079,NA,NA,61
"1154",10159,1,1,61
"1155",1155,1,NA,61
"1156",1156,1,1,61
"1157",10131,NA,NA,61
"1158",10218,NA,1,61
"1159",10120,1,1,61
"1160",1160,NA,1,63
"1161",1161,NA,1,63
"1162",10125,NA,1,61
"1163",1163,1,1,61
"1164",1164,NA,NA,63
"1165",10008,1,1,61
"1166",1166,NA,NA,62
"1167",10146,1,1,61
"1168",1168,1,1,61
"1169",1169,1,1,62
"1170",10130,NA,NA,61
"1171",1171,NA,NA,NA
"1172",10052,1,1,61
"1173",1173,NA,NA,61
"1174",1174,NA,NA,NA
"1175",1175,NA,1,61
"1176",1176,NA,NA,NA
"1177",1177,NA,1,61
"1178",10141,NA,1,61
"1179",1179,NA,1,61
"1180",10095,1,1,61
"1181",10045,1,1,61
"1182",10037,1,1,62
"1183",1183,1,1,61
"1184",1184,NA,1,61
"1185",1185,1,NA,62
"1186",10144,1,1,61
"1187",1187,NA,1,61
"1188",1188,1,1,61
"1189",10109,1,1,61
"1190",10183,1,1,61
"1191",1191,1,NA,61
"1192",1192,NA,NA,62
"1193",1193,1,1,61
"1194",1194,1,1,61
"1195",10031,1,1,61
"1196",10178,NA,1,61
"1197",10151,1,1,61
"1198",10042,1,1,61
"1199",1199,1,1,62
"1200",1200,NA,NA,NA
"1201",1201,NA,NA,61
"1202",10117,1,1,61
"1203",10099,1,1,61
"1204",1204,1,3,63
"1205",10020,1,1,61
"1206",10069,1,1,61
"1207",10145,1,1,61
"1208",1208,1,1,63
"1209",10066,NA,1,61
"1210",10025,1,1,61
"1211",10110,1,1,61
"1212",10056,1,1,61
"1213",1213,1,1,61
"1214",1214,1,1,61
"1215",1215,NA,NA,NA
"1216",10098,NA,1,61
"1217",10057,1,1,61
"1218",10006,1,1,61
"1219",1219,NA,1,61
"1220",10126,1,NA,61
"1221",1221,1,1,61
"1222",10162,1,1,61
"1223",1223,NA,NA,61
"1224",10073,1,1,61
"1225",10189,NA,1,NA
"1226",10060,1,1,61
"1227",10062,1,1,61
"1228",10142,1,1,61
"1229",1229,1,1,61
"1230",1230,1,1,61
"1231",10101,NA,1,61
"1232",10065,1,1,61
"1233",10061,1,NA,61
"1234",10103,1,NA,63
"1235",1235,NA,NA,NA
"1236",1236,NA,NA,61
"1237",1237,NA,1,61
"1238",1238,1,1,61
"1239",10051,1,1,61
"1240",1240,1,1,61
"1241",1241,NA,1,61
"1242",1242,1,1,61
"1243",1243,NA,NA,NA
"1244",1244,1,1,61
"1245",10213,NA,1,61
"1246",10093,1,NA,61
"1247",10092,1,1,61
"1248",1248,1,NA,61
"1249",10149,NA,1,61
"1250",10041,1,1,61
"1251",10169,NA,NA,61
"1252",1252,1,1,61
"1253",10070,1,1,61
"1254",1254,NA,NA,61
"1255",1255,1,1,61
"1256",1256,1,1,61
"1257",1257,1,1,61
"1258",1258,NA,NA,61
"1259",1259,1,1,61
"1260",1260,1,1,61
"1261",1261,NA,NA,NA
"1262",1262,1,1,61
"1263",10059,1,1,61
"1264",1264,1,1,61
"1265",1265,NA,NA,NA
"1266",1266,1,1,61
"1267",10068,1,1,61
"1268",1268,1,NA,61
"1269",1269,1,NA,61
"1270",10058,NA,1,61
"1271",1271,NA,1,61
"1272",1272,1,1,61
"1273",1273,1,1,61
"1274",1274,1,NA,61
"1275",10168,1,1,61
"1276",1276,1,1,61
"1277",10035,1,1,61
"1278",1278,1,1,61
"1279",10172,NA,1,61
"1280",10186,1,NA,61
"1281",1281,NA,NA,61
"1282",10016,1,1,61
"1283",10002,1,1,61
"1284",10040,1,1,61
"1285",10080,1,1,61
"1286",10071,1,1,61
"1287",10191,1,1,61
"1288",1288,1,NA,61
"1289",1289,1,1,61
"1290",1290,NA,1,61
"1291",1291,NA,NA,61
"1292",10028,1,1,61
"1293",1293,1,NA,NA
"1294",10086,1,NA,61
"1295",10017,1,1,61
"1296",10067,1,1,61
"1297",1297,1,NA,61
"1298",1298,1,NA,61
"1299",1299,NA,NA,61
"1300",1300,NA,NA,61
"1301",10049,1,1,61
"1302",10072,1,1,61
"1303",1303,1,1,61
"1304",1304,1,1,61
"1305",1305,NA,NA,61
"1306",1306,1,1,61
"1307",1307,NA,1,NA
"1308",10155,NA,1,61
"1309",1309,NA,NA,61
"1310",10121,NA,NA,61
"1311",10087,NA,1,61
"1312",10029,1,1,61
"1313",10044,1,1,61
"1314",10082,1,1,61
"1315",1315,1,NA,NA
"1316",1316,1,1,61
"1317",1317,1,1,61
"1318",1318,1,NA,61
"1319",1319,1,1,61
"1320",1320,NA,1,NA
"1321",1321,1,NA,61
"1322",1322,1,2,61
"1323",1323,1,1,61
"1324",1324,6,1,61
"1325",1325,1,1,61
"1326",1326,NA,NA,61
"1327",1327,NA,1,61
"1328",1328,NA,NA,61
"1329",1329,NA,NA,61
"1330",1330,NA,NA,NA
"1331",1331,2,NA,NA
"1332",1332,1,1,61
"1333",1333,1,1,61
"1334",1334,NA,NA,NA
"1335",1335,1,1,61
"1336",1336,NA,1,61
"1337",1337,NA,NA,61
"1338",1338,1,1,61
"1339",1339,NA,NA,61
"1340",1340,1,NA,NA
"1341",1341,NA,NA,61
"1342",1342,1,1,61
"1343",1343,1,1,61
"1344",1344,1,1,61
"1345",1345,1,1,61
"1346",1346,NA,1,61
"1347",1347,1,1,61
"1348",1348,1,1,61
"1349",1349,1,1,61
"1350",1350,1,1,61
"1351",1351,1,1,61
"1352",1352,NA,NA,NA
"1353",1353,1,1,61
"1354",1354,NA,NA,61
"1355",1355,3,3,61
"1356",1356,NA,1,61
"1357",1357,1,1,61
"1358",1358,NA,NA,61
"1359",1359,NA,1,61
"1360",1360,1,1,61
"1361",1361,NA,1,NA
"1362",1362,1,1,61
"1363",1363,1,NA,61
"1364",1364,NA,NA,61
"1365",1365,1,1,61
"1366",1366,1,1,61
"1367",1367,NA,NA,NA
"1368",1368,1,1,61
"1369",1369,1,1,61
"1370",1370,1,1,61
"1371",1371,NA,1,61
"1372",1372,NA,1,NA
"1373",1373,NA,NA,61
"1374",1374,NA,NA,61
"1375",1375,NA,NA,61
"1376",1376,1,1,61
"1377",1377,1,1,61
"1378",1378,NA,NA,61
"1379",1379,1,1,61
"1380",1380,1,1,61
"1381",1381,NA,NA,NA
"1382",1382,NA,1,NA
"1383",1383,1,1,61
"1384",1384,NA,1,61
"1385",1385,NA,3,63
"1386",1386,NA,1,61
"1387",1387,1,1,61
"1388",1388,1,1,NA
"1389",1389,1,1,61
"1390",1390,1,1,61
"1391",1391,1,NA,61
"1392",1392,1,1,61
"1393",1393,1,1,61
"1394",1394,NA,1,61
"1395",1395,NA,1,NA
"1396",1396,1,1,61
"1397",1397,NA,1,61
"1398",1398,1,1,61
"1399",1399,1,1,61
"1400",1400,1,1,61
"1401",1401,1,1,61
"1402",1402,1,1,61
"1403",1403,1,1,61
"1404",1404,1,1,61
"1405",1405,NA,NA,61
"1406",1406,1,1,NA
"1407",1407,NA,NA,61
"1408",1408,1,1,61
"1409",1409,1,NA,61
"1410",1410,1,1,61
"1411",1411,NA,NA,61
"1412",1412,1,1,61
"1413",1413,1,1,61
"1414",1414,NA,NA,61
"1415",1415,1,NA,61
"1416",1416,1,1,61
"1417",1417,1,NA,61
"1418",1418,NA,NA,61
"1419",1419,NA,1,62
"1420",1420,1,1,61
"1421",1421,1,1,61
"1422",1422,NA,NA,61
"1423",1423,1,NA,NA
"1424",1424,NA,1,61
"1425",1425,NA,1,NA
"1426",1426,1,1,61
"1427",1427,1,1,61
"1428",1428,1,1,61
"1429",1429,NA,NA,NA
"1430",1430,1,1,61
"1431",1431,NA,1,61
"1432",1432,NA,1,61
"1433",1433,1,1,NA
"1434",1434,1,NA,61
"1435",1435,1,NA,NA
"1436",1436,1,3,61
"1437",1437,1,1,61
"1438",1438,1,1,61
"1439",1439,1,1,61
"1440",1440,1,NA,61
"1441",1441,NA,NA,61
"1442",1442,NA,NA,61
"1443",1443,1,1,61
"1444",1444,NA,1,NA
"1445",1445,1,NA,61
"1446",1446,1,1,61
"1447",1447,1,1,61
"1448",1448,1,1,61
"1449",1449,1,1,61
"1450",1450,NA,1,61
"1451",1451,1,1,61
"1452",1452,1,NA,63
"1453",1453,1,1,61
"1454",1454,1,1,61
"1455",1455,1,1,61
"1456",1456,NA,1,61
"1457",1457,NA,1,61
"1458",1458,1,NA,61
"1459",1459,1,1,61
"1460",1460,1,NA,NA
"1461",1461,1,1,NA
"1462",1462,1,1,61
"1463",1463,NA,NA,62
"1464",1464,1,1,61
"1465",1465,1,1,61
"1466",1466,NA,NA,NA
"1467",1467,1,1,61
"1468",1468,NA,NA,61
"1469",1469,NA,NA,61
"1470",1470,1,NA,61
"1471",1471,1,1,61
"1472",1472,1,1,61
"1473",1473,1,NA,NA
"1474",1474,1,1,NA
"1475",1475,1,1,61
"1476",1476,1,1,61
"1477",1477,1,NA,61
"1478",1478,1,1,61
"1479",1479,1,1,61
"1480",1480,NA,NA,NA
"1481",1481,1,1,61
"1482",1482,1,1,61
"1483",1483,NA,NA,61
"1484",1484,1,NA,61
"1485",1485,NA,NA,NA
"1486",1486,NA,NA,NA
"1487",1487,1,NA,61
"1488",1488,NA,NA,NA
"1489",1489,1,1,61
"1490",1490,NA,1,61
"1491",1491,NA,NA,61
"1492",1492,NA,NA,NA
"1493",1493,NA,NA,63
"1494",1494,1,1,NA
"1495",1495,1,1,61
"1496",1496,1,NA,NA
"1497",1497,1,1,61
"1498",1498,NA,NA,61
"1499",1499,1,1,61
"1500",1500,5,NA,NA
"1501",1501,2,1,62
"1502",1502,1,1,61
"1503",1503,1,1,61
"1504",1504,5,5,61
"1505",1505,1,1,61
"1506",1506,1,1,NA
"1507",1507,1,1,61
"1508",1508,NA,1,61
"1509",1509,NA,NA,61
"1510",1510,1,1,61
"1511",1511,NA,NA,61
"1512",1512,1,1,61
"1513",1513,NA,NA,61
"1514",1514,1,1,61
"1515",1515,1,1,61
"1516",1516,NA,NA,NA
"1517",1517,1,1,61
"1518",1518,1,1,61
"1519",1519,NA,1,61
"1520",1520,1,1,61
"1521",1521,NA,1,61
"1522",1522,1,1,61
"1523",1523,NA,NA,62
"1524",1524,1,1,61
"1525",1525,1,NA,61
"1526",1526,1,1,61
"1527",1527,1,1,61
"1528",1528,1,1,61
"1529",1529,1,NA,NA
"1530",1530,NA,NA,61
"1531",1531,1,1,NA
"1532",1532,NA,5,63
"1533",1533,1,NA,61
"1534",1534,NA,1,61
"1535",1535,1,1,61
"1536",1536,NA,NA,61
"1537",1537,NA,1,61
"1538",1538,NA,NA,61
"1539",1539,NA,1,61
"1540",1540,2,NA,NA
"1541",1541,1,1,61
"1542",1542,1,NA,61
"1543",1543,NA,1,62
"1544",1544,NA,NA,NA
"1545",1545,1,1,63
"1546",1546,NA,NA,61
"1547",1547,NA,NA,NA
"1548",1548,1,1,63
"1549",1549,1,1,61
"1550",1550,1,1,61
"1551",1551,1,1,61
"1552",1552,1,1,61
"1553",1553,1,1,61
"1554",1554,1,1,61
"1555",1555,1,1,61
"1556",1556,NA,NA,61
"1557",1557,NA,1,61
"1558",1558,1,NA,62
"1559",1559,NA,NA,61
"1560",1560,NA,1,NA
"1561",1561,1,1,62
"1562",1562,NA,NA,NA
"1563",1563,NA,NA,61
"1564",1564,NA,1,NA
"1565",1565,NA,NA,61
"1566",1566,1,1,61
"1567",1567,NA,NA,62
"1568",1568,1,1,61
"1569",1569,1,1,61
"1570",1570,NA,NA,NA
"1571",1571,NA,1,61
"1572",1572,NA,1,61
"1573",1573,NA,1,61
"1574",1574,NA,NA,NA
"1575",1575,1,1,NA
"1576",1576,1,1,61
"1577",1577,1,1,61
"1578",1578,1,NA,NA
"1579",1579,NA,1,61
"1580",1580,1,NA,61
"1581",1581,NA,NA,61
"1582",1582,1,1,61
"1583",1583,1,1,61
"1584",1584,NA,NA,NA
"1585",1585,NA,1,NA
"1586",1586,NA,NA,62
"1587",1587,NA,1,61
"1588",1588,1,1,61
"1589",1589,1,3,63
"1590",1590,1,NA,61
"1591",1591,1,1,61
"1592",1592,NA,NA,61
"1593",1593,NA,1,61
"1594",1594,1,1,61
"1595",1595,NA,NA,61
"1596",1596,1,NA,61
"1597",1597,1,1,61
"1598",1598,1,1,61
"1599",1599,1,1,61
"1600",1600,NA,NA,63
"1601",1601,1,1,61
"1602",1602,NA,NA,61
"1603",1603,1,1,61
"1604",1604,NA,NA,61
"1605",1605,1,1,61
"1606",1606,NA,NA,61
"1607",1607,1,1,61
"1608",1608,NA,1,61
"1609",1609,NA,1,61
"1610",1610,1,1,61
"1611",1611,NA,1,NA
"1612",1612,1,1,61
"1613",1613,1,NA,61
"1614",1614,NA,1,61
"1615",1615,NA,NA,NA
"1616",1616,NA,1,61
"1617",1617,1,1,61
"1618",1618,NA,1,NA
"1619",1619,1,1,61
"1620",1620,NA,1,61
"1621",1621,NA,NA,NA
"1622",1622,1,1,61
"1623",1623,1,1,61
"1624",1624,1,1,61
"1625",1625,NA,NA,NA
"1626",1626,1,NA,61
"1627",1627,1,1,61
"1628",1628,1,1,61
"1629",1629,1,1,61
"1630",1630,NA,NA,61
"1631",1631,NA,NA,NA
"1632",1632,1,1,61
"1633",1633,NA,NA,NA
"1634",1634,NA,NA,61
"1635",1635,NA,NA,61
"1636",1636,NA,1,61
"1637",1637,NA,NA,NA
"1638",1638,NA,NA,62
"1639",1639,NA,1,63
"1640",1640,NA,NA,NA
"1641",1641,1,1,61
"1642",1642,1,1,61
"1643",1643,1,NA,61
"1644",1644,NA,1,61
"1645",1645,NA,NA,NA
"1646",1646,NA,NA,61
"1647",1647,NA,NA,61
"1648",1648,NA,NA,NA
"1649",1649,1,1,61
"1650",1650,1,1,61
"1651",1651,NA,NA,NA
"1652",1652,1,2,61
"1653",1653,1,3,61
"1654",1654,1,1,61
"1655",1655,NA,5,63
"1656",1656,1,1,61
"1657",1657,1,1,61
"1658",1658,NA,NA,NA
"1659",1659,1,1,61
"1660",1660,1,1,61
"1661",1661,1,1,NA
"1662",1662,NA,NA,61
"1663",1663,1,NA,NA
"1664",1664,1,NA,61
"1665",1665,1,1,61
"1666",1666,1,1,61
"1667",1667,1,NA,61
"1668",1668,1,1,61
"1669",1669,NA,NA,61
"1670",1670,1,1,61
"1671",1671,NA,1,61
"1672",1672,1,1,61
"1673",1673,1,NA,61
"1674",1674,NA,1,61
"1675",1675,NA,1,61
"1676",1676,1,NA,61
"1677",1677,1,NA,61
"1678",1678,1,NA,61
"1679",1679,1,NA,61
"1680",1680,NA,1,61
"1681",1681,1,1,61
"1682",1682,1,1,61
"1683",1683,1,1,61
"1684",1684,NA,NA,NA
"1685",1685,1,1,61
"1686",1686,1,1,62
"1687",1687,NA,1,61
"1688",1688,1,NA,61
"1689",1689,NA,NA,61
"1690",1690,1,1,61
"1691",1691,NA,NA,61
"1692",1692,1,1,61
"1693",1693,NA,NA,NA
"1694",1694,1,NA,61
"1695",1695,NA,NA,61
"1696",1696,1,NA,61
"1697",1697,1,NA,61
"1698",1698,1,1,61
"1699",1699,1,1,61
"1700",1700,NA,NA,NA
"1701",1701,1,1,61
"1702",1702,1,1,61
"1703",1703,1,1,62
"1704",1704,1,1,61
"1705",1705,NA,1,61
"1706",1706,3,1,61
"1707",1707,NA,NA,NA
"1708",1708,1,NA,61
"1709",1709,NA,NA,NA
"1710",1710,1,1,61
"1711",1711,1,1,61
"1712",1712,1,1,61
"1713",1713,1,1,63
"1714",1714,1,1,61
"1715",1715,1,1,61
"1716",1716,NA,1,61
"1717",1717,1,NA,61
"1718",1718,1,1,63
"1719",1719,1,NA,61
"1720",1720,1,1,61
"1721",1721,1,NA,61
"1722",1722,1,1,61
"1723",1723,1,1,61
"1724",1724,1,1,61
"1725",1725,1,1,61
"1726",1726,1,NA,62
"1727",1727,NA,1,61
"1728",1728,1,1,61
"1729",1729,NA,NA,61
"1730",1730,NA,1,61
"1731",1731,1,NA,61
"1732",1732,1,1,NA
"1733",1733,NA,NA,61
"1734",1734,1,1,61
"1735",1735,1,1,61
"1736",1736,6,1,61
"1737",1737,NA,NA,NA
"1738",1738,1,NA,61
"1739",1739,NA,1,61
"1740",1740,1,1,61
"1741",1741,NA,NA,61
"1742",1742,1,1,61
"1743",1743,NA,NA,NA
"1744",1744,1,1,61
"1745",1745,1,1,61
"1746",1746,NA,NA,61
"1747",1747,NA,NA,NA
"1748",1748,1,1,61
"1749",1749,1,NA,61
"1750",1750,NA,NA,NA
"1751",1751,1,1,61
"1752",1752,NA,NA,61
"1753",1753,1,1,61
"1754",1754,NA,NA,61
"1755",1755,1,1,61
"1756",1756,NA,1,61
"1757",1757,NA,NA,61
"1758",1758,NA,1,61
"1759",1759,1,NA,61
"1760",1760,1,1,61
"1761",1761,1,NA,61
"1762",1762,1,1,61
"1763",1763,6,1,NA
"1764",1764,NA,1,61
"1765",1765,1,1,61
"1766",1766,NA,NA,NA
"1767",1767,1,NA,61
"1768",1768,NA,1,61
"1769",1769,1,1,61
"1770",1770,NA,NA,61
"1771",1771,1,1,61
"1772",1772,1,1,61
"1773",1773,1,1,61
"1774",1774,NA,NA,61
"1775",1775,1,1,61
"1776",1776,NA,1,61
"1777",1777,NA,1,61
"1778",1778,1,NA,61
"1779",1779,NA,NA,61
"1780",1780,1,1,61
"1781",1781,1,1,61
"1782",1782,1,1,61
"1783",1783,1,1,61
"1784",1784,1,1,61
"1785",1785,1,1,61
"1786",1786,NA,1,61
"1787",1787,1,1,63
"1788",1788,1,1,61
"1789",1789,1,1,61
"1790",1790,1,1,61
"1791",1791,1,1,62
"1792",1792,1,1,NA
"1793",1793,NA,1,61
"1794",1794,1,1,61
"1795",1795,1,1,61
"1796",1796,1,1,61
"1797",1797,1,1,61
"1798",1798,1,1,61
"1799",1799,1,1,61
"1800",1800,NA,NA,62
"1801",1801,1,1,61
"1802",1802,NA,1,61
"1803",1803,1,1,61
"1804",1804,1,1,61
"1805",1805,1,NA,61
"1806",1806,NA,NA,61
"1807",1807,1,NA,61
"1808",1808,1,NA,61
"1809",1809,1,1,61
"1810",1810,1,1,61
"1811",1811,1,1,62
"1812",1812,1,NA,61
"1813",1813,1,1,61
"1814",1814,NA,NA,61
"1815",1815,1,1,61
"1816",1816,NA,1,61
"1817",1817,1,1,61
"1818",1818,1,1,61
"1819",1819,1,NA,63
"1820",1820,1,1,61
"1821",1821,1,NA,61
"1822",1822,1,NA,61
"1823",1823,1,1,61
"1824",1824,NA,NA,63
"1825",1825,NA,NA,NA
"1826",1826,NA,1,61
"1827",1827,1,1,61
"1828",1828,1,1,61
"1829",1829,NA,1,61
"1830",1830,1,2,NA
"1831",1831,1,1,61
"1832",1832,NA,1,61
"1833",1833,NA,1,61
"1834",1834,1,1,NA
"1835",1835,NA,NA,NA
"1836",1836,NA,NA,61
"1837",1837,1,1,61
"1838",1838,1,NA,61
"1839",1839,NA,1,61
"1840",1840,NA,1,NA
"1841",1841,1,1,61
"1842",1842,NA,1,61
"1843",1843,1,1,62
"1844",1844,1,1,61
"1845",1845,1,1,61
"1846",1846,NA,NA,61
"1847",1847,1,1,61
"1848",1848,1,1,61
"1849",1849,1,1,61
"1850",1850,NA,NA,61
"1851",1851,1,NA,61
"1852",1852,1,1,61
"1853",1853,NA,NA,61
"1854",1854,1,1,61
"1855",1855,1,2,61
"1856",1856,1,1,61
"1857",1857,1,1,61
"1858",1858,NA,NA,61
"1859",1859,1,1,61
"1860",1860,1,1,61
"1861",1861,NA,NA,61
"1862",1862,1,1,61
"1863",1863,1,1,61
"1864",1864,1,1,61
"1865",1865,1,1,NA
"1866",1866,1,1,61
"1867",1867,1,NA,61
"1868",1868,1,NA,61
"1869",1869,NA,NA,61
"1870",1870,1,1,61
"1871",1871,1,1,61
"1872",1872,NA,1,61
"1873",1873,NA,NA,61
"1874",1874,1,1,61
"1875",1875,NA,NA,61
"1876",1876,1,1,61
"1877",1877,NA,NA,NA
"1878",1878,NA,NA,61
"1879",1879,NA,NA,61
"1880",1880,NA,NA,NA
"1881",1881,NA,NA,61
"1882",1882,NA,NA,61
"1883",1883,NA,1,61
"1884",1884,1,1,61
"1885",1885,1,1,61
"1886",1886,NA,NA,61
"1887",1887,1,NA,NA
"1888",1888,NA,1,61
"1889",1889,1,1,NA
"1890",1890,1,1,61
"1891",1891,1,1,61
"1892",1892,1,NA,61
"1893",1893,1,2,61
"1894",1894,1,1,61
"1895",1895,NA,1,61
"1896",1896,NA,NA,63
"1897",1897,NA,1,61
"1898",1898,1,1,61
"1899",1899,NA,1,61
"1900",1900,1,1,61
"1901",1901,NA,1,61
"1902",1902,NA,NA,NA
"1903",1903,NA,NA,61
"1904",1904,1,1,62
"1905",1905,1,1,61
"1906",1906,1,1,61
"1907",1907,1,NA,61
"1908",1908,1,1,61
"1909",1909,1,1,61
"1910",1910,1,1,61
"1911",1911,1,1,61
"1912",1912,NA,NA,63
"1913",1913,NA,1,62
"1914",1914,NA,1,61
"1915",1915,1,1,61
"1916",1916,NA,1,61
"1917",1917,1,1,NA
"1918",1918,1,1,63
"1919",1919,NA,1,63
"1920",1920,1,1,61
"1921",1921,1,1,61
"1922",1922,1,1,61
"1923",1923,1,1,61
"1924",1924,1,1,61
"1925",1925,1,1,61
"1926",1926,1,1,61
"1927",1927,1,1,61
"1928",1928,1,1,61
"1929",1929,1,NA,61
"1930",1930,1,1,61
"1931",1931,NA,NA,61
"1932",1932,1,1,61
"1933",1933,NA,NA,NA
"1934",1934,1,1,61
"1935",1935,NA,NA,61
"1936",1936,NA,NA,61
"1937",1937,1,1,61
"1938",1938,NA,1,61
"1939",1939,1,1,61
"1940",1940,NA,NA,NA
"1941",1941,1,1,61
"1942",1942,1,1,61
"1943",1943,1,NA,61
"1944",1944,1,1,NA
"1945",1945,1,1,61
"1946",1946,1,NA,61
"1947",1947,1,1,61
"1948",1948,1,1,61
"1949",1949,1,1,61
"1950",1950,1,NA,NA
"1951",1951,1,1,61
"1952",1952,1,1,61
"1953",1953,1,1,61
"1954",1954,NA,1,61
"1955",1955,1,1,61
"1956",1956,NA,NA,NA
"1957",1957,NA,NA,61
"1958",1958,1,1,61
"1959",1959,1,1,61
"1960",1960,NA,1,61
"1961",1961,1,1,61
"1962",1962,1,NA,61
"1963",1963,NA,NA,NA
"1964",1964,1,1,61
"1965",1965,NA,NA,61
"1966",1966,1,1,61
"1967",1967,1,1,61
"1968",1968,1,1,61
"1969",1969,NA,NA,61
"1970",1970,NA,1,61
"1971",1971,NA,NA,62
"1972",1972,1,1,61
"1973",1973,NA,NA,61
"1974",1974,NA,1,61
"1975",1975,1,1,61
"1976",1976,NA,NA,61
"1977",1977,1,1,63
"1978",1978,1,NA,61
"1979",1979,NA,NA,61
"1980",1980,NA,1,61
"1981",1981,1,1,61
"1982",1982,1,1,61
"1983",1983,NA,NA,NA
"1984",1984,NA,NA,61
"1985",1985,1,NA,61
"1986",1986,NA,NA,NA
"1987",1987,NA,NA,61
"1988",1988,1,1,NA
"1989",1989,1,NA,61
"1990",1990,NA,1,61
"1991",1991,NA,NA,61
"1992",1992,NA,NA,61
"1993",1993,1,1,61
"1994",1994,1,1,61
"1995",1995,1,NA,61
"1996",1996,1,1,61
"1997",1997,1,1,61
"1998",1998,1,1,61
"1999",1999,1,1,62
"2000",2000,1,NA,61
"2001",2001,NA,NA,61
"2002",2002,NA,1,61
"2003",2003,1,1,61
"2004",2004,1,1,61
"2005",2005,NA,1,61
"2006",2006,1,1,61
"2007",2007,1,1,61
"2008",2008,1,NA,NA
"2009",2009,1,1,61
"2010",2010,1,1,61
"2011",2011,1,1,61
"2012",2012,1,1,61
"2013",2013,1,NA,61
"2014",2014,1,1,61
"2015",2015,1,1,61
"2016",2016,1,1,61
"2017",2017,NA,NA,NA
"2018",2018,NA,1,NA
"2019",2019,1,1,61
"2020",2020,1,1,61
"2021",2021,1,2,62
"2022",2022,1,1,61
"2023",2023,NA,NA,NA
"2024",2024,1,1,61
"2025",2025,1,1,61
"2026",2026,3,1,61
"2027",2027,1,1,61
"2028",2028,NA,NA,61
"2029",2029,1,NA,61
"2030",2030,NA,1,61
"2031",2031,1,1,61
"2032",2032,1,1,61
"2033",2033,NA,NA,61
"2034",2034,1,1,61
"2035",2035,1,1,61
"2036",2036,1,1,61
"2037",2037,1,1,61
"2038",2038,NA,NA,61
"2039",2039,NA,1,61
"2040",2040,1,1,61
"2041",2041,1,1,61
"2042",2042,1,NA,61
"2043",2043,1,1,61
"2044",2044,1,1,61
"2045",2045,1,1,61
"2046",2046,1,NA,61
"2047",2047,NA,1,61
"2048",2048,1,1,NA
"2049",2049,NA,NA,NA
"2050",2050,1,1,63
"2051",2051,1,1,61
"2052",2052,1,1,61
"2053",2053,NA,NA,61
"2054",2054,1,1,61
"2055",2055,NA,1,NA
"2056",2056,1,1,61
"2057",2057,1,1,61
"2058",2058,1,1,61
"2059",2059,NA,1,61
"2060",2060,1,1,61
"2061",2061,1,NA,61
"2062",2062,NA,1,61
"2063",2063,1,1,61
"2064",2064,1,1,61
"2065",2065,NA,NA,61
"2066",2066,NA,NA,61
"2067",2067,1,1,61
"2068",2068,NA,1,61
"2069",2069,1,1,61
"2070",2070,1,1,61
"2071",2071,1,3,NA
"2072",2072,NA,NA,61
"2073",2073,NA,NA,NA
"2074",2074,1,1,61
"2075",2075,1,NA,61
"2076",2076,1,1,63
"2077",2077,1,1,61
"2078",2078,1,NA,61
"2079",2079,1,NA,63
"2080",2080,1,1,61
"2081",2081,1,1,NA
"2082",2082,1,1,61
"2083",2083,1,1,61
"2084",2084,1,1,61
"2085",2085,1,1,61
"2086",2086,NA,NA,NA
"2087",2087,NA,NA,NA
"2088",2088,1,1,61
"2089",2089,1,1,61
"2090",2090,1,1,61
"2091",2091,NA,1,61
"2092",2092,1,1,61
"2093",2093,NA,1,61
"2094",2094,1,NA,63
"2095",2095,1,1,61
"2096",2096,1,1,61
"2097",2097,NA,1,61
"2098",2098,1,NA,61
"2099",2099,1,1,61
"2100",2100,1,1,61
"2101",2101,NA,NA,NA
"2102",2102,NA,1,62
"2103",2103,1,1,61
"2104",2104,1,1,62
"2105",2105,1,1,61
"2106",2106,NA,1,61
"2107",2107,NA,NA,61
"2108",2108,NA,NA,63
"2109",2109,1,4,63
"2110",2110,1,1,61
"2111",2111,1,1,61
"2112",2112,1,1,61
"2113",2113,1,1,61
"2114",2114,1,1,61
"2115",2115,1,1,61
"2116",2116,1,1,63
"2117",2117,NA,1,61
"2118",2118,1,1,61
"2119",2119,1,1,61
"2120",2120,1,1,61
"2121",2121,NA,1,61
"2122",2122,1,NA,61
"2123",2123,1,1,61
"2124",2124,1,1,61
"2125",2125,NA,NA,NA
"2126",2126,1,1,61
"2127",2127,1,1,61
"2128",2128,NA,1,61
"2129",2129,NA,NA,61
"2130",2130,1,1,62
"2131",2131,1,1,63
"2132",2132,NA,NA,61
"2133",2133,1,1,61
"2134",2134,1,1,61
"2135",2135,NA,NA,NA
"2136",2136,1,1,61
"2137",2137,1,1,61
"2138",2138,1,1,61
"2139",2139,1,1,61
"2140",2140,1,1,61
"2141",2141,1,1,61
"2142",2142,1,1,61
"2143",2143,NA,NA,NA
"2144",2144,NA,NA,61
"2145",2145,NA,NA,61
"2146",2146,1,1,61
"2147",2147,1,1,NA
"2148",2148,1,1,61
"2149",2149,1,1,63
"2150",2150,1,1,62
"2151",2151,NA,NA,61
"2152",2152,1,1,61
"2153",2153,1,1,61
"2154",2154,NA,1,61
"2155",2155,1,1,61
"2156",2156,NA,NA,62
"2157",2157,1,1,61
"2158",2158,1,1,63
"2159",2159,NA,NA,NA
"2160",2160,1,1,61
"2161",2161,1,1,61
"2162",2162,1,1,61
"2163",2163,1,1,61
"2164",2164,1,1,61
"2165",2165,1,5,63
"2166",2166,1,NA,61
"2167",2167,NA,1,NA
"2168",2168,NA,1,61
"2169",2169,1,NA,61
"2170",2170,NA,1,61
"2171",2171,1,1,61
"2172",2172,1,NA,61
"2173",2173,1,1,61
"2174",2174,NA,1,61
"2175",2175,1,1,62
"2176",2176,NA,NA,NA
"2177",2177,NA,NA,61
"2178",2178,1,1,61
"2179",2179,1,1,61
"2180",2180,1,1,61
"2181",2181,NA,NA,61
"2182",2182,NA,NA,63
"2183",2183,1,1,61
"2184",2184,NA,1,NA
"2185",2185,1,1,61
"2186",2186,1,1,61
"2187",2187,1,1,61
"2188",2188,1,1,61
"2189",2189,NA,NA,61
"2190",2190,1,1,61
"2191",2191,1,1,61
"2192",2192,NA,NA,NA
"2193",2193,1,NA,61
"2194",2194,NA,1,NA
"2195",2195,NA,NA,61
"2196",2196,1,1,61
"2197",2197,1,1,63
"2198",2198,NA,NA,62
"2199",2199,1,1,61
"2200",2200,1,1,62
"2201",2201,NA,NA,61
"2202",2202,NA,NA,63
"2203",2203,1,1,NA
"2204",2204,1,NA,61
"2205",2205,NA,NA,61
"2206",2206,1,NA,61
"2207",2207,1,1,61
"2208",2208,1,1,63
"2209",2209,1,1,61
"2210",2210,NA,NA,61
"2211",2211,1,1,61
"2212",2212,1,1,61
"2213",2213,1,1,61
"2214",2214,1,1,61
"2215",2215,1,NA,63
"2216",2216,NA,NA,NA
"2217",2217,1,1,61
"2218",2218,1,1,61
"2219",2219,1,NA,63
"2220",2220,1,NA,61
"2221",2221,NA,1,61
"2222",2222,NA,NA,61
"2223",2223,1,1,61
"2224",2224,1,NA,61
"2225",2225,1,1,61
"2226",2226,NA,NA,NA
"2227",2227,NA,1,63
"2228",2228,NA,1,61
"2229",2229,NA,1,63
"2230",2230,NA,1,61
"2231",2231,NA,NA,NA
"2232",2232,1,1,61
"2233",2233,1,1,61
"2234",2234,1,1,61
"2235",2235,1,1,61
"2236",2236,1,1,61
"2237",2237,1,1,61
"2238",2238,1,1,61
"2239",2239,1,1,61
"2240",2240,NA,NA,63
"2241",2241,1,1,61
"2242",2242,1,1,61
"2243",2243,NA,NA,63
"2244",2244,1,1,61
"2245",2245,NA,NA,62
"2246",2246,NA,NA,61
"2247",2247,NA,NA,61
"2248",2248,1,1,61
"2249",2249,1,1,61
"2250",2250,1,1,62
"2251",2251,NA,1,61
"2252",2252,NA,NA,63
"2253",2253,1,1,61
"2254",2254,1,1,61
"2255",2255,NA,NA,NA
"2256",2256,1,1,61
"2257",2257,1,1,61
"2258",2258,1,1,61
"2259",2259,1,1,61
"2260",2260,NA,NA,NA
"2261",2261,NA,NA,NA
"2262",2262,1,1,61
"2263",2263,1,1,61
"2264",2264,NA,1,61
"2265",2265,1,1,61
"2266",2266,1,1,61
"2267",2267,1,1,61
"2268",2268,NA,1,61
"2269",2269,NA,3,63
"2270",2270,1,1,61
"2271",2271,NA,NA,NA
"2272",2272,1,NA,61
"2273",2273,1,1,61
"2274",2274,1,NA,61
"2275",2275,1,1,61
"2276",2276,NA,1,61
"2277",2277,NA,1,61
"2278",2278,1,NA,NA
"2279",2279,1,1,61
"2280",2280,1,1,61
"2281",2281,NA,NA,NA
"2282",2282,1,NA,61
"2283",2283,1,1,63
"2284",2284,1,NA,61
"2285",2285,1,1,61
"2286",2286,NA,NA,NA
"2287",2287,1,1,61
"2288",2288,1,1,61
"2289",2289,NA,NA,61
"2290",2290,1,1,61
"2291",2291,1,1,61
"2292",2292,1,1,NA
"2293",2293,NA,1,61
"2294",2294,1,2,61
"2295",2295,NA,NA,61
"2296",2296,NA,1,61
"2297",2297,1,1,61
"2298",2298,1,NA,NA
"2299",2299,1,1,61
"2300",2300,1,1,62
"2301",2301,1,1,61
"2302",2302,1,NA,63
"2303",2303,1,NA,61
"2304",2304,1,NA,63
"2305",2305,NA,NA,NA
"2306",2306,1,1,61
"2307",2307,1,1,61
"2308",2308,NA,NA,61
"2309",2309,1,NA,61
"2310",2310,1,1,61
"2311",2311,1,NA,63
"2312",2312,NA,NA,63
"2313",2313,NA,1,61
"2314",2314,1,1,61
"2315",2315,1,1,61
"2316",2316,1,1,61
"2317",2317,1,NA,61
"2318",2318,NA,NA,NA
"2319",2319,NA,1,61
"2320",2320,NA,1,61
"2321",2321,1,1,61
"2322",2322,NA,1,61
"2323",2323,1,1,61
"2324",2324,1,1,61
"2325",2325,NA,NA,61
"2326",2326,1,NA,61
"2327",2327,1,NA,61
"2328",2328,1,NA,61
"2329",2329,NA,1,61
"2330",2330,1,1,61
"2331",2331,NA,1,61
"2332",2332,1,1,61
"2333",2333,1,1,61
"2334",2334,NA,1,61
"2335",2335,1,NA,61
"2336",2336,NA,1,NA
"2337",2337,1,1,61
"2338",2338,1,1,61
"2339",2339,1,NA,63
"2340",2340,1,1,63
"2341",2341,NA,1,61
"2342",2342,1,1,61
"2343",2343,NA,1,61
"2344",2344,NA,1,61
"2345",2345,1,1,61
"2346",2346,NA,NA,63
"2347",2347,1,1,61
"2348",2348,NA,NA,61
"2349",2349,1,1,61
"2350",2350,1,1,61
"2351",2351,1,1,61
"2352",2352,1,1,61
"2353",2353,1,NA,62
"2354",2354,NA,1,61
"2355",2355,NA,NA,61
"2356",2356,NA,NA,NA
"2357",2357,1,1,61
"2358",2358,NA,1,62
"2359",2359,NA,NA,61
"2360",2360,1,1,61
"2361",2361,NA,NA,NA
"2362",2362,NA,NA,NA
"2363",2363,1,1,61
"2364",2364,1,1,61
"2365",2365,1,1,61
"2366",2366,1,1,61
"2367",2367,1,NA,61
"2368",2368,NA,NA,61
"2369",2369,1,1,61
"2370",2370,NA,1,61
"2371",2371,1,1,61
"2372",2372,1,1,61
"2373",2373,1,1,61
"2374",2374,NA,NA,61
"2375",2375,1,1,61
"2376",2376,1,NA,61
"2377",2377,NA,NA,62
"2378",2378,1,1,61
"2379",2379,1,1,61
"2380",2380,1,1,61
"2381",2381,NA,NA,62
"2382",2382,1,1,61
"2383",2383,1,1,61
"2384",2384,NA,NA,NA
"2385",2385,NA,1,61
"2386",2386,1,NA,61
"2387",2387,NA,1,61
"2388",2388,1,1,63
"2389",2389,2,1,62
"2390",2390,1,1,NA
"2391",2391,1,NA,NA
"2392",2392,1,1,61
"2393",2393,1,1,61
"2394",2394,1,1,61
"2395",2395,1,NA,62
"2396",2396,1,1,61
"2397",2397,1,1,61
"2398",2398,NA,NA,61
"2399",2399,1,1,61
"2400",2400,1,NA,62
"2401",2401,1,1,61
"2402",2402,1,1,61
"2403",2403,NA,1,61
"2404",2404,1,1,61
"2405",2405,NA,NA,61
"2406",2406,NA,1,61
"2407",2407,1,NA,63
"2408",2408,1,1,61
"2409",2409,1,3,63
"2410",2410,1,NA,61
"2411",2411,NA,NA,61
"2412",2412,1,1,61
"2413",2413,1,1,NA
"2414",2414,1,NA,61
"2415",2415,1,1,61
"2416",2416,1,1,61
"2417",2417,1,1,61
"2418",2418,1,1,NA
"2419",2419,1,1,61
"2420",2420,NA,NA,61
"2421",2421,1,1,61
"2422",2422,1,1,61
"2423",2423,1,1,61
"2424",2424,NA,NA,NA
"2425",2425,1,2,62
"2426",2426,NA,1,61
"2427",2427,1,NA,61
"2428",2428,1,1,61
"2429",2429,NA,1,61
"2430",2430,1,1,61
"2431",2431,1,1,61
"2432",2432,1,NA,61
"2433",2433,NA,NA,61
"2434",2434,1,1,61
"2435",2435,1,NA,61
"2436",2436,NA,1,61
"2437",2437,1,1,61
"2438",2438,1,1,63
"2439",2439,NA,1,62
"2440",2440,1,1,61
"2441",2441,1,1,61
"2442",2442,1,1,61
"2443",2443,NA,1,61
"2444",2444,NA,NA,NA
"2445",2445,NA,NA,NA
"2446",2446,1,1,61
"2447",2447,1,1,61
"2448",2448,1,1,61
"2449",2449,1,1,61
"2450",2450,1,1,61
"2451",2451,1,1,61
"2452",2452,NA,1,61
"2453",2453,1,1,61
"2454",2454,1,1,61
"2455",2455,1,1,61
"2456",2456,1,1,61
"2457",2457,1,1,61
"2458",2458,NA,1,61
"2459",2459,NA,NA,61
"2460",2460,1,1,63
"2461",2461,1,1,61
"2462",2462,1,1,61
"2463",2463,1,1,NA
"2464",2464,1,1,63
"2465",2465,1,1,61
"2466",2466,1,NA,61
"2467",2467,1,NA,61
"2468",2468,NA,NA,NA
"2469",2469,1,3,63
"2470",2470,1,NA,61
"2471",2471,NA,NA,63
"2472",2472,1,1,61
"2473",2473,NA,1,61
"2474",2474,NA,NA,62
"2475",2475,1,1,61
"2476",2476,1,1,61
"2477",2477,1,1,61
"2478",2478,NA,NA,61
"2479",2479,1,1,61
"2480",2480,1,1,61
"2481",2481,NA,1,61
"2482",2482,1,1,61
"2483",2483,1,1,61
"2484",2484,1,NA,NA
"2485",2485,1,1,61
"2486",2486,NA,1,61
"2487",2487,1,1,61
"2488",2488,1,NA,NA
"2489",2489,NA,NA,61
"2490",2490,1,1,61
"2491",2491,1,NA,61
"2492",2492,1,NA,61
"2493",2493,1,1,61
"2494",2494,1,1,61
"2495",2495,1,1,61
"2496",2496,1,1,61
"2497",2497,1,1,61
"2498",2498,1,1,61
"2499",2499,1,1,61
"2500",2500,1,1,61
"2501",2501,1,1,61
"2502",2502,1,1,61
"2503",2503,1,NA,61
"2504",2504,1,1,61
"2505",2505,1,1,61
"2506",2506,1,NA,61
"2507",2507,1,1,61
"2508",2508,NA,1,61
"2509",2509,1,NA,61
"2510",2510,1,1,61
"2511",2511,1,1,61
"2512",2512,1,1,61
"2513",2513,1,1,61
"2514",2514,NA,1,61
"2515",2515,1,NA,61
"2516",2516,1,NA,61
"2517",2517,1,1,61
"2518",2518,1,1,61
"2519",2519,1,NA,61
"2520",2520,NA,NA,61
"2521",2521,NA,1,61
"2522",2522,1,1,61
"2523",2523,NA,NA,61
"2524",2524,1,1,61
"2525",2525,1,1,61
"2526",2526,1,1,61
"2527",2527,1,1,61
"2528",2528,1,NA,61
"2529",2529,1,1,61
"2530",2530,NA,1,61
"2531",2531,1,NA,61
"2532",2532,1,NA,NA
"2533",2533,NA,NA,61
"2534",2534,1,NA,61
"2535",2535,NA,NA,61
"2536",2536,NA,NA,NA
"2537",2537,1,1,NA
"2538",2538,NA,1,63
"2539",2539,NA,NA,61
"2540",2540,1,1,61
"2541",2541,NA,1,61
"2542",2542,1,1,61
"2543",2543,1,1,61
"2544",2544,1,NA,61
"2545",2545,1,1,61
"2546",2546,1,1,61
"2547",2547,1,1,61
"2548",2548,1,1,61
"2549",2549,1,1,61
"2550",2550,1,1,61
"2551",2551,NA,2,62
"2552",2552,NA,NA,63
"2553",2553,NA,NA,61
"2554",2554,1,1,61
"2555",2555,1,1,61
"2556",2556,1,1,61
"2557",2557,NA,NA,61
"2558",2558,1,1,63
"2559",2559,1,1,61
"2560",2560,1,1,61
"2561",2561,1,1,61
"2562",2562,1,NA,61
"2563",2563,NA,1,61
"2564",2564,1,NA,61
"2565",2565,1,NA,NA
"2566",2566,NA,NA,61
"2567",2567,1,1,61
"2568",2568,NA,1,61
"2569",2569,1,1,61
"2570",2570,1,1,61
"2571",2571,1,1,61
"2572",2572,1,1,NA
"2573",2573,1,1,61
"2574",2574,1,1,61
"2575",2575,NA,NA,61
"2576",2576,NA,NA,61
"2577",2577,NA,1,63
"2578",2578,NA,NA,61
"2579",2579,1,1,61
"2580",2580,NA,NA,NA
"2581",2581,1,1,61
"2582",2582,1,1,61
"2583",2583,NA,1,61
"2584",2584,NA,NA,61
"2585",2585,NA,1,NA
"2586",2586,NA,1,61
"2587",2587,1,1,61
"2588",2588,1,NA,61
"2589",2589,NA,NA,61
"2590",2590,NA,NA,61
"2591",2591,1,1,61
"2592",2592,1,1,61
"2593",2593,NA,1,61
"2594",2594,1,1,61
"2595",2595,1,1,61
"2596",2596,1,1,61
"2597",2597,NA,1,61
"2598",2598,1,1,62
"2599",2599,1,NA,61
"2600",2600,1,1,61
"2601",2601,NA,NA,61
"2602",2602,NA,NA,NA
"2603",2603,1,1,NA
"2604",2604,NA,1,NA
"2605",2605,1,1,61
"2606",2606,NA,1,NA
"2607",2607,NA,NA,61
"2608",2608,1,1,63
"2609",2609,1,1,NA
"2610",2610,NA,NA,62
"2611",2611,1,1,61
"2612",2612,NA,1,61
"2613",2613,NA,NA,NA
"2614",2614,1,1,61
"2615",2615,1,1,61
"2616",2616,NA,1,NA
"2617",2617,NA,1,61
"2618",2618,1,1,61
"2619",2619,1,1,61
"2620",2620,NA,NA,NA
"2621",2621,1,1,61
"2622",2622,1,1,61
"2623",2623,1,1,61
"2624",2624,1,1,61
"2625",2625,NA,NA,61
"2626",2626,NA,NA,NA
"2627",2627,NA,1,NA
"2628",2628,1,1,61
"2629",2629,1,1,61
"2630",2630,1,NA,61
"2631",2631,1,1,61
"2632",2632,1,1,61
"2633",2633,NA,2,61
"2634",2634,1,1,61
"2635",2635,1,1,61
"2636",2636,1,1,61
"2637",2637,1,NA,61
"2638",2638,1,1,61
"2639",2639,NA,1,61
"2640",2640,1,1,61
"2641",2641,1,NA,61
"2642",2642,1,1,61
"2643",2643,1,1,62
"2644",2644,1,NA,61
"2645",2645,1,1,61
"2646",2646,1,1,61
"2647",2647,NA,NA,61
"2648",2648,1,1,61
"2649",2649,1,1,61
"2650",2650,1,1,61
"2651",2651,1,NA,61
"2652",2652,NA,1,61
"2653",2653,1,1,61
"2654",2654,1,1,61
"2655",2655,NA,1,61
"2656",2656,1,1,61
"2657",2657,NA,NA,62
"2658",2658,NA,1,61
"2659",2659,NA,1,61
"2660",2660,1,1,61
"2661",2661,1,NA,61
"2662",2662,NA,1,61
"2663",2663,1,1,63
"2664",2664,1,1,61
"2665",2665,1,NA,61
"2666",2666,1,1,61
"2667",2667,1,1,61
"2668",2668,1,1,61
"2669",2669,1,NA,61
"2670",2670,1,1,61
"2671",2671,1,NA,61
"2672",2672,NA,1,NA
"2673",2673,NA,1,62
"2674",2674,1,1,61
"2675",2675,1,1,61
"2676",2676,1,1,61
"2677",2677,NA,1,61
"2678",2678,1,1,61
"2679",2679,1,1,61
"2680",2680,1,1,61
"2681",2681,1,1,61
"2682",2682,1,NA,63
"2683",2683,1,1,61
"2684",2684,1,1,61
"2685",2685,NA,NA,NA
"2686",2686,1,1,61
"2687",2687,NA,1,61
"2688",2688,1,1,61
"2689",2689,1,1,61
"2690",2690,1,1,61
"2691",2691,1,1,61
"2692",2692,1,1,61
"2693",2693,1,1,61
"2694",2694,1,1,61
"2695",2695,1,1,61
"2696",2696,NA,NA,NA
"2697",2697,NA,1,63
"2698",2698,1,1,61
"2699",2699,1,1,NA
"2700",2700,1,1,61
"2701",2701,1,NA,61
"2702",2702,1,1,61
"2703",2703,1,NA,61
"2704",2704,1,1,61
"2705",2705,NA,2,62
"2706",2706,1,1,61
"2707",2707,1,1,61
"2708",2708,1,1,61
"2709",2709,NA,NA,NA
"2710",2710,NA,NA,61
"2711",2711,1,1,61
"2712",2712,1,1,61
"2713",2713,1,1,61
"2714",2714,NA,NA,NA
"2715",2715,NA,1,61
"2716",2716,NA,1,61
"2717",2717,NA,1,61
"2718",2718,1,NA,NA
"2719",2719,NA,1,61
"2720",2720,1,1,61
"2721",2721,1,1,61
"2722",2722,1,1,61
"2723",2723,1,1,61
"2724",2724,NA,1,61
"2725",2725,1,1,61
"2726",2726,1,1,61
"2727",2727,NA,NA,NA
"2728",2728,1,1,61
"2729",2729,NA,NA,61
"2730",2730,NA,1,61
"2731",2731,1,1,61
"2732",2732,NA,NA,61
"2733",2733,1,1,61
"2734",2734,NA,1,61
"2735",2735,NA,1,61
"2736",2736,1,1,62
"2737",2737,NA,NA,62
"2738",2738,1,1,61
"2739",2739,1,1,61
"2740",2740,1,1,61
"2741",2741,1,1,61
"2742",2742,1,1,61
"2743",2743,NA,1,61
"2744",2744,1,1,61
"2745",2745,1,1,61
"2746",2746,NA,1,61
"2747",2747,1,1,61
"2748",2748,NA,NA,61
"2749",2749,NA,NA,NA
"2750",2750,NA,1,61
"2751",2751,1,1,61
"2752",2752,1,1,61
"2753",2753,1,1,61
"2754",2754,1,1,61
"2755",2755,1,1,62
"2756",2756,1,1,61
"2757",2757,NA,1,61
"2758",2758,1,1,61
"2759",2759,1,NA,61
"2760",2760,NA,NA,61
"2761",2761,1,NA,NA
"2762",2762,1,1,61
"2763",2763,1,1,61
"2764",2764,1,1,61
"2765",2765,1,1,61
"2766",2766,1,1,61
"2767",2767,1,1,61
"2768",2768,1,1,61
"2769",2769,1,1,61
"2770",2770,1,1,61
"2771",2771,1,NA,61
"2772",2772,1,3,63
"2773",2773,1,1,61
"2774",2774,NA,NA,61
"2775",2775,1,1,61
"2776",2776,1,1,61
"2777",2777,NA,1,61
"2778",2778,NA,NA,NA
"2779",2779,1,1,61
"2780",2780,1,1,61
"2781",2781,1,1,61
"2782",2782,1,1,61
"2783",2783,NA,1,NA
"2784",2784,1,1,61
"2785",2785,1,1,61
"2786",2786,NA,1,61
"2787",2787,1,1,61
"2788",2788,NA,NA,63
"2789",2789,NA,1,61
"2790",2790,1,NA,61
"2791",2791,1,1,61
"2792",2792,1,1,61
"2793",2793,NA,1,61
"2794",2794,1,1,61
"2795",2795,1,1,62
"2796",2796,NA,1,61
"2797",2797,1,NA,61
"2798",2798,1,NA,61
"2799",2799,1,1,61
"2800",2800,1,1,61
"2801",2801,NA,NA,61
"2802",2802,NA,NA,61
"2803",2803,NA,NA,63
"2804",2804,1,1,61
"2805",2805,1,1,61
"2806",2806,NA,1,61
"2807",2807,1,1,61
"2808",2808,1,1,61
"2809",2809,1,1,61
"2810",2810,1,1,61
"2811",2811,1,1,61
"2812",2812,1,1,61
"2813",2813,2,NA,61
"2814",2814,1,NA,61
"2815",2815,1,1,61
"2816",2816,1,1,61
"2817",2817,1,1,61
"2818",2818,1,3,61
"2819",2819,1,NA,61
"2820",2820,NA,3,63
"2821",2821,1,1,61
"2822",2822,1,NA,62
"2823",2823,1,1,61
"2824",2824,1,1,61
"2825",2825,1,1,61
"2826",2826,1,1,61
"2827",2827,4,4,63
"2828",2828,1,1,61
"2829",2829,NA,1,61
"2830",2830,1,1,61
"2831",2831,NA,NA,NA
"2832",2832,1,NA,61
"2833",2833,NA,1,61
"2834",2834,NA,1,61
"2835",2835,1,1,61
"2836",2836,1,NA,63
"2837",2837,1,1,61
"2838",2838,1,1,61
"2839",2839,1,1,61
"2840",2840,1,1,61
"2841",2841,NA,NA,61
"2842",2842,1,1,61
"2843",2843,1,1,61
"2844",2844,NA,1,61
"2845",2845,NA,NA,61
"2846",2846,NA,1,61
"2847",2847,1,1,62
"2848",2848,1,NA,61
"2849",2849,1,1,61
"2850",2850,1,NA,61
"2851",2851,NA,1,61
"2852",2852,NA,NA,NA
"2853",2853,1,1,61
"2854",2854,1,1,61
"2855",2855,NA,1,61
"2856",2856,NA,NA,62
"2857",2857,1,1,61
"2858",2858,NA,NA,61
"2859",2859,NA,1,61
"2860",2860,1,NA,61
"2861",2861,2,2,62
"2862",2862,1,1,61
"2863",2863,NA,1,63
"2864",10197,NA,NA,61
"2865",2865,1,1,61
"2866",2866,NA,1,61
"2867",2867,1,3,63
"2868",2868,NA,NA,NA
"2869",2869,1,1,61
"2870",2870,1,1,61
"2871",2871,NA,1,61
"2872",2872,NA,NA,61
"2873",2873,NA,NA,NA
"2874",2874,1,1,61
"2875",2875,NA,1,61
"2876",2876,1,NA,61
"2877",2877,1,1,61
"2878",2878,NA,1,61
"2879",2879,NA,NA,NA
"2880",2880,1,1,61
"2881",2881,1,1,62
"2882",2882,1,1,61
"2883",2883,1,1,61
"2884",2884,1,1,61
"2885",2885,1,1,61
"2886",2886,1,1,61
"2887",2887,NA,NA,61
"2888",2888,1,1,61
"2889",2889,1,1,61
"2890",2890,1,1,61
"2891",2891,1,1,61
"2892",2892,NA,1,61
"2893",2893,1,1,61
"2894",2894,1,1,61
"2895",2895,1,1,61
"2896",2896,1,1,61
"2897",2897,1,1,63
"2898",2898,1,1,61
"2899",2899,NA,NA,61
"2900",2900,NA,NA,NA
"2901",2901,1,1,61
"2902",2902,NA,1,NA
"2903",2903,1,1,61
"2904",2904,1,1,61
"2905",2905,NA,NA,61
"2906",2906,1,1,61
"2907",2907,1,1,61
"2908",2908,1,1,61
"2909",2909,1,1,61
"2910",2910,NA,NA,NA
"2911",2911,1,1,61
"2912",2912,1,1,61
"2913",2913,1,NA,63
"2914",2914,1,1,61
"2915",2915,NA,1,61
"2916",2916,NA,1,61
"2917",2917,1,1,61
"2918",2918,1,1,61
"2919",2919,1,1,61
"2920",2920,1,NA,61
"2921",2921,NA,NA,61
"2922",2922,1,1,61
"2923",2923,1,1,61
"2924",2924,1,1,61
"2925",2925,1,1,61
"2926",2926,1,1,61
"2927",2927,NA,NA,61
"2928",2928,1,1,61
"2929",2929,1,1,61
"2930",2930,1,1,61
"2931",2931,1,1,61
"2932",2932,NA,1,61
"2933",2933,1,1,61
"2934",2934,1,1,61
"2935",2935,NA,NA,61
"2936",2936,1,1,61
"2937",2937,1,1,61
"2938",2938,1,1,NA
"2939",2939,1,1,61
"2940",2940,1,1,61
"2941",2941,1,1,61
"2942",2942,1,NA,61
"2943",2943,1,1,61
"2944",2944,NA,NA,61
"2945",2945,1,1,61
"2946",2946,NA,1,61
"2947",2947,1,1,61
"2948",2948,NA,1,61
"2949",2949,1,1,61
"2950",2950,1,1,61
"2951",2951,NA,NA,61
"2952",2952,NA,NA,62
"2953",2953,NA,NA,61
"2954",2954,1,1,63
"2955",2955,NA,1,62
"2956",2956,1,1,61
"2957",2957,NA,1,61
"2958",2958,1,1,61
"2959",2959,1,1,61
"2960",2960,1,1,61
"2961",2961,1,1,NA
"2962",2962,1,1,61
"2963",2963,1,1,61
"2964",2964,1,2,62
"2965",2965,1,NA,61
"2966",2966,1,1,61
"2967",2967,NA,NA,NA
"2968",2968,1,1,61
"2969",2969,1,1,61
"2970",2970,NA,1,61
"2971",2971,1,1,61
"2972",2972,NA,NA,61
"2973",2973,NA,1,61
"2974",2974,1,1,61
"2975",2975,NA,1,61
"2976",2976,NA,NA,61
"2977",2977,1,1,61
"2978",2978,NA,NA,NA
"2979",2979,1,1,62
"2980",2980,1,1,61
"2981",2981,NA,NA,61
"2982",2982,1,1,61
"2983",10182,NA,NA,61
"2984",2984,1,NA,61
"2985",2985,NA,1,61
"2986",2986,1,NA,61
"2987",2987,NA,NA,61
"2988",2988,NA,1,63
"2989",2989,1,1,61
"2990",2990,1,1,NA
"2991",2991,1,NA,NA
"2992",2992,1,1,62
"2993",2993,1,1,61
"2994",2994,1,1,61
"2995",2995,NA,1,61
"2996",2996,NA,NA,NA
"2997",2997,1,1,61
"2998",2998,1,1,61
"2999",2999,1,1,61
"3000",3000,NA,NA,NA
"3001",3001,1,1,NA
"3002",3002,1,1,61
"3003",3003,1,NA,61
"3004",3004,1,NA,NA
"3005",3005,1,1,61
"3006",3006,NA,NA,61
"3007",3007,1,1,61
"3008",3008,NA,NA,61
"3009",3009,1,1,61
"3010",3010,1,NA,63
"3011",3011,1,1,61
"3012",3012,1,1,61
"3013",3013,NA,1,NA
"3014",3014,1,1,61
"3015",3015,1,NA,61
"3016",3016,1,1,61
"3017",3017,1,NA,61
"3018",3018,1,1,61
"3019",3019,NA,1,NA
"3020",3020,1,1,61
"3021",3021,1,1,61
"3022",3022,1,1,61
"3023",3023,1,1,61
"3024",3024,1,1,61
"3025",3025,1,1,61
"3026",3026,1,1,61
"3027",3027,NA,1,61
"3028",3028,1,1,61
"3029",3029,1,1,61
"3030",3030,1,1,61
"3031",3031,1,1,61
"3032",3032,1,5,63
"3033",3033,1,1,61
"3034",3034,1,1,61
"3035",3035,NA,NA,NA
"3036",3036,NA,1,61
"3037",3037,1,1,61
"3038",3038,NA,NA,63
"3039",3039,1,1,61
"3040",3040,1,1,61
"3041",3041,1,1,61
"3042",3042,NA,NA,61
"3043",3043,1,1,61
"3044",3044,1,1,61
"3045",3045,1,1,61
"3046",3046,NA,NA,61
"3047",3047,1,1,61
"3048",3048,1,5,63
"3049",3049,1,1,61
"3050",3050,1,1,NA
"3051",3051,NA,NA,61
"3052",3052,1,1,61
"3053",3053,NA,NA,61
"3054",3054,1,NA,61
"3055",3055,1,1,61
"3056",3056,NA,NA,61
"3057",3057,NA,1,61
"3058",3058,1,1,61
"3059",3059,1,1,61
"3060",3060,1,NA,62
"3061",3061,1,1,61
"3062",3062,NA,NA,61
"3063",3063,1,NA,61
"3064",3064,NA,1,61
"3065",3065,NA,1,NA
"3066",3066,1,1,61
"3067",3067,1,1,61
"3068",3068,1,1,61
"3069",3069,1,1,61
"3070",3070,1,1,61
"3071",3071,1,1,61
"3072",3072,1,1,61
"3073",3073,1,1,NA
"3074",3074,1,NA,61
"3075",3075,1,1,61
"3076",3076,1,1,61
"3077",3077,1,1,61
"3078",3078,1,1,61
"3079",3079,1,1,61
"3080",3080,1,1,NA
"3081",3081,1,1,61
"3082",3082,1,1,61
"3083",3083,1,1,61
"3084",3084,1,1,61
"3085",3085,1,1,61
"3086",3086,1,2,62
"3087",3087,1,1,61
"3088",3088,NA,NA,61
"3089",3089,1,1,62
"3090",3090,1,1,61
"3091",3091,1,1,62
"3092",3092,1,1,61
"3093",3093,1,1,61
"3094",3094,1,1,NA
"3095",3095,1,1,61
"3096",3096,NA,1,61
"3097",3097,1,1,61
"3098",3098,1,NA,63
"3099",3099,NA,1,61
"3100",3100,NA,1,61
"3101",3101,NA,NA,61
"3102",3102,1,NA,NA
"3103",3103,1,1,NA
"3104",3104,1,NA,61
"3105",3105,1,NA,61
"3106",3106,1,1,61
"3107",3107,1,1,61
"3108",3108,1,NA,61
"3109",3109,1,1,61
"3110",3110,1,NA,61
"3111",3111,1,1,61
"3112",3112,1,1,61
"3113",3113,NA,1,61
"3114",3114,1,1,62
"3115",3115,1,1,62
"3116",3116,1,1,61
"3117",3117,NA,NA,NA
"3118",3118,1,NA,61
"3119",3119,1,1,62
"3120",3120,1,NA,62
"3121",3121,1,NA,61
"3122",3122,1,1,61
"3123",3123,1,1,61
"3124",3124,1,1,61
"3125",3125,NA,1,NA
"3126",3126,NA,NA,61
"3127",3127,1,1,61
"3128",3128,1,1,61
"3129",3129,1,1,61
"3130",3130,1,1,61
"3131",3131,1,1,63
"3132",3132,1,1,63
"3133",3133,1,1,61
"3134",3134,1,1,61
"3135",3135,NA,1,61
"3136",3136,1,1,61
"3137",3137,NA,NA,NA
"3138",3138,1,1,61
"3139",3139,1,NA,63
"3140",3140,1,1,NA
"3141",3141,1,1,NA
"3142",3142,1,1,61
"3143",3143,1,1,61
"3144",3144,1,1,61
"3145",3145,1,1,61
"3146",3146,1,NA,61
"3147",3147,1,1,61
"3148",3148,NA,NA,61
"3149",3149,NA,NA,61
"3150",3150,1,1,61
"3151",3151,1,1,61
"3152",3152,NA,1,61
"3153",3153,1,NA,61
"3154",3154,1,1,61
"3155",3155,1,1,63
"3156",3156,NA,1,61
"3157",3157,NA,NA,NA
"3158",3158,NA,NA,61
"3159",3159,1,1,61
"3160",3160,1,1,61
"3161",3161,1,NA,61
"3162",3162,1,NA,61
"3163",3163,1,1,61
"3164",3164,NA,NA,61
"3165",3165,1,1,61
"3166",3166,NA,NA,61
"3167",3167,1,1,61
"3168",3168,1,1,61
"3169",3169,NA,NA,61
"3170",3170,1,1,61
"3171",3171,1,1,61
"3172",3172,1,1,61
"3173",3173,NA,1,61
"3174",3174,NA,1,61
"3175",3175,1,1,61
"3176",3176,NA,1,61
"3177",3177,1,NA,61
"3178",3178,NA,NA,61
"3179",3179,NA,NA,61
"3180",3180,1,1,61
"3181",3181,NA,1,61
"3182",3182,NA,NA,61
"3183",3183,1,1,61
"3184",3184,1,NA,61
"3185",3185,1,1,61
"3186",3186,1,1,61
"3187",3187,1,1,61
"3188",3188,NA,NA,61
"3189",3189,NA,1,61
"3190",3190,1,1,61
"3191",3191,NA,1,61
"3192",3192,1,1,61
"3193",3193,1,1,61
"3194",3194,1,1,61
"3195",3195,1,1,61
"3196",3196,NA,1,61
"3197",3197,1,1,61
"3198",3198,1,1,61
"3199",3199,1,1,61
"3200",3200,1,1,61
"3201",3201,1,1,61
"3202",3202,1,1,61
"3203",3203,NA,1,61
"3204",3204,1,NA,62
"3205",3205,1,1,61
"3206",3206,1,NA,62
"3207",3207,NA,NA,61
"3208",3208,NA,NA,61
"3209",3209,NA,1,61
"3210",3210,NA,1,NA
"3211",3211,1,1,NA
"3212",3212,1,1,61
"3213",3213,1,1,61
"3214",3214,1,1,61
"3215",3215,1,1,61
"3216",3216,1,NA,NA
"3217",3217,NA,1,61
"3218",3218,NA,1,61
"3219",3219,1,1,62
"3220",3220,1,1,61
"3221",3221,1,1,61
"3222",3222,1,1,61
"3223",3223,1,1,61
"3224",3224,1,NA,61
"3225",3225,1,NA,61
"3226",3226,1,1,61
"3227",3227,NA,NA,61
"3228",3228,1,1,61
"3229",3229,1,NA,NA
"3230",3230,1,1,61
"3231",3231,NA,NA,61
"3232",3232,1,1,61
"3233",3233,1,NA,61
"3234",3234,1,1,61
"3235",3235,NA,NA,61
"3236",3236,1,1,61
"3237",3237,1,NA,61
"3238",3238,1,1,61
"3239",3239,1,1,61
"3240",3240,1,1,61
"3241",3241,NA,NA,NA
"3242",3242,1,1,61
"3243",3243,1,1,61
"3244",3244,1,NA,61
"3245",3245,1,NA,62
"3246",3246,1,1,61
"3247",3247,1,1,63
"3248",3248,1,NA,61
"3249",3249,1,1,61
"3250",3250,NA,NA,61
"3251",3251,NA,NA,61
"3252",3252,NA,NA,61
"3253",3253,NA,NA,61
"3254",3254,1,1,61
"3255",3255,NA,NA,61
"3256",3256,NA,1,61
"3257",3257,1,1,61
"3258",3258,1,1,61
"3259",3259,NA,NA,61
"3260",3260,1,1,61
"3261",3261,1,1,61
"3262",3262,NA,NA,61
"3263",3263,1,NA,NA
"3264",3264,NA,NA,61
"3265",3265,NA,1,62
"3266",3266,1,1,61
"3267",3267,NA,4,NA
"3268",3268,1,1,61
"3269",3269,NA,1,61
"3270",3270,NA,1,61
"3271",3271,1,1,61
"3272",3272,1,1,61
"3273",3273,1,1,61
"3274",3274,NA,NA,61
"3275",3275,1,1,61
"3276",3276,1,1,61
"3277",3277,1,1,NA
"3278",3278,1,1,61
"3279",3279,1,1,61
"3280",3280,1,1,61
"3281",3281,1,1,61
"3282",3282,1,1,61
"3283",3283,NA,1,61
"3284",3284,1,1,61
"3285",3285,1,1,61
"3286",3286,1,1,61
"3287",3287,1,1,61
"3288",3288,1,1,61
"3289",3289,1,1,61
"3290",3290,1,1,61
"3291",3291,1,1,61
"3292",3292,1,1,61
"3293",3293,NA,1,61
"3294",3294,1,1,61
"3295",3295,1,1,61
"3296",3296,1,1,61
"3297",3297,1,1,61
"3298",3298,1,1,61
"3299",3299,1,1,61
"3300",3300,NA,NA,61
"3301",3301,1,1,61
"3302",3302,1,1,61
"3303",3303,1,NA,NA
"3304",3304,1,1,NA
"3305",3305,1,1,NA
"3306",3306,1,1,61
"3307",3307,NA,NA,62
"3308",3308,1,1,NA
"3309",3309,1,1,NA
"3310",3310,1,1,61
"3311",3311,1,1,61
"3312",3312,1,1,63
"3313",3313,1,1,61
"3314",3314,NA,NA,63
"3315",3315,1,NA,61
"3316",3316,1,NA,61
"3317",3317,NA,NA,NA
"3318",3318,NA,4,63
"3319",3319,1,1,61
"3320",3320,NA,1,61
"3321",3321,1,1,61
"3322",3322,NA,1,61
"3323",3323,1,1,NA
"3324",3324,1,1,61
"3325",3325,NA,NA,NA
"3326",3326,1,1,61
"3327",3327,1,1,61
"3328",3328,NA,NA,61
"3329",3329,NA,NA,61
"3330",3330,3,1,61
"3331",3331,1,1,NA
"3332",3332,NA,NA,NA
"3333",3333,NA,NA,61
"3334",3334,1,1,61
"3335",3335,1,1,62
"3336",3336,1,1,61
"3337",3337,1,2,61
"3338",3338,NA,1,61
"3339",3339,1,NA,NA
"3340",3340,1,1,61
"3341",3341,1,NA,61
"3342",3342,1,1,61
"3343",3343,1,1,NA
"3344",3344,1,1,61
"3345",3345,NA,1,61
"3346",3346,1,1,61
"3347",3347,NA,1,61
"3348",3348,NA,NA,NA
"3349",3349,NA,NA,NA
"3350",3350,1,1,61
"3351",3351,NA,1,61
"3352",3352,1,1,61
"3353",3353,NA,1,NA
"3354",3354,1,1,61
"3355",3355,NA,1,61
"3356",3356,NA,1,NA
"3357",3357,NA,1,61
"3358",3358,NA,NA,61
"3359",3359,NA,NA,NA
"3360",3360,NA,1,61
"3361",3361,1,1,61
"3362",3362,NA,1,63
"3363",3363,NA,NA,NA
"3364",3364,1,1,61
"3365",3365,1,NA,61
"3366",3366,1,1,61
"3367",3367,1,NA,NA
"3368",3368,NA,NA,NA
"3369",3369,NA,NA,NA
"3370",3370,NA,NA,NA
"3371",3371,NA,NA,NA
"3372",3372,NA,1,61
"3373",3373,NA,NA,NA
"3374",3374,1,NA,61
"3375",3375,NA,1,61
"3376",3376,NA,NA,61
"3377",3377,1,NA,61
"3378",3378,1,1,61
"3379",3379,NA,NA,NA
"3380",3380,1,NA,NA
"3381",3381,NA,NA,NA
"3382",3382,NA,NA,61
"3383",3383,1,NA,NA
"3384",3384,1,1,61
"3385",3385,NA,NA,NA
"3386",3386,1,1,61
"3387",3387,1,NA,61
"3388",3388,NA,1,62
"3389",3389,NA,NA,61
"3390",3390,1,1,61
"3391",3391,1,NA,NA
"3392",3392,1,NA,61
"3393",3393,NA,NA,NA
"3394",3394,1,NA,61
"3395",3395,NA,NA,NA
"3396",3396,NA,NA,61
"3397",3397,1,NA,61
"3398",3398,1,1,61
"3399",3399,1,1,61
"3400",3400,NA,1,NA
"3401",3401,NA,NA,NA
"3402",3402,1,1,61
"3403",3403,NA,NA,NA
"3404",3404,1,1,61
"3405",3405,NA,NA,61
"3406",3406,1,1,61
"3407",3407,1,NA,61
"3408",3408,1,2,61
"3409",3409,NA,NA,61
"3410",3410,NA,NA,61
"3411",3411,1,1,61
"3412",3412,1,1,61
"3413",3413,NA,NA,NA
"3414",3414,1,1,61
"3415",3415,1,NA,61
"3416",3416,NA,NA,61
"3417",3417,NA,NA,61
"3418",3418,NA,1,61
"3419",3419,1,1,61
"3420",3420,1,1,61
"3421",3421,1,1,61
"3422",3422,1,1,61
"3423",3423,1,1,61
"3424",3424,1,1,61
"3425",3425,1,1,NA
"3426",3426,NA,1,61
"3427",3427,1,1,61
"3428",3428,1,1,61
"3429",3429,NA,1,NA
"3430",3430,1,1,61
"3431",3431,NA,1,NA
"3432",3432,1,1,61
"3433",3433,1,1,61
"3434",3434,NA,NA,61
"3435",3435,1,1,61
"3436",3436,1,1,NA
"3437",3437,3,NA,61
"3438",3438,1,NA,61
"3439",3439,1,1,61
"3440",3440,NA,1,61
"3441",3441,1,1,61
"3442",3442,1,NA,NA
"3443",3443,1,1,61
"3444",3444,NA,1,NA
"3445",3445,1,1,61
"3446",3446,1,NA,61
"3447",3447,NA,NA,NA
"3448",3448,1,1,61
"3449",3449,1,NA,NA
"3450",3450,1,1,61
"3451",3451,1,1,61
"3452",3452,NA,NA,61
"3453",3453,NA,NA,NA
"3454",3454,NA,NA,61
"3455",3455,1,NA,61
"3456",3456,NA,1,61
"3457",3457,1,1,61
"3458",3458,NA,NA,61
"3459",3459,NA,1,61
"3460",3460,1,1,61
"3461",3461,1,1,61
"3462",3462,1,1,61
"3463",3463,1,1,61
"3464",3464,1,NA,63
"3465",3465,1,NA,61
"3466",3466,1,1,61
"3467",3467,1,NA,61
"3468",3468,1,1,NA
"3469",3469,1,1,61
"3470",3470,NA,NA,NA
"3471",3471,NA,NA,NA
"3472",3472,1,1,NA
"3473",3473,1,1,NA
"3474",3474,NA,NA,NA
"3475",3475,1,1,NA
"3476",3476,1,1,NA
"3477",3477,NA,NA,NA
"3478",3478,1,1,NA
"3479",3479,1,1,NA
"3480",3480,NA,1,NA
"3481",3481,NA,1,NA
"3482",3482,1,1,NA
"3483",3483,1,1,NA
"3484",3484,1,1,NA
"3485",3485,NA,NA,NA
"3486",3486,1,1,NA
"3487",3487,NA,1,NA
"3488",3488,NA,NA,NA
"3489",3489,NA,NA,NA
"3490",3490,NA,NA,NA
"3491",3491,NA,1,NA
"3492",3492,1,1,NA
"3493",3493,NA,NA,NA
"3494",3494,NA,NA,NA
"3495",3495,1,1,NA
"3496",3496,NA,NA,NA
"3497",3497,1,NA,NA
"3498",3498,NA,NA,NA
"3499",3499,1,1,NA
"3500",3500,1,1,NA
"3501",3501,NA,NA,NA
"3502",3502,1,NA,NA
"3503",3503,1,1,NA
"3504",3504,1,NA,NA
"3505",3505,1,1,NA
"3506",3506,NA,NA,NA
"3507",3507,1,1,NA
"3508",3508,1,1,NA
"3509",3509,NA,NA,NA
"3510",3510,1,NA,NA
"3511",3511,NA,NA,NA
"3512",3512,NA,NA,NA
"3513",3513,1,NA,NA
"3514",3514,NA,NA,NA
"3515",3515,1,NA,NA
"3516",3516,1,1,61
"3517",3517,NA,NA,61
"3518",3518,1,NA,63
"3519",3519,NA,1,61
"3520",3520,NA,1,61
"3521",3521,1,1,61
"3522",3522,1,1,61
"3523",3523,1,1,61
"3524",3524,1,NA,NA
"3525",3525,NA,NA,63
"3526",3526,1,1,61
"3527",3527,NA,NA,NA
"3528",3528,1,1,61
"3529",3529,NA,NA,NA
"3530",3530,1,NA,NA
"3531",3531,NA,1,61
"3532",3532,1,1,61
"3533",3533,NA,NA,61
"3534",3534,NA,1,61
"3535",3535,NA,NA,NA
"3536",3536,NA,NA,61
"3537",3537,1,1,61
"3538",3538,1,1,63
"3539",3539,1,1,61
"3540",3540,1,1,61
"3541",3541,1,1,61
"3542",3542,1,1,61
"3543",3543,1,NA,NA
"3544",3544,NA,NA,61
"3545",3545,NA,NA,NA
"3546",3546,1,1,61
"3547",3547,NA,5,61
"3548",3548,1,1,61
"3549",3549,1,1,61
"3550",3550,NA,NA,61
"3551",3551,1,1,61
"3552",3552,NA,NA,61
"3553",3553,1,1,61
"3554",3554,NA,NA,61
"3555",3555,1,1,61
"3556",3556,1,1,61
"3557",3557,NA,1,61
"3558",3558,1,1,NA
"3559",3559,1,1,61
"3560",3560,1,1,61
"3561",3561,1,NA,61
"3562",3562,NA,NA,61
"3563",3563,1,1,61
"3564",3564,1,1,61
"3565",3565,NA,1,61
"3566",3566,NA,1,NA
"3567",3567,NA,1,61
"3568",3568,1,NA,NA
"3569",3569,NA,NA,61
"3570",3570,1,1,61
"3571",3571,NA,1,61
"3572",3572,1,NA,61
"3573",3573,NA,1,61
"3574",3574,NA,NA,NA
"3575",3575,1,1,61
"3576",3576,1,1,61
"3577",3577,NA,1,62
"3578",3578,1,1,61
"3579",3579,1,NA,61
"3580",3580,NA,NA,NA
"3581",3581,NA,NA,62
"3582",3582,1,1,61
"3583",3583,NA,1,61
"3584",3584,1,1,61
"3585",3585,1,1,61
"3586",3586,NA,1,61
"3587",3587,NA,NA,61
"3588",3588,1,1,61
"3589",3589,1,1,61
"3590",3590,NA,NA,62
"3591",3591,1,1,NA
"3592",3592,NA,1,NA
"3593",3593,1,NA,NA
"3594",3594,1,1,61
"3595",3595,1,1,61
"3596",3596,1,1,61
"3597",3597,NA,NA,61
"3598",3598,1,NA,61
"3599",3599,1,NA,61
"3600",3600,NA,NA,61
"3601",3601,NA,1,61
"3602",3602,1,1,61
"3603",3603,NA,NA,NA
"3604",3604,1,NA,61
"3605",3605,NA,NA,NA
"3606",3606,NA,1,61
"3607",3607,NA,1,61
"3608",3608,NA,1,NA
"3609",3609,NA,1,NA
"3610",3610,1,1,61
"3611",3611,1,1,61
"3612",3612,NA,NA,NA
"3613",3613,1,1,NA
"3614",3614,NA,NA,NA
"3615",3615,NA,NA,61
"3616",3616,NA,3,63
"3617",3617,NA,1,61
"3618",3618,NA,NA,61
"3619",3619,1,1,61
"3620",3620,1,1,61
"3621",3621,1,NA,61
"3622",3622,1,1,61
"3623",3623,1,NA,NA
"3624",3624,1,NA,61
"3625",3625,1,1,61
"3626",3626,1,1,61
"3627",3627,1,NA,NA
"3628",3628,NA,NA,NA
"3629",3629,NA,NA,NA
"3630",3630,NA,1,61
"3631",3631,NA,1,61
"3632",3632,NA,NA,61
"3633",3633,NA,NA,NA
"3634",3634,1,NA,61
"3635",3635,1,1,61
"3636",3636,NA,NA,61
"3637",3637,1,1,61
"3638",3638,1,1,61
"3639",3639,1,NA,61
"3640",3640,1,1,61
"3641",3641,NA,NA,NA
"3642",3642,NA,NA,61
"3643",3643,1,NA,61
"3644",3644,NA,1,61
"3645",3645,1,1,NA
"3646",3646,NA,NA,61
"3647",3647,1,1,61
"3648",3648,NA,NA,NA
"3649",3649,NA,NA,63
"3650",3650,1,1,61
"3651",3651,1,1,61
"3652",3652,NA,NA,61
"3653",3653,1,1,61
"3654",3654,1,1,61
"3655",3655,NA,NA,NA
"3656",10193,1,1,61
"3657",3657,1,NA,61
"3658",3658,NA,1,61
"3659",3659,NA,NA,NA
"3660",3660,NA,NA,61
"3661",3661,1,2,62
"3662",3662,1,1,63
"3663",3663,1,1,61
"3664",3664,NA,NA,61
"3665",3665,NA,1,62
"3666",3666,NA,1,61
"3667",3667,1,1,61
"3668",3668,1,1,63
"3669",3669,NA,NA,NA
"3670",3670,NA,NA,62
"3671",3671,1,1,NA
"3672",3672,NA,1,61
"3673",3673,1,1,61
"3674",3674,1,1,NA
"3675",3675,NA,NA,NA
"3676",3676,1,NA,NA
"3677",3677,NA,NA,NA
"3678",3678,1,NA,NA
"3679",3679,NA,NA,NA
"3680",3680,1,NA,NA
"3681",3681,1,NA,NA
"3682",3682,NA,NA,NA
"3683",3683,1,NA,NA
"3684",3684,1,NA,NA
"3685",3685,NA,NA,NA
"3686",3686,NA,NA,NA
"3687",3687,1,NA,NA
"3688",3688,1,NA,NA
"3689",3689,1,NA,NA
"3690",3690,1,NA,NA
"3691",3691,NA,NA,NA
"3692",3692,1,NA,NA
"3693",3693,NA,NA,NA
"3694",3694,NA,NA,NA
"3695",3695,1,NA,NA
"3696",3696,1,NA,NA
"3697",3697,NA,NA,NA
"3698",3698,NA,NA,NA
"3699",3699,1,NA,NA
"3700",3700,1,NA,NA
"3701",3701,NA,NA,NA
"3702",3702,1,NA,NA
"3703",3703,NA,NA,NA
"3704",3704,1,NA,NA
"3705",3705,NA,NA,NA
"3706",3706,1,NA,NA
"3707",3707,1,NA,NA
"3708",3708,1,NA,NA
"3709",3709,1,NA,NA
"3710",3710,1,NA,NA
"3711",3711,NA,NA,NA
"3712",3712,NA,NA,NA
"3713",3713,NA,NA,NA
"3714",3714,NA,NA,NA
"3715",3715,1,NA,NA
"3716",3716,1,1,61
"3717",3717,1,1,61
"3718",3718,1,1,61
"3719",3719,3,1,61
"3720",3720,1,1,61
"3721",3721,NA,NA,NA
"3722",3722,1,1,61
"3723",3723,1,1,61
"3724",3724,1,1,61
"3725",3725,NA,NA,62
"3726",3726,NA,1,61
"3727",3727,1,NA,62
"3728",3728,1,1,61
"3729",3729,1,NA,61
"3730",3730,1,1,61
"3731",3731,NA,NA,62
"3732",3732,NA,1,61
"3733",3733,NA,NA,61
"3734",3734,1,NA,61
"3735",3735,1,1,61
"3736",3736,NA,1,61
"3737",3737,1,1,61
"3738",3738,NA,1,61
"3739",3739,1,1,62
"3740",3740,4,2,63
"3741",3741,1,1,61
"3742",3742,NA,1,61
"3743",3743,NA,NA,NA
"3744",3744,1,1,61
"3745",3745,NA,NA,61
"3746",3746,NA,NA,63
"3747",3747,1,1,61
"3748",3748,1,1,61
"3749",3749,1,1,62
"3750",3750,1,NA,61
"3751",3751,1,1,62
"3752",3752,NA,NA,NA
"3753",3753,NA,NA,61
"3754",3754,1,1,61
"3755",3755,1,1,61
"3756",3756,1,1,62
"3757",3757,1,1,61
"3758",3758,1,1,61
"3759",3759,1,1,61
"3760",3760,NA,NA,61
"3761",3761,1,NA,63
"3762",3762,1,1,61
"3763",3763,1,1,61
"3764",3764,NA,1,NA
"3765",3765,NA,1,61
"3766",3766,1,1,61
"3767",3767,1,1,61
"3768",3768,1,1,61
"3769",3769,1,NA,61
"3770",3770,1,1,61
"3771",3771,1,1,61
"3772",3772,NA,NA,61
"3773",3773,NA,NA,61
"3774",3774,1,NA,61
"3775",3775,NA,NA,61
"3776",3776,1,1,61
"3777",3777,1,1,61
"3778",3778,1,1,61
"3779",3779,NA,NA,63
"3780",3780,NA,NA,61
"3781",3781,NA,NA,63
"3782",3782,1,1,61
"3783",3783,NA,5,63
"3784",3784,1,NA,NA
"3785",3785,1,1,61
"3786",3786,NA,NA,61
"3787",3787,1,1,61
"3788",3788,NA,1,61
"3789",3789,NA,1,61
"3790",3790,1,NA,61
"3791",3791,1,NA,61
"3792",3792,1,NA,61
"3793",3793,1,1,61
"3794",3794,1,1,61
"3795",3795,1,1,61
"3796",3796,1,1,61
"3797",3797,1,1,61
"3798",3798,NA,1,61
"3799",3799,NA,1,61
"3800",3800,NA,NA,61
"3801",3801,NA,NA,61
"3802",3802,NA,NA,61
"3803",3803,1,NA,61
"3804",3804,NA,NA,61
"3805",3805,NA,1,61
"3806",3806,1,1,61
"3807",3807,NA,NA,61
"3808",3808,1,NA,61
"3809",3809,1,NA,61
"3810",3810,1,NA,62
"3811",3811,1,1,61
"3812",3812,1,1,61
"3813",3813,NA,1,61
"3814",3814,NA,NA,63
"3815",3815,1,1,61
"3816",3816,1,1,61
"3817",3817,2,2,61
"3818",3818,NA,NA,61
"3819",3819,NA,NA,NA
"3820",3820,1,1,61
"3821",3821,1,1,61
"3822",3822,1,1,61
"3823",3823,1,NA,61
"3824",3824,NA,NA,61
"3825",3825,NA,1,NA
"3826",3826,NA,1,61
"3827",3827,1,1,NA
"3828",3828,NA,NA,61
"3829",3829,1,1,61
"3830",3830,NA,NA,63
"3831",3831,NA,NA,61
"3832",3832,1,NA,61
"3833",3833,1,1,61
"3834",3834,1,1,61
"3835",3835,NA,NA,61
"3836",3836,NA,NA,61
"3837",3837,1,1,61
"3838",3838,1,1,61
"3839",3839,NA,NA,NA
"3840",3840,1,1,61
"3841",3841,NA,NA,63
"3842",3842,1,NA,61
"3843",3843,NA,NA,NA
"3844",3844,1,NA,61
"3845",3845,1,1,61
"3846",3846,1,1,61
"3847",3847,1,1,61
"3848",3848,NA,NA,61
"3849",3849,1,3,61
"3850",3850,1,1,61
"3851",3851,1,NA,61
"3852",3852,1,1,61
"3853",3853,1,NA,61
"3854",3854,1,1,61
"3855",3855,1,1,61
"3856",3856,NA,NA,NA
"3857",3857,NA,NA,61
"3858",3858,1,NA,61
"3859",3859,NA,NA,NA
"3860",3860,NA,NA,61
"3861",3861,1,1,61
"3862",3862,1,NA,61
"3863",3863,NA,NA,NA
"3864",3864,NA,NA,NA
"3865",3865,3,1,61
"3866",3866,NA,1,61
"3867",3867,NA,1,61
"3868",3868,1,1,61
"3869",3869,1,NA,61
"3870",3870,1,NA,61
"3871",3871,1,1,61
"3872",3872,NA,1,61
"3873",3873,1,1,61
"3874",3874,1,1,61
"3875",3875,NA,1,61
"3876",3876,NA,1,61
"3877",3877,1,NA,61
"3878",3878,1,NA,61
"3879",3879,NA,NA,61
"3880",3880,1,1,61
"3881",3881,NA,1,61
"3882",3882,NA,NA,61
"3883",3883,1,1,61
"3884",3884,1,NA,61
"3885",3885,1,NA,61
"3886",3886,1,1,61
"3887",3887,1,NA,61
"3888",3888,NA,1,NA
"3889",3889,1,1,61
"3890",3890,1,1,61
"3891",3891,1,1,61
"3892",3892,1,1,61
"3893",3893,1,1,61
"3894",3894,NA,1,61
"3895",3895,1,1,61
"3896",3896,1,1,63
"3897",3897,1,1,61
"3898",3898,NA,1,61
"3899",3899,1,1,61
"3900",3900,1,NA,63
"3901",3901,NA,NA,61
"3902",3902,1,1,61
"3903",3903,1,1,61
"3904",3904,1,1,61
"3905",3905,1,NA,61
"3906",3906,1,1,61
"3907",3907,1,1,61
"3908",3908,NA,NA,61
"3909",3909,1,NA,61
"3910",3910,1,NA,NA
"3911",3911,1,1,61
"3912",3912,1,NA,61
"3913",3913,NA,1,61
"3914",3914,1,1,61
"3915",3915,NA,NA,61
"3916",3916,1,NA,61
"3917",3917,NA,NA,61
"3918",3918,1,1,61
"3919",3919,1,1,61
"3920",3920,NA,1,61
"3921",3921,1,1,61
"3922",3922,1,1,61
"3923",3923,1,NA,61
"3924",3924,NA,1,61
"3925",3925,NA,1,61
"3926",3926,1,1,61
"3927",3927,1,NA,61
"3928",3928,NA,1,61
"3929",3929,1,1,61
"3930",3930,1,1,61
"3931",3931,1,NA,61
"3932",3932,1,NA,61
"3933",3933,1,NA,61
"3934",3934,NA,NA,63
"3935",3935,NA,1,61
"3936",3936,1,NA,61
"3937",3937,NA,1,61
"3938",3938,NA,NA,61
"3939",3939,1,NA,61
"3940",3940,1,1,61
"3941",3941,NA,NA,NA
"3942",3942,1,NA,61
"3943",3943,NA,NA,61
"3944",3944,1,1,61
"3945",3945,1,1,61
"3946",3946,1,1,61
"3947",3947,NA,1,61
"3948",3948,NA,NA,63
"3949",3949,1,1,61
"3950",3950,1,1,61
"3951",3951,1,1,61
"3952",3952,NA,NA,61
"3953",3953,NA,NA,61
"3954",3954,1,1,61
"3955",3955,1,1,61
"3956",3956,1,1,61
"3957",3957,NA,NA,63
"3958",3958,1,1,61
"3959",3959,NA,NA,NA
"3960",3960,NA,NA,NA
"3961",3961,NA,1,NA
"3962",3962,NA,1,61
"3963",3963,NA,1,61
"3964",3964,NA,1,61
"3965",3965,1,NA,61
"3966",3966,1,NA,61
"3967",3967,NA,1,61
"3968",3968,1,NA,NA
"3969",3969,1,1,61
"3970",3970,1,1,61
"3971",3971,NA,NA,61
"3972",3972,NA,NA,NA
"3973",3973,NA,NA,61
"3974",3974,NA,1,61
"3975",3975,1,1,61
"3976",3976,NA,1,61
"3977",3977,1,1,61
"3978",3978,1,NA,NA
"3979",3979,1,1,61
"3980",3980,NA,1,NA
"3981",3981,1,1,61
"3982",3982,NA,NA,NA
"3983",3983,NA,1,61
"3984",3984,1,NA,61
"3985",3985,1,1,61
"3986",3986,NA,1,61
"3987",3987,1,1,61
"3988",3988,1,1,61
"3989",3989,NA,NA,NA
"3990",3990,NA,NA,61
"3991",3991,1,1,61
"3992",3992,1,1,NA
"3993",3993,1,1,61
"3994",3994,NA,NA,NA
"3995",3995,NA,NA,NA
"3996",3996,1,1,61
"3997",3997,1,NA,63
"3998",3998,1,1,62
"3999",3999,1,1,61
"4000",4000,NA,NA,61
"4001",4001,NA,NA,63
"4002",4002,NA,1,61
"4003",4003,NA,1,61
"4004",4004,1,1,61
"4005",4005,NA,NA,61
"4006",4006,1,1,61
"4007",4007,1,NA,NA
"4008",4008,1,1,61
"4009",4009,1,1,61
"4010",4010,NA,NA,NA
"4011",4011,1,1,61
"4012",4012,1,NA,NA
"4013",4013,1,NA,61
"4014",4014,NA,NA,NA
"4015",4015,1,1,61
"4016",4016,NA,NA,NA
"4017",4017,1,1,61
"4018",4018,1,1,61
"4019",4019,1,NA,61
"4020",4020,NA,NA,63
"4021",4021,NA,1,61
"4022",4022,1,1,61
"4023",4023,NA,NA,NA
"4024",4024,NA,NA,61
"4025",4025,NA,1,61
"4026",4026,NA,NA,NA
"4027",4027,NA,NA,NA
"4028",4028,1,1,61
"4029",4029,1,NA,61
"4030",4030,NA,1,61
"4031",4031,NA,NA,NA
"4032",4032,1,NA,NA
"4033",4033,NA,NA,61
"4034",4034,1,NA,61
"4035",4035,1,NA,NA
"4036",4036,NA,NA,61
"4037",4037,1,1,61
"4038",4038,1,1,61
"4039",4039,NA,1,61
"4040",4040,1,1,61
"4041",4041,1,1,61
"4042",4042,1,1,61
"4043",4043,1,1,61
"4044",4044,1,1,61
"4045",4045,1,1,61
"4046",4046,NA,1,61
"4047",4047,NA,NA,NA
"4048",4048,NA,NA,61
"4049",4049,NA,NA,61
"4050",4050,NA,NA,61
"4051",4051,NA,NA,NA
"4052",4052,1,1,61
"4053",4053,1,NA,61
"4054",4054,1,NA,NA
"4055",4055,NA,NA,NA
"4056",4056,1,1,NA
"4057",4057,NA,NA,NA
"4058",4058,1,1,61
"4059",4059,1,1,61
"4060",4060,1,NA,61
"4061",4061,1,1,61
"4062",4062,1,1,61
"4063",4063,1,1,61
"4064",4064,1,1,61
"4065",4065,NA,NA,61
"4066",4066,1,1,62
"4067",4067,NA,NA,61
"4068",4068,1,1,61
"4069",4069,1,NA,61
"4070",4070,1,NA,61
"4071",4071,1,1,61
"4072",4072,NA,NA,61
"4073",4073,NA,NA,62
"4074",4074,1,1,61
"4075",4075,1,1,61
"4076",4076,1,NA,61
"4077",4077,1,NA,61
"4078",4078,NA,NA,61
"4079",4079,1,1,61
"4080",4080,1,1,61
"4081",4081,NA,NA,61
"4082",4082,1,1,61
"4083",4083,NA,1,61
"4084",4084,1,1,61
"4085",4085,1,NA,61
"4086",4086,1,1,61
"4087",4087,1,1,61
"4088",4088,1,NA,61
"4089",4089,1,1,61
"4090",4090,1,1,61
"4091",4091,1,6,62
"4092",4092,NA,NA,61
"4093",4093,NA,NA,61
"4094",4094,NA,NA,61
"4095",4095,1,1,61
"4096",4096,1,NA,61
"4097",4097,1,NA,62
"4098",4098,NA,NA,61
"4099",4099,NA,NA,61
"4100",4100,NA,NA,61
"4101",4101,NA,NA,61
"4102",4102,1,1,61
"4103",4103,1,1,62
"4104",4104,NA,1,61
"4105",4105,1,NA,61
"4106",4106,NA,1,61
"4107",4107,NA,NA,61
"4108",4108,NA,NA,63
"4109",4109,1,NA,61
"4110",4110,1,1,61
"4111",4111,NA,NA,NA
"4112",4112,1,1,61
"4113",4113,1,1,61
"4114",4114,1,1,61
"4115",4115,NA,1,61
"4116",4116,1,1,61
"4117",4117,NA,NA,61
"4118",4118,NA,NA,61
"4119",4119,1,1,61
"4120",4120,NA,NA,61
"4121",4121,1,1,61
"4122",4122,1,NA,NA
"4123",4123,NA,NA,61
"4124",4124,1,1,61
"4125",4125,NA,1,61
"4126",4126,1,1,61
"4127",4127,1,1,61
"4128",4128,NA,NA,NA
"4129",4129,1,1,61
"4130",4130,1,NA,61
"4131",4131,1,4,63
"4132",4132,1,NA,NA
"4133",4133,NA,1,61
"4134",4134,NA,1,61
"4135",4135,1,1,61
"4136",4136,NA,NA,63
"4137",4137,1,1,61
"4138",4138,1,1,61
"4139",4139,NA,NA,62
"4140",4140,NA,NA,NA
"4141",4141,1,1,61
"4142",4142,1,NA,NA
"4143",4143,NA,1,61
"4144",4144,NA,1,61
"4145",4145,1,1,61
"4146",4146,NA,1,61
"4147",4147,NA,NA,63
"4148",4148,1,NA,61
"4149",4149,1,1,61
"4150",4150,NA,1,61
"4151",4151,NA,NA,NA
"4152",4152,1,1,61
"4153",4153,NA,1,61
"4154",4154,NA,NA,NA
"4155",4155,1,1,61
"4156",4156,NA,NA,61
"4157",4157,NA,1,62
"4158",4158,1,1,61
"4159",4159,NA,NA,NA
"4160",4160,1,1,61
"4161",4161,1,1,61
"4162",4162,NA,NA,61
"4163",4163,1,1,61
"4164",4164,NA,1,61
"4165",4165,1,NA,61
"4166",4166,1,1,61
"4167",4167,NA,NA,NA
"4168",4168,1,1,61
"4169",4169,NA,NA,61
"4170",4170,NA,1,61
"4171",4171,1,1,61
"4172",4172,1,NA,61
"4173",4173,1,1,61
"4174",4174,1,1,61
"4175",4175,1,NA,61
"4176",4176,1,NA,62
"4177",4177,1,NA,61
"4178",4178,1,NA,61
"4179",4179,1,1,61
"4180",4180,1,1,61
"4181",4181,NA,NA,NA
"4182",4182,1,1,61
"4183",4183,NA,1,61
"4184",4184,1,1,61
"4185",4185,1,NA,61
"4186",4186,NA,NA,61
"4187",4187,NA,NA,61
"4188",4188,1,1,61
"4189",4189,1,1,61
"4190",4190,1,NA,61
"4191",4191,1,1,61
"4192",4192,NA,NA,61
"4193",4193,1,NA,NA
"4194",4194,NA,NA,63
"4195",4195,NA,NA,61
"4196",4196,NA,1,61
"4197",4197,1,1,61
"4198",4198,1,1,63
"4199",4199,1,1,61
"4200",4200,1,1,61
"4201",4201,1,1,61
"4202",4202,1,1,61
"4203",4203,1,1,61
"4204",4204,1,1,61
"4205",4205,NA,NA,61
"4206",4206,1,1,61
"4207",4207,NA,1,61
"4208",4208,NA,NA,62
"4209",4209,NA,NA,NA
"4210",4210,1,1,61
"4211",4211,1,1,61
"4212",4212,NA,NA,61
"4213",4213,NA,NA,61
"4214",4214,1,1,61
"4215",4215,1,1,61
"4216",4216,NA,NA,61
"4217",4217,NA,1,61
"4218",4218,1,NA,NA
"4219",4219,NA,NA,NA
"4220",4220,1,NA,61
"4221",4221,1,1,61
"4222",4222,NA,1,61
"4223",4223,NA,NA,61
"4224",4224,NA,NA,61
"4225",4225,NA,1,61
"4226",4226,1,1,61
"4227",4227,NA,NA,61
"4228",4228,NA,NA,61
"4229",4229,1,1,61
"4230",4230,NA,NA,61
"4231",4231,NA,NA,61
"4232",4232,NA,NA,NA
"4233",4233,NA,NA,61
"4234",4234,NA,NA,61
"4235",4235,1,1,61
"4236",4236,NA,NA,61
"4237",4237,NA,NA,NA
"4238",4238,1,1,61
"4239",4239,NA,NA,61
"4240",4240,1,1,61
"4241",4241,1,1,61
"4242",4242,1,1,61
"4243",4243,1,NA,62
"4244",10134,1,1,61
"4245",10091,NA,1,61
"4246",4246,NA,NA,NA
"4247",4247,1,1,61
"4248",10105,1,1,61
"4249",10150,1,1,61
"4250",4250,1,NA,61
"4251",4251,1,NA,61
"4252",4252,NA,1,61
"4253",4253,1,1,61
"4254",4254,1,1,61
"4255",10094,1,1,61
"4256",4256,NA,1,61
"4257",10233,1,1,61
"4258",10166,NA,1,61
"4259",10118,1,1,61
"4260",4260,1,1,61
"4261",4261,NA,NA,NA
"4262",4262,1,NA,61
"4263",4263,NA,NA,61
"4264",4264,1,1,61
"4265",10111,NA,NA,63
"4266",4266,1,NA,61
"4267",4267,NA,1,61
"4268",10181,NA,1,61
"4269",10108,1,1,61
"4270",4270,1,1,61
"4271",4271,NA,NA,62
"4272",4272,1,1,62
"4273",4273,NA,NA,NA
"4274",4274,NA,1,61
"4275",4275,NA,NA,61
"4276",4276,1,NA,61
"4277",4277,1,1,61
"4278",10119,NA,NA,63
"4279",10163,1,1,61
"4280",10133,1,1,61
"4281",4281,1,1,61
"4282",10123,1,1,61
"4283",10143,NA,1,61
"4284",10180,1,NA,63
"4285",10160,1,1,63
"4286",4286,NA,1,61
"4287",4287,NA,NA,61
"4288",10158,1,1,61
"4289",10097,1,1,61
"4290",10113,1,1,61
"4291",4291,1,1,61
"4292",10106,1,1,61
"4293",4293,1,1,61
"4294",4294,1,1,62
"4295",4295,NA,1,61
"4296",4296,1,1,61
"4297",4297,NA,NA,61
"4298",10135,1,1,62
"4299",4299,NA,1,61
"4300",10174,1,1,61
"4301",4301,1,1,61
"4302",4302,NA,NA,NA
"4303",4303,NA,NA,NA
"4304",4304,1,1,61
"4305",10203,NA,1,61
"4306",4306,1,1,61
"4307",4307,1,1,61
"4308",4308,1,1,61
"4309",4309,NA,1,61
"4310",4310,NA,1,61
"4311",4311,1,NA,NA
"4312",10102,NA,1,61
"4313",10138,1,1,61
"4314",4314,1,1,61
"4315",4315,NA,1,61
"4316",4316,NA,NA,61
"4317",10175,1,1,61
"4318",4318,1,1,61
"4319",4319,1,1,61
"4320",4320,NA,1,61
"4321",4321,1,1,61
"4322",10171,NA,1,61
"4323",4323,1,1,NA
"4324",4324,NA,NA,61
"4325",10129,NA,1,61
"4326",10157,NA,1,61
"4327",10156,1,1,61
"4328",10227,1,1,61
"4329",10112,1,1,61
"4330",10147,1,2,63
"4331",10124,1,1,61
"4332",4332,1,1,61
"4333",4333,1,1,61
"4334",4334,1,1,61
"4335",10139,1,1,61
"4336",10122,1,1,61
"4337",10179,1,1,61
"4338",10140,1,NA,61
"4339",10132,1,1,62
"4340",4340,1,NA,62
"4341",4341,1,1,62
"4342",4342,NA,NA,61
"4343",10167,1,NA,61
"4344",10161,1,1,61
"4345",4345,NA,NA,61
"4346",4346,1,1,61
"4347",4347,1,1,61
"4348",4348,1,1,61
"4349",4349,NA,2,61
"4350",10202,1,NA,61
"4351",4351,1,NA,NA
"4352",10192,1,1,61
"4353",4353,1,1,61
"4354",4354,1,1,61
"4355",4355,1,1,61
"4356",10232,1,1,61
"4357",4357,1,1,61
"4358",4358,1,1,61
"4359",4359,NA,NA,63
"4360",4360,1,1,61
"4361",10206,NA,1,61
"4362",4362,1,NA,NA
"4363",4363,1,1,61
"4364",10211,1,1,61
"4365",10207,1,NA,61
"4366",4366,NA,1,61
"4367",4367,1,NA,NA
"4368",10230,1,1,61
"4369",4369,NA,1,NA
"4370",10205,1,1,61
"4371",10221,NA,1,61
"4372",4372,1,1,61
"4373",4373,NA,1,61
"4374",4374,1,1,61
"4375",4375,1,1,61
"4376",4376,1,NA,61
"4377",4377,1,1,61
"4378",4378,1,1,61
"4379",4379,1,1,61
"4380",4380,1,NA,NA
"4381",4381,1,NA,NA
"4382",4382,1,1,61
"4383",4383,1,NA,NA
"4384",10223,NA,NA,NA
"4385",4385,1,1,61
"4386",4386,NA,NA,61
"4387",10209,1,1,61
"4388",4388,NA,NA,61
"4389",4389,1,NA,NA
"4390",10198,1,1,61
"4391",10208,1,1,61
"4392",4392,1,1,61
"4393",10215,1,1,61
"4394",4394,1,NA,NA
"4395",4395,NA,NA,61
"4396",4396,NA,NA,61
"4397",4397,1,NA,NA
"4398",4398,1,NA,NA
"4399",4399,1,NA,NA
"4400",4400,NA,NA,NA
"4401",4401,1,NA,NA
"4402",4402,NA,NA,NA
"4403",4403,1,1,61
"4404",4404,1,1,62
"4405",10222,1,1,61
"4406",4406,NA,NA,NA
"4407",4407,NA,NA,NA
"4408",10229,NA,1,61
"4409",4409,1,1,61
"4410",4410,1,NA,NA
"4411",4411,1,1,61
"4412",4412,1,1,NA
"4413",4413,1,1,61
"4414",4414,1,NA,61
"4415",4415,NA,NA,NA
"4416",4416,1,NA,NA
"4417",10200,1,1,61
"4418",10214,1,1,61
"4419",4419,1,NA,NA
"4420",4420,NA,NA,NA
"4421",4421,1,NA,NA
"4422",4422,NA,NA,61
"4423",4423,NA,NA,NA
"4424",10199,1,1,61
"4425",4425,1,NA,NA
"4426",4426,1,1,61
"4427",10224,1,1,61
"4428",4428,1,NA,NA
"4429",10220,1,1,61
"4430",4430,NA,NA,61
"4431",4431,1,1,61
"4432",4432,1,NA,NA
"4433",4433,1,NA,61
"4434",4434,NA,NA,NA
"4435",4435,1,1,62
"4436",4436,1,1,61
"4437",4437,NA,NA,NA
"4438",4438,NA,1,61
"4439",4439,1,1,61
"4440",10194,1,1,61
"4441",4441,1,1,61
"4442",4442,NA,NA,61
"4443",10226,1,1,61
"4444",4444,NA,NA,61
"4445",10212,1,1,61
"4446",4446,NA,1,61
"4447",4447,1,1,61
"4448",10228,1,1,61
"4449",4449,1,1,61
"4450",10219,1,1,61
"4451",4451,NA,NA,61
"4452",4452,1,1,61
"4453",4453,1,1,61
"4454",4454,NA,1,62
"4455",10225,1,NA,61
"4456",4456,NA,NA,NA
"4457",4457,NA,NA,NA
"4458",4458,1,1,61
"4459",10195,1,NA,61
"4460",4460,1,NA,61
"4461",4461,1,NA,61
"4462",4462,NA,NA,NA
"4463",4463,NA,NA,61
"4464",4464,NA,1,61
"4465",4465,NA,1,NA
"4466",4466,1,1,61
"4467",4467,1,1,NA
"4468",4468,1,1,61
"4469",4469,1,1,61
"4470",4470,1,1,61
"4471",4471,1,1,61
"4472",4472,NA,1,61
"4473",4473,1,1,61
"4474",4474,1,1,61
"4475",4475,NA,NA,NA
"4476",4476,NA,1,61
"4477",4477,NA,NA,NA
"4478",4478,NA,1,61
"4479",4479,NA,1,NA
"4480",4480,1,NA,61
"4481",4481,NA,NA,61
"4482",10204,1,1,61
"4483",4483,NA,1,61
"4484",4484,1,1,NA
"4485",4485,1,1,NA
"4486",4486,1,1,NA
"4487",4487,NA,NA,61
"4488",10234,1,1,61
"4489",4489,1,1,62
"4490",4490,NA,1,61
"4491",4491,1,NA,61
"4492",10231,NA,NA,61
"4493",4493,NA,NA,61
"4494",10196,1,1,61
"4495",10216,1,1,61
"4496",4496,1,1,63
"4497",4497,1,1,61
"4498",4498,NA,NA,NA
"4499",4499,1,1,61
"4500",4500,NA,1,61
"4501",4501,NA,NA,61
"4502",4502,1,1,61
"4503",4503,NA,NA,61
"4504",4504,1,NA,62
"4505",4505,NA,1,61
"4506",4506,1,NA,61
"4507",4507,1,1,61
"4508",4508,1,1,61
"4509",4509,1,1,61
"4510",4510,1,1,61
"4511",4511,1,1,61
"4512",4512,1,1,61
"4513",4513,NA,NA,61
"4514",4514,1,1,61
"4515",4515,1,NA,61
"4516",4516,1,1,61
"4517",4517,1,NA,61
"4518",4518,1,1,61
"4519",4519,1,1,61
"4520",4520,NA,1,61
"4521",4521,NA,NA,61
"4522",4522,1,1,61
"4523",4523,1,1,NA
"4524",4524,1,1,61
"4525",4525,1,1,61
"4526",4526,1,1,61
"4527",4527,1,1,NA
"4528",4528,1,1,61
"4529",4529,NA,1,62
"4530",4530,1,1,61
"4531",4531,NA,NA,62
"4532",4532,1,1,62
"4533",4533,NA,NA,NA
"4534",4534,1,1,61
"4535",4535,1,1,61
"4536",4536,1,1,61
"4537",4537,1,1,61
"4538",4538,1,1,61
"4539",4539,NA,NA,61
"4540",4540,NA,1,61
"4541",4541,1,1,61
"4542",4542,1,NA,63
"4543",4543,1,1,61
"4544",4544,1,1,61
"4545",4545,1,1,61
"4546",4546,NA,1,61
"4547",4547,1,1,61
"4548",4548,1,1,61
"4549",4549,NA,NA,61
"4550",4550,NA,1,61
"4551",4551,NA,1,61
"4552",4552,NA,NA,63
"4553",4553,NA,1,61
"4554",4554,1,1,61
"4555",4555,NA,NA,61
"4556",4556,1,1,61
"4557",4557,1,1,61
"4558",4558,NA,1,61
"4559",4559,1,1,61
"4560",4560,NA,NA,62
"4561",4561,NA,NA,NA
"4562",4562,1,1,61
"4563",4563,1,1,61
"4564",4564,NA,NA,61
"4565",4565,2,2,62
"4566",4566,1,1,61
"4567",10235,1,1,61
"4568",4568,1,1,61
"4569",4569,1,1,61
"4570",4570,1,NA,61
"4571",4571,NA,1,61
"4572",4572,1,NA,61
"4573",4573,1,1,61
"4574",4574,1,1,61
"4575",4575,1,1,61
"4576",4576,NA,1,61
"4577",4577,1,1,61
"4578",4578,1,1,61
"4579",4579,NA,NA,NA
"4580",4580,NA,NA,61
"4581",4581,1,1,61
"4582",4582,1,1,61
"4583",4583,NA,1,NA
"4584",4584,1,NA,61
"4585",4585,1,1,61
"4586",4586,1,1,61
"4587",4587,1,1,61
"4588",4588,1,NA,61
"4589",4589,1,1,61
"4590",4590,NA,1,61
"4591",4591,1,1,61
"4592",4592,1,1,61
"4593",4593,1,1,61
"4594",4594,1,NA,62
"4595",4595,1,1,61
"4596",4596,1,1,61
"4597",4597,1,1,61
"4598",4598,1,1,63
"4599",4599,NA,NA,61
"4600",4600,NA,1,61
"4601",4601,NA,1,61
"4602",4602,1,1,61
"4603",4603,NA,NA,61
"4604",4604,NA,NA,NA
"4605",4605,NA,NA,63
"4606",4606,1,1,61
"4607",4607,NA,1,61
"4608",4608,1,1,62
"4609",4609,1,1,61
"4610",4610,1,NA,61
"4611",4611,NA,NA,63
"4612",4612,1,1,61
"4613",4613,NA,1,61
"4614",4614,1,1,61
"4615",4615,NA,1,61
"4616",4616,1,NA,63
"4617",4617,1,NA,63
"4618",4618,1,1,61
"4619",4619,1,1,61
"4620",4620,1,1,61
"4621",4621,1,1,NA
"4622",4622,1,1,61
"4623",4623,1,1,61
"4624",4624,NA,NA,NA
"4625",4625,1,1,61
"4626",4626,NA,1,61
"4627",4627,NA,1,61
"4628",4628,1,1,61
"4629",4629,1,1,61
"4630",4630,1,NA,61
"4631",4631,1,1,61
"4632",4632,1,1,61
"4633",4633,1,1,61
"4634",4634,1,NA,61
"4635",4635,1,NA,61
"4636",4636,NA,1,61
"4637",4637,NA,1,NA
"4638",4638,1,1,61
"4639",4639,1,1,61
"4640",4640,1,1,61
"4641",4641,NA,1,61
"4642",4642,NA,NA,NA
"4643",4643,1,1,61
"4644",4644,1,NA,62
"4645",4645,1,1,61
"4646",4646,NA,NA,61
"4647",4647,1,1,61
"4648",4648,1,1,61
"4649",4649,1,1,61
"4650",4650,1,1,61
"4651",4651,1,1,61
"4652",4652,NA,1,61
"4653",4653,NA,NA,61
"4654",4654,1,1,61
"4655",4655,NA,1,61
"4656",4656,NA,NA,61
"4657",4657,1,NA,61
"4658",4658,1,1,61
"4659",4659,1,1,61
"4660",4660,NA,NA,NA
"4661",4661,NA,1,61
"4662",4662,NA,1,61
"4663",4663,1,1,61
"4664",4664,NA,1,61
"4665",4665,1,1,61
"4666",4666,NA,NA,61
"4667",4667,1,NA,61
"4668",4668,NA,NA,61
"4669",4669,NA,1,61
"4670",4670,NA,1,61
"4671",4671,1,1,61
"4672",4672,NA,NA,NA
"4673",4673,1,1,61
"4674",4674,1,1,61
"4675",4675,NA,NA,61
"4676",4676,1,1,61
"4677",4677,1,1,61
"4678",4678,1,1,61
"4679",4679,1,1,61
"4680",4680,1,NA,62
"4681",4681,1,NA,61
"4682",4682,1,1,61
"4683",4683,NA,1,61
"4684",4684,1,1,61
"4685",4685,1,1,61
"4686",4686,NA,1,61
"4687",4687,1,1,61
"4688",4688,1,1,61
"4689",4689,NA,1,61
"4690",4690,NA,1,61
"4691",4691,1,1,61
"4692",4692,1,1,61
"4693",4693,1,1,61
"4694",4694,NA,NA,61
"4695",4695,1,1,61
"4696",4696,1,1,62
"4697",4697,1,1,61
"4698",4698,1,1,61
"4699",4699,NA,NA,61
"4700",4700,NA,1,61
"4701",4701,NA,1,61
"4702",4702,1,1,61
"4703",4703,1,1,61
"4704",4704,NA,1,61
"4705",4705,NA,1,61
"4706",10217,1,1,61
"4707",4707,1,1,61
"4708",4708,1,1,61
"4709",4709,1,NA,61
"4710",4710,1,1,61
"4711",4711,NA,NA,61
"4712",4712,1,1,61
"4713",4713,NA,NA,61
"4714",4714,1,1,61
"4715",4715,1,1,61
"4716",4716,NA,1,62
"4717",4717,NA,NA,63
"4718",4718,NA,NA,62
"4719",4719,1,1,61
"4720",4720,1,1,61
"4721",4721,1,NA,62
"4722",4722,1,NA,61
"4723",4723,1,1,61
"4724",4724,NA,1,61
"4725",4725,NA,NA,NA
"4726",4726,1,NA,61
"4727",4727,1,1,61
"4728",4728,1,NA,61
"4729",4729,NA,NA,NA
"4730",4730,1,NA,NA
"4731",4731,NA,NA,NA
"4732",4732,1,1,61
"4733",4733,1,1,61
"4734",4734,NA,NA,61
"4735",4735,1,1,61
"4736",4736,1,1,61
"4737",4737,NA,NA,61
"4738",4738,1,1,61
"4739",4739,1,1,61
"4740",4740,NA,NA,61
"4741",4741,1,1,61
"4742",4742,1,1,61
"4743",4743,1,NA,61
"4744",4744,1,NA,61
"4745",4745,1,1,NA
"4746",4746,NA,NA,61
"4747",4747,1,1,62
"4748",4748,1,1,61
"4749",4749,NA,NA,61
"4750",4750,1,1,61
"4751",4751,NA,NA,61
"4752",4752,1,NA,61
"4753",4753,1,1,61
"4754",4754,1,1,61
"4755",4755,NA,NA,NA
"4756",4756,NA,NA,61
"4757",4757,NA,1,61
"4758",4758,1,NA,61
"4759",4759,1,NA,61
"4760",4760,NA,NA,61
"4761",4761,NA,1,61
"4762",4762,NA,NA,63
"4763",4763,1,1,61
"4764",4764,NA,1,NA
"4765",4765,NA,1,62
"4766",4766,NA,1,61
"4767",4767,1,1,61
"4768",4768,1,1,61
"4769",4769,1,1,61
"4770",4770,1,1,62
"4771",4771,NA,NA,61
"4772",4772,NA,1,61
"4773",4773,NA,1,61
"4774",4774,NA,NA,61
"4775",4775,1,NA,61
"4776",4776,1,1,61
"4777",4777,1,1,61
"4778",4778,NA,NA,NA
"4779",4779,1,1,61
"4780",4780,1,1,61
"4781",4781,NA,1,61
"4782",4782,NA,1,61
"4783",4783,NA,1,61
"4784",4784,NA,NA,61
"4785",4785,NA,NA,61
"4786",4786,1,NA,NA
"4787",4787,1,1,61
"4788",4788,1,NA,61
"4789",4789,1,1,61
"4790",4790,1,NA,61
"4791",4791,1,1,61
"4792",4792,1,1,61
"4793",4793,1,1,61
"4794",4794,NA,1,61
"4795",4795,1,NA,61
"4796",4796,1,1,61
"4797",4797,NA,NA,61
"4798",4798,NA,NA,61
"4799",4799,NA,1,61
"4800",4800,1,1,61
"4801",4801,NA,NA,61
"4802",4802,1,NA,61
"4803",4803,1,1,61
"4804",4804,1,1,61
"4805",4805,1,1,61
"4806",4806,1,NA,61
"4807",4807,NA,NA,NA
"4808",4808,NA,1,61
"4809",4809,1,1,61
"4810",4810,1,1,61
"4811",4811,1,1,61
"4812",4812,1,1,61
"4813",4813,1,1,61
"4814",4814,NA,NA,NA
"4815",4815,1,1,61
"4816",4816,1,1,61
"4817",4817,1,1,61
"4818",4818,1,NA,61
"4819",4819,1,NA,61
"4820",4820,1,1,NA
"4821",4821,NA,1,61
"4822",4822,1,1,61
"4823",4823,NA,NA,61
"4824",4824,NA,NA,61
"4825",4825,1,1,61
"4826",4826,1,1,61
"4827",4827,NA,NA,61
"4828",4828,1,1,61
"4829",4829,1,1,61
"4830",4830,1,1,62
"4831",4831,1,NA,61
"4832",4832,1,1,61
"4833",4833,NA,1,61
"4834",4834,NA,1,NA
"4835",4835,1,1,61
"4836",4836,1,NA,61
"4837",4837,1,NA,62
"4838",4838,1,1,61
"4839",4839,1,1,61
"4840",4840,1,1,61
"4841",4841,NA,NA,61
"4842",4842,1,NA,NA
"4843",4843,1,1,61
"4844",4844,NA,1,61
"4845",4845,NA,1,61
"4846",4846,1,1,61
"4847",4847,NA,1,61
"4848",4848,NA,1,61
"4849",4849,NA,NA,NA
"4850",4850,1,1,61
"4851",4851,1,1,61
"4852",4852,NA,NA,61
"4853",4853,1,1,61
"4854",4854,NA,1,61
"4855",4855,1,1,61
"4856",4856,1,1,61
"4857",4857,1,NA,61
"4858",4858,1,1,61
"4859",4859,1,NA,61
"4860",4860,1,1,61
"4861",4861,1,1,61
"4862",4862,1,1,61
"4863",4863,NA,1,61
"4864",4864,NA,NA,61
"4865",4865,1,1,61
"4866",4866,NA,1,61
"4867",4867,1,1,61
"4868",4868,1,1,61
"4869",4869,NA,NA,NA
"4870",4870,1,NA,61
"4871",4871,1,1,61
"4872",4872,1,1,61
"4873",4873,1,NA,61
"4874",4874,1,1,61
"4875",4875,1,1,NA
"4876",4876,1,1,61
"4877",4877,NA,NA,NA
"4878",4878,1,1,61
"4879",4879,1,NA,61
"4880",4880,1,1,61
"4881",4881,1,1,61
"4882",4882,NA,NA,61
"4883",4883,1,1,61
"4884",4884,1,1,61
"4885",4885,NA,NA,61
"4886",4886,NA,NA,61
"4887",4887,NA,NA,61
"4888",4888,1,2,61
"4889",4889,1,1,61
"4890",4890,NA,NA,NA
"4891",4891,1,1,61
"4892",4892,1,1,61
"4893",4893,1,1,61
"4894",4894,NA,3,NA
"4895",4895,1,1,61
"4896",4896,1,NA,61
"4897",4897,1,1,61
"4898",4898,NA,NA,NA
