ff_id,SC9,SC9_SE
2,-0.924,0.467
4,0.112,0.53
5,0.865,0.684
6,-0.956,0.496
8,0.309,0.576
11,-0.882,0.508
19,-0.01,0.511
20,-0.836,0.471
22,0.865,0.684
23,0.309,0.576
24,-0.364,0.503
26,-0.591,0.478
29,-0.826,0.482
31,-0.085,0.497
34,-0.091,0.521
38,-1.135,0.455
41,-0.01,0.511
42,0.865,0.684
43,-0.49,0.475
44,-0.18,0.51
45,-0.161,0.535
46,0.309,0.576
47,-1.022,0.455
48,0.865,0.684
49,0.447,0.59
52,0.056,0.527
56,-0.857,0.464
58,0.447,0.59
59,-0.936,0.455
63,0.32,0.557
66,-0.591,0.47
68,0.053,0.522
69,0.865,0.684
71,-0.085,0.497
73,-0.961,0.455
74,-1.301,0.491
75,-0.431,0.478
77,-0.436,0.508
83,-0.273,0.507
86,0.865,0.684
87,0.865,0.684
88,-0.223,0.5
89,-0.161,0.535
90,-0.627,0.474
91,-0.99,0.456
93,0.865,0.684
95,0.235,0.539
96,0.865,0.684
97,-0.161,0.535
98,-1.894,0.518
*,0.32,0.557
100,0.175,0.546
101,0.865,0.684
102,0.865,0.684
103,0.175,0.546
104,0.447,0.59
105,0.056,0.527
106,0.112,0.53
107,-1.112,0.487
109,-0.313,0.513
110,0.235,0.539
112,-0.306,0.522
116,-0.554,0.457
117,0.865,0.684
118,0.238,0.538
120,0.865,0.684
122,-0.18,0.51
123,0.865,0.684
125,0.865,0.684
126,-0.306,0.522
127,-0.652,0.457
128,-0.387,0.504
130,0.865,0.684
132,-1.093,0.479
133,-0.765,0.456
135,0.238,0.538
136,0.235,0.539
137,-0.828,0.457
139,-0.762,0.474
144,-2.275,0.566
146,0.865,0.684
147,0.865,0.684
148,0.865,0.684
149,-0.145,0.553
150,0.293,0.627
151,-0.14,0.487
152,0.053,0.522
156,-0.796,0.456
158,0.309,0.576
159,0.235,0.539
160,-0.205,0.504
161,-0.559,0.47
162,-1.154,0.455
164,-0.521,0.476
165,-0.31,0.489
166,-0.205,0.504
167,-1.302,0.456
168,-0.15,0.513
170,0.194,0.566
171,0.865,0.684
172,-0.091,0.521
175,0.194,0.566
177,0.007,0.558
179,0.175,0.546
181,-1.308,0.492
182,0.865,0.684
183,0.865,0.684
185,-0.554,0.457
187,-0.286,0.482
188,0.238,0.538
191,0.007,0.558
195,-0.075,0.516
197,-0.15,0.513
198,0.865,0.684
200,0.865,0.684
202,-0.882,0.508
203,-0.01,0.511
204,0.865,0.684
205,-0.707,0.501
206,-1.179,0.498
207,-1.572,0.518
210,-1.003,0.504
213,0.865,0.684
216,-0.582,0.506
217,0.865,0.684
218,0.194,0.566
219,-0.18,0.51
221,-0.582,0.506
222,0.32,0.557
226,0.865,0.684
228,0.447,0.59
230,-0.826,0.482
231,0.865,0.684
232,0.056,0.527
234,0.865,0.684
238,-0.087,0.495
239,0.865,0.684
242,0.045,0.539
243,-1.543,0.486
244,0.447,0.59
245,-0.322,0.483
246,0.309,0.576
248,-0.612,0.484
249,-0.091,0.521
250,0.865,0.684
251,-0.903,0.457
252,-0.49,0.475
253,-1.259,0.47
258,-0.46,0.487
263,0.32,0.557
264,0.447,0.59
267,-2.275,0.566
269,-1.166,0.486
271,0.238,0.538
272,0.053,0.522
274,-1.187,0.472
275,0.865,0.684
276,0.865,0.684
277,-0.46,0.487
278,-0.554,0.457
279,-0.055,0.517
280,0.865,0.684
285,0.194,0.566
287,0.865,0.684
288,0.865,0.684
289,-0.332,0.474
291,0.235,0.539
292,-0.523,0.5
293,0.007,0.558
294,0.865,0.684
295,-0.466,0.488
296,-0.087,0.495
297,-0.641,0.469
298,0.238,0.538
299,-1.941,0.514
301,-0.378,0.48
304,0.053,0.522
306,-0.332,0.474
312,-0.286,0.482
313,0.309,0.576
315,0.865,0.684
317,0.865,0.684
318,-0.882,0.508
319,-0.523,0.5
320,0.865,0.684
321,0.865,0.684
322,0.865,0.684
324,-0.087,0.495
325,-1.17,0.49
326,-0.421,0.472
327,0.238,0.538
330,-0.591,0.474
331,-0.582,0.506
333,0.865,0.684
334,0.865,0.684
335,0.865,0.684
336,0.865,0.684
339,-0.15,0.513
340,-1.723,0.49
341,0.865,0.684
342,0.007,0.558
343,-0.523,0.5
344,0.865,0.684
345,-0.516,0.505
346,0.865,0.684
347,0.194,0.566
348,0.056,0.527
349,0.238,0.538
352,-0.603,0.476
353,-0.849,0.473
354,0.865,0.684
357,-0.055,0.517
358,-1.824,0.544
359,0.309,0.576
360,-0.461,0.479
361,0.865,0.684
362,-1.504,0.507
364,-0.551,0.506
366,-0.638,0.464
367,-0.591,0.47
368,0.447,0.59
369,-0.205,0.504
371,-0.554,0.457
372,-0.31,0.492
374,0.238,0.538
375,-0.31,0.492
376,0.238,0.538
377,0.865,0.684
378,0.865,0.684
379,-0.591,0.478
380,-0.903,0.457
381,0.32,0.557
384,-0.95,0.482
385,0.309,0.576
386,-0.755,0.511
388,0.865,0.684
389,0.865,0.684
390,0.447,0.59
391,-0.01,0.511
393,0.865,0.684
394,0.865,0.684
395,-0.085,0.497
396,-0.332,0.474
397,-0.494,0.496
398,0.865,0.684
399,-1.146,0.456
401,-1.328,0.482
402,0.865,0.684
403,0.238,0.538
404,0.235,0.539
405,0.865,0.684
407,0.007,0.558
408,-0.42,0.493
409,0.238,0.538
410,-0.055,0.517
412,-1.104,0.495
413,0.447,0.59
414,-0.15,0.513
415,0.238,0.538
417,-1.512,0.48
421,0.865,0.684
423,0.865,0.684
425,0.865,0.684
426,-0.756,0.481
427,0.865,0.684
428,-0.616,0.502
429,-0.666,0.473
430,-0.313,0.513
438,0.865,0.684
441,0.078,0.575
442,-0.498,0.479
443,0.865,0.684
444,-0.087,0.495
445,0.309,0.576
446,-0.14,0.487
448,0.238,0.538
450,0.045,0.539
452,0.865,0.684
453,-1.425,0.493
455,-1.994,0.521
458,0.447,0.59
459,0.865,0.684
460,-0.657,0.498
461,0.238,0.538
462,0.447,0.59
464,-0.013,0.509
465,-2.275,0.566
470,0.045,0.539
472,0.865,0.684
473,-0.174,0.562
475,-0.394,0.477
479,0.865,0.684
480,-0.421,0.472
481,0.32,0.557
482,0.175,0.546
483,-0.01,0.511
484,-0.847,0.485
489,0.865,0.684
491,0.865,0.684
493,-0.765,0.456
495,0.235,0.539
496,-0.427,0.472
498,-0.31,0.489
499,0.32,0.557
500,0.447,0.59
503,0.865,0.684
504,0.238,0.538
505,0.32,0.557
506,0.309,0.576
509,0.194,0.566
510,-0.829,0.473
513,0.238,0.538
514,0.309,0.576
515,0.32,0.557
516,0.865,0.684
517,-1.434,0.483
518,-0.755,0.511
519,-0.387,0.504
522,-1.049,0.456
524,-1.767,0.562
525,0.865,0.684
526,-2.275,0.566
527,-0.521,0.476
528,0.865,0.684
531,-0.01,0.511
532,0.865,0.684
533,-1.16,0.47
534,-1.093,0.479
535,0.194,0.566
536,0.865,0.684
537,-0.387,0.504
538,0.865,0.684
539,0.865,0.684
541,0.056,0.527
544,-0.523,0.5
545,-2.275,0.566
550,0.865,0.684
551,0.309,0.576
552,0.865,0.684
557,-0.24,0.492
558,-1.135,0.455
560,0.112,0.53
561,0.309,0.576
562,0.175,0.546
564,0.235,0.539
565,-0.516,0.505
566,-1.12,0.483
567,0.865,0.684
570,-0.353,0.489
571,-1.055,0.601
573,0.32,0.557
575,0.447,0.59
578,0.865,0.684
579,-0.564,0.474
581,0.007,0.558
582,0.865,0.684
583,0.194,0.566
584,-0.115,0.505
585,-0.436,0.508
586,-0.755,0.511
587,-1.042,0.455
588,-0.387,0.504
589,-0.386,0.466
590,-1.124,0.481
593,0.045,0.539
595,-0.643,0.475
596,-0.286,0.482
598,-0.306,0.522
599,-0.582,0.506
600,-0.564,0.474
602,-0.195,0.545
603,0.175,0.546
604,0.309,0.576
605,0.865,0.684
610,-0.828,0.457
611,-0.24,0.492
613,-0.21,0.501
614,-0.534,0.49
616,-2.275,0.566
617,0.053,0.522
619,-0.386,0.512
622,0.194,0.566
623,-1.077,0.469
625,0.865,0.684
626,0.865,0.684
627,0.745,0.722
628,0.32,0.557
629,-0.636,0.457
632,0.865,0.684
635,-0.01,0.511
636,0.32,0.557
637,-0.364,0.503
640,0.865,0.684
642,-0.289,0.483
643,-0.192,0.511
646,0.238,0.538
647,-0.122,0.504
648,0.865,0.684
649,-0.386,0.512
650,0.865,0.684
651,0.238,0.538
653,0.194,0.566
656,0.865,0.684
657,0.865,0.684
658,-0.67,0.476
659,-0.93,0.472
660,0.865,0.684
661,0.194,0.566
662,-0.013,0.509
663,0.053,0.522
664,-1.384,0.476
666,0.007,0.558
667,0.32,0.557
668,-0.161,0.535
669,-0.759,0.471
671,-1.625,0.513
672,-0.472,0.471
674,-1.606,0.481
675,-1.473,0.479
676,-0.67,0.476
677,0.194,0.566
679,-1.685,0.484
680,0.865,0.684
682,-0.091,0.521
683,-0.809,0.456
685,-0.473,0.475
686,-0.114,0.506
687,-0.67,0.476
688,0.194,0.566
690,-0.36,0.503
691,0.447,0.59
692,-0.461,0.479
693,0.053,0.522
694,0.309,0.576
697,0.007,0.558
699,-0.989,0.471
700,0.865,0.684
701,0.865,0.684
702,0.045,0.539
703,-1.894,0.503
704,0.865,0.684
705,-0.676,0.464
706,0.865,0.684
707,-1.078,0.463
710,-0.956,0.463
711,-0.332,0.474
713,0.865,0.684
717,-0.161,0.535
718,0.865,0.684
719,-0.657,0.498
720,-0.494,0.496
721,0.053,0.522
722,0.865,0.684
723,-0.055,0.517
726,-0.087,0.495
727,-2.275,0.566
728,-2.275,0.566
729,0.447,0.59
732,0.865,0.684
734,-0.636,0.457
735,-0.161,0.535
737,0.112,0.53
739,0.865,0.684
740,0.194,0.566
741,0.007,0.558
742,-1.219,0.466
743,0.238,0.538
744,-0.903,0.457
745,-1.274,0.464
746,0.745,0.722
747,0.865,0.684
749,-0.649,0.477
751,0.447,0.59
753,0.865,0.684
754,0.865,0.684
759,-0.636,0.457
760,0.32,0.557
761,0.865,0.684
762,-0.986,0.463
763,0.309,0.576
764,0.865,0.684
765,-1.52,0.477
767,0.865,0.684
769,-0.612,0.463
770,0.309,0.576
771,0.238,0.538
772,-0.857,0.464
773,-1.112,0.487
774,-0.795,0.47
776,-1.385,0.465
780,0.865,0.684
781,0.32,0.557
783,0.865,0.684
784,-0.582,0.506
785,0.865,0.684
787,0.447,0.59
789,-0.313,0.513
791,0.007,0.558
796,-0.755,0.511
798,-1.087,0.463
799,0.865,0.684
800,-0.386,0.466
802,0.045,0.539
803,-0.14,0.487
804,-0.308,0.497
805,-0.554,0.457
806,-1.606,0.481
807,-2.275,0.566
809,-0.582,0.506
810,0.238,0.538
811,0.447,0.59
812,0.238,0.538
813,0.865,0.684
814,-0.461,0.479
815,-0.161,0.535
816,0.865,0.684
820,-0.18,0.51
821,-1.085,0.463
822,-1.083,0.469
824,-1.504,0.507
826,-1.561,0.48
827,-0.66,0.475
828,-0.286,0.482
830,-0.881,0.481
831,0.32,0.557
833,-1.114,0.455
835,-0.37,0.49
838,-0.516,0.505
839,-0.114,0.506
840,0.447,0.59
841,0.865,0.684
842,-0.556,0.497
843,0.865,0.684
844,-0.568,0.477
845,0.865,0.684
846,0.053,0.522
847,-0.523,0.509
848,0.865,0.684
849,0.865,0.684
850,-1.087,0.463
851,-1.128,0.49
852,0.865,0.684
853,0.056,0.527
854,0.865,0.684
855,0.865,0.684
856,0.32,0.557
858,0.865,0.684
859,0.865,0.684
860,0.053,0.522
862,0.309,0.576
863,0.447,0.59
865,0.194,0.566
866,0.309,0.576
868,0.007,0.558
869,-0.538,0.476
870,0.865,0.684
871,-1.994,0.524
872,-0.516,0.505
873,-0.857,0.464
874,0.865,0.684
875,-0.495,0.494
876,0.007,0.558
880,-0.377,0.477
882,0.865,0.684
883,-1.303,0.466
885,0.32,0.557
888,-1.645,0.479
889,-0.365,0.506
890,0.007,0.558
10177,0.007,0.558
892,-1.9,0.516
896,-0.49,0.475
897,-0.955,0.484
898,0.865,0.684
899,0.865,0.684
900,-0.495,0.494
901,-0.436,0.508
903,0.056,0.527
904,0.447,0.59
906,-0.143,0.524
908,-0.956,0.456
910,0.865,0.684
911,-0.363,0.498
912,-0.091,0.521
913,0.447,0.59
914,-0.085,0.497
915,-0.055,0.517
917,0.235,0.539
919,0.238,0.538
922,0.865,0.684
923,0.309,0.576
924,0.865,0.684
925,-2.275,0.566
926,0.865,0.684
927,-1.994,0.524
928,0.865,0.684
929,-1.819,0.508
930,-0.37,0.49
932,0.045,0.539
933,0.865,0.684
934,0.865,0.684
935,-0.516,0.505
936,-0.013,0.509
937,0.235,0.539
938,-0.956,0.496
10184,0.447,0.59
940,0.865,0.684
941,-0.896,0.471
943,0.865,0.684
945,-0.921,0.521
946,-0.657,0.498
948,0.865,0.684
950,0.194,0.566
951,-0.636,0.457
952,-1.994,0.521
953,-1.894,0.503
954,0.865,0.684
956,-1.819,0.508
957,0.056,0.527
958,0.865,0.684
959,0.053,0.522
960,-0.306,0.522
961,-1.504,0.507
963,-2.275,0.566
964,0.865,0.684
965,0.056,0.527
967,-0.565,0.469
968,0.865,0.684
969,-1.466,0.554
970,0.865,0.684
972,0.447,0.59
973,-1.894,0.503
975,0.194,0.566
976,-0.554,0.457
977,0.865,0.684
978,-0.534,0.49
979,0.016,0.525
981,-1.994,0.521
982,-1.093,0.469
984,0.865,0.684
985,-0.863,0.479
986,0.865,0.684
987,0.32,0.557
988,-1.894,0.503
989,0.865,0.684
990,0.309,0.576
991,0.056,0.527
992,-0.431,0.478
993,-0.514,0.471
994,-0.15,0.513
10019,0.238,0.538
998,0.865,0.684
10100,-1.606,0.481
10153,0.865,0.684
10023,0.865,0.684
10033,0.112,0.53
1003,-0.762,0.474
10107,0.865,0.684
10187,0.865,0.684
1008,-0.755,0.511
10014,0.865,0.684
10136,-0.191,0.492
10137,0.112,0.53
10018,0.865,0.684
1019,0.007,0.558
10148,0.194,0.566
1022,0.865,0.684
1025,0.865,0.684
10128,0.447,0.59
1027,0.865,0.684
1028,0.045,0.539
10115,-2.275,0.566
10021,0.194,0.566
10185,0.235,0.539
10013,0.447,0.59
10237,-2.275,0.566
1035,0.865,0.684
10047,-0.612,0.489
10064,0.865,0.684
1039,0.053,0.522
10015,0.447,0.59
1041,-0.091,0.521
10011,-1.356,0.484
10152,-0.495,0.494
10034,-0.091,0.521
1048,0.056,0.527
10050,-0.77,0.467
1051,-0.332,0.474
1053,-2.275,0.566
1054,-0.588,0.477
10089,0.056,0.527
1056,-0.378,0.48
10055,0.865,0.684
1058,0.056,0.527
1059,-0.18,0.51
10032,-1.425,0.493
10039,-0.765,0.456
1063,0.447,0.59
10012,-0.538,0.476
10063,0.865,0.684
10170,0.235,0.539
10084,0.447,0.59
10046,-0.956,0.474
10027,0.865,0.684
1071,-0.636,0.457
1072,-1.392,0.465
1074,-0.161,0.535
10009,0.865,0.684
10083,-0.572,0.496
10085,0.447,0.59
10077,-0.286,0.479
10004,-0.161,0.535
10104,0.865,0.684
10081,0.865,0.684
10054,0.865,0.684
10076,0.865,0.684
10036,-0.353,0.489
10078,-0.882,0.508
10088,-0.744,0.476
10030,-1.687,0.482
1091,-0.295,0.507
10005,-0.998,0.462
10114,-0.31,0.492
10090,-0.652,0.457
1099,-0.286,0.482
10164,-1.819,0.508
10048,-1.35,0.464
10190,0.007,0.558
1104,0.447,0.59
1105,-0.679,0.485
10010,-0.554,0.477
1108,-0.353,0.489
10201,0.112,0.53
1110,-1.088,0.482
1111,0.32,0.557
10154,-0.755,0.511
10003,-0.286,0.482
10075,0.309,0.576
10176,-0.986,0.463
10038,-0.309,0.5
10053,0.32,0.557
10116,0.865,0.684
1122,-0.01,0.511
10236,-1.572,0.518
10096,-1.793,0.512
10043,-2.275,0.566
1128,-0.715,0.502
10127,-0.771,0.484
10173,0.865,0.684
1133,0.865,0.684
1134,0.309,0.576
1135,-0.192,0.511
10210,0.865,0.684
10024,0.865,0.684
1139,0.194,0.566
10022,0.865,0.684
1143,-0.927,0.455
10026,0.865,0.684
10188,-1.261,0.47
1146,-0.407,0.496
1147,-0.712,0.457
1148,0.865,0.684
1149,0.007,0.558
10007,0.865,0.684
10079,-1.494,0.488
10159,-0.754,0.486
1155,-0.01,0.511
1156,0.447,0.59
10131,-0.715,0.479
10218,-0.013,0.509
10120,-0.306,0.522
1161,0.309,0.576
10125,0.447,0.59
1163,0.309,0.576
10008,0.865,0.684
10146,-0.18,0.51
1168,0.865,0.684
10130,0.32,0.557
10052,-1.997,0.605
1173,0.865,0.684
1175,-0.551,0.506
10141,-0.466,0.488
1179,-1.029,0.474
10095,0.175,0.546
10045,0.447,0.59
10037,0.007,0.558
1183,0.865,0.684
1184,-0.42,0.493
1185,0.007,0.558
10144,-0.31,0.489
1187,-0.407,0.496
1188,-0.167,0.563
10109,0.865,0.684
10183,-0.603,0.476
1191,0.309,0.576
1193,-0.161,0.535
1194,0.32,0.557
10031,0.865,0.684
10178,-0.715,0.502
10151,-0.739,0.456
10042,0.865,0.684
1199,-0.085,0.497
10117,0.045,0.539
10099,-0.395,0.479
1204,0.053,0.522
10020,-0.998,0.481
10069,0.007,0.604
10145,0.865,0.684
10066,0.865,0.684
10025,-0.01,0.511
10110,-0.091,0.521
10056,0.865,0.684
1213,0.235,0.539
1214,-0.075,0.516
10098,-1.723,0.49
10057,0.447,0.59
10006,0.112,0.53
1219,-0.192,0.511
10126,0.238,0.871
10073,0.865,0.684
10060,-0.735,0.476
10062,-1.023,0.491
10142,-1.329,0.496
1229,0.447,0.59
1230,-0.591,0.474
10065,-0.143,0.524
10061,-0.332,0.474
10103,0.194,0.566
1236,0.865,0.684
1237,-0.998,0.481
1238,0.194,0.566
10051,0.309,0.576
1240,-1.994,0.524
1244,-0.274,0.5
10213,0.32,0.557
10093,-0.01,0.511
10092,0.865,0.684
10149,0.238,0.538
10041,-0.826,0.482
10169,-0.205,0.504
1252,-0.762,0.474
10070,-0.568,0.477
1255,-0.37,0.49
1256,0.32,0.557
1257,0.865,0.684
1260,-0.087,0.495
1262,-0.173,0.504
10059,-0.819,0.479
1264,-0.467,0.48
1266,-0.161,0.535
10068,-1.093,0.479
1268,0.447,0.59
10058,-1.306,0.467
1271,-0.739,0.456
1272,0.865,0.684
1273,-0.516,0.505
1274,0.056,0.527
10168,0.865,0.684
1276,0.865,0.684
10035,-1.247,0.478
1278,-0.728,0.463
10172,0.238,0.538
10186,0.32,0.557
1281,0.865,0.684
10016,-0.521,0.476
10002,-0.514,0.471
10040,0.056,0.527
10080,-0.472,0.471
10071,-0.313,0.513
10191,0.447,0.59
1288,0.447,0.59
1289,0.175,0.546
1290,0.053,0.522
10028,0.053,0.522
10086,0.32,0.557
10017,-0.055,0.517
10067,0.865,0.684
1297,0.865,0.684
1299,0.112,0.53
10049,0.235,0.539
10072,0.865,0.684
1304,0.865,0.684
1306,0.194,0.566
10155,-0.192,0.511
1309,0.865,0.684
10121,-1.211,0.476
10087,0.865,0.684
10029,-0.41,0.486
10044,-0.77,0.467
10082,0.865,0.684
1316,0.865,0.684
1317,-1.107,0.475
1318,-0.055,0.517
1321,0.865,0.684
1322,-0.013,0.509
1323,-0.622,0.463
1324,0.056,0.527
1325,0.007,0.558
1327,-0.852,0.472
1328,-0.332,0.474
1329,-1.361,0.472
1332,-0.295,0.507
1333,-1.128,0.49
1335,-0.551,0.506
1336,-0.973,0.478
1338,-0.642,0.489
1341,-1.023,0.491
1342,0.865,0.684
1343,-0.24,0.492
1344,-0.67,0.476
1345,-0.549,0.498
1346,-2.275,0.566
1348,-0.911,0.475
1349,-0.501,0.472
1350,0.238,0.538
1351,-2.275,0.566
1353,-0.087,0.495
1354,-0.893,0.456
1355,0.056,0.527
1356,-0.114,0.506
1357,-0.31,0.492
1358,0.447,0.59
1359,0.865,0.684
1360,0.447,0.59
1363,0.309,0.576
1364,0.007,0.558
1365,0.007,0.558
1366,-0.085,0.497
1368,0.865,0.684
1369,-0.831,0.474
1370,-0.755,0.511
1371,0.865,0.684
1374,0.865,0.684
1375,-0.92,0.466
1377,-0.213,0.599
1379,-0.313,0.513
1380,-0.21,0.501
1383,-2.275,0.566
1384,0.865,0.684
1385,-0.013,0.509
1386,-0.582,0.506
1390,0.865,0.684
1392,-0.556,0.497
1393,-0.551,0.506
1396,-0.735,0.476
1397,0.865,0.684
1398,-0.01,0.511
1399,-0.332,0.474
1400,0.865,0.684
1401,-0.055,0.517
1402,0.865,0.684
1403,-1.171,0.467
1404,-2.275,0.566
1407,0.865,0.684
1408,0.32,0.557
1410,-0.286,0.482
1411,0.309,0.576
1413,0.238,0.538
1416,-0.551,0.506
1417,-0.173,0.504
1418,0.865,0.684
1419,-0.407,0.496
1421,-0.739,0.456
1422,0.078,0.575
1426,0.865,0.684
1427,-0.075,0.516
1428,0.309,0.576
1430,0.865,0.684
1431,0.238,0.538
1432,-0.627,0.474
1437,-0.481,0.487
1438,-0.091,0.521
1439,0.447,0.59
1440,0.865,0.684
1441,0.865,0.684
1442,-1.195,0.488
1443,0.865,0.684
1445,0.865,0.684
1447,0.865,0.684
1448,0.235,0.539
1449,-0.652,0.457
1450,-0.055,0.517
1451,0.32,0.557
1452,0.007,0.558
1453,-1.256,0.567
1454,0.865,0.684
1455,0.865,0.684
1456,0.865,0.684
1457,-0.554,0.457
1459,-0.638,0.469
1462,-0.903,0.457
1463,-0.286,0.482
1464,0.865,0.684
1465,-0.122,0.504
1469,0.865,0.684
1470,0.053,0.522
1471,-0.37,0.49
1475,0.865,0.684
1476,-0.295,0.507
1478,-0.309,0.5
1479,0.238,0.538
1482,-0.091,0.521
1484,0.865,0.684
1487,0.865,0.684
1489,0.865,0.684
1490,-0.091,0.521
1493,0.32,0.557
1497,-1.368,0.464
1499,0.865,0.684
1501,-1.227,0.455
1502,-0.978,0.484
1503,-0.085,0.497
1505,-1.68,0.493
1507,-0.241,0.485
1508,0.865,0.684
1509,0.32,0.557
1510,0.865,0.684
1511,0.865,0.684
1512,-0.286,0.482
1513,0.194,0.566
1515,-0.273,0.507
1518,0.865,0.684
1519,0.447,0.59
1521,0.865,0.684
1522,-1.17,0.49
1524,0.447,0.59
1525,-0.161,0.535
1526,0.865,0.684
1527,0.112,0.53
1528,0.865,0.684
1530,0.865,0.684
1532,-0.286,0.482
1535,-0.202,0.494
1537,-0.309,0.5
1538,0.82,0.705
1542,0.447,0.59
1545,-0.777,0.491
1548,0.865,0.684
1549,0.194,0.566
1550,0.865,0.684
1551,0.045,0.539
1552,0.007,0.558
1553,-0.755,0.511
1554,-0.915,0.456
1555,0.865,0.684
1557,0.056,0.527
1558,-0.498,0.479
1561,0.865,0.684
1563,0.865,0.684
1566,0.447,0.59
1567,-1.329,0.496
1569,-0.332,0.474
1571,0.865,0.684
1572,-1.819,0.508
1573,0.865,0.684
1577,-1.014,0.488
1579,0.865,0.684
1582,-1.249,0.477
1583,-0.053,0.566
1586,0.865,0.684
1587,-0.173,0.504
1588,0.865,0.684
1589,-1.68,0.493
1591,-1.572,0.518
1592,0.059,0.587
1594,0.007,0.558
1597,-0.241,0.485
1598,-0.306,0.522
1599,-0.461,0.479
1601,0.235,0.539
1604,0.238,0.538
1605,0.309,0.576
1607,0.865,0.684
1609,0.865,0.684
1610,-0.18,0.51
1612,0.447,0.59
1614,-0.431,0.478
1616,-0.554,0.457
1619,0.045,0.539
1620,-0.387,0.481
1622,0.309,0.576
1623,-0.295,0.507
1624,-0.41,0.486
1627,-0.715,0.502
1630,0.447,0.59
1632,-0.205,0.504
1635,0.194,0.566
1636,0.865,0.684
1638,0.865,0.684
1639,0.865,0.684
1641,-1.045,0.463
1642,-0.143,0.524
1644,-0.365,0.506
1647,0.447,0.59
1649,0.112,0.53
1650,0.865,0.684
1652,0.865,0.684
1655,0.865,0.684
1656,-0.223,0.5
1657,0.865,0.684
1659,-1.068,0.456
1660,-0.486,0.477
1664,-0.295,0.507
1665,0.865,0.684
1666,-0.286,0.482
1667,0.865,0.684
1668,0.045,0.539
1670,-0.554,0.457
1671,0.865,0.684
1672,-1.135,0.455
1675,0.865,0.684
1676,-1.572,0.518
1677,-0.15,0.513
1680,0.865,0.684
1681,-0.18,0.51
1682,-1.052,0.465
1683,0.865,0.684
1685,-1.049,0.485
1686,-0.551,0.506
1687,-1.308,0.492
1690,-0.013,0.509
1691,-0.161,0.535
1692,-0.987,0.456
1694,0.007,0.558
1696,-0.748,0.473
1697,-0.516,0.505
1698,0.865,0.684
1699,0.238,0.538
1701,0.238,0.538
1702,0.865,0.684
1703,0.32,0.557
1704,0.865,0.684
1706,-0.811,0.477
1708,0.865,0.684
1710,-0.205,0.504
1711,-0.143,0.524
1712,-0.143,0.524
1713,-0.99,0.456
1714,0.865,0.684
1716,0.865,0.684
1719,-1.425,0.468
1720,0.194,0.566
1721,0.238,0.538
1722,0.32,0.557
1723,-1.114,0.455
1724,-0.755,0.511
1725,0.865,0.684
1726,0.865,0.684
1727,-1.468,0.465
1728,-0.085,0.497
1730,0.32,0.557
1731,0.865,0.684
1734,-0.591,0.47
1735,-0.612,0.484
1736,0.865,0.684
1739,-0.521,0.476
1742,0.865,0.684
1744,0.865,0.684
1745,-0.241,0.485
1746,-1.112,0.456
1748,0.235,0.539
1749,0.865,0.684
1751,-0.332,0.474
1752,-1.329,0.496
1753,-1.249,0.477
1754,-1.402,0.487
1755,-0.013,0.509
1756,0.865,0.684
1757,-0.756,0.481
1758,0.286,0.641
1759,0.056,0.527
1760,0.865,0.684
1761,-0.386,0.466
1762,0.238,0.538
1764,0.447,0.59
1765,0.235,0.539
1767,-1.128,0.49
1769,-0.835,0.463
1772,-0.309,0.5
1773,-1.819,0.508
1776,0.235,0.539
1777,0.865,0.684
1779,-0.901,0.462
1780,-0.582,0.506
1781,0.865,0.684
1782,0.053,0.522
1783,0.309,0.576
1784,-0.914,0.481
1785,0.447,0.59
1786,0.865,0.684
1788,-0.728,0.463
1789,-0.93,0.472
1790,-1.757,0.498
1791,0.32,0.557
1793,-1.364,0.465
1794,-0.771,0.484
1795,0.865,0.684
1796,0.865,0.684
1797,0.865,0.684
1798,0.865,0.684
1799,-0.01,0.511
1801,0.865,0.684
1802,-0.679,0.485
1804,0.309,0.576
1806,0.056,0.527
1807,-0.757,0.468
1808,-1.184,0.469
1809,-0.755,0.511
1810,0.056,0.527
1811,0.056,0.527
1812,-0.809,0.473
1813,-0.387,0.504
1815,0.865,0.684
1816,0.865,0.684
1817,-0.893,0.456
1818,-0.332,0.474
1820,0.865,0.684
1821,0.447,0.59
1822,0.865,0.684
1823,-0.811,0.456
1826,0.056,0.527
1827,0.865,0.684
1828,-0.091,0.521
1829,-0.306,0.522
1831,-0.286,0.482
1832,0.865,0.684
1836,0.007,0.558
1837,0.865,0.684
1838,0.865,0.684
1841,0.865,0.684
1842,-0.308,0.497
1843,-0.956,0.456
1845,0.447,0.59
1846,0.32,0.557
1847,-1.994,0.524
1848,-0.309,0.5
1849,-0.431,0.478
1850,0.865,0.684
1851,-0.828,0.457
1852,0.309,0.576
1853,0.447,0.59
1854,0.865,0.684
1855,-0.771,0.48
1856,-0.407,0.496
1857,-1.572,0.518
1858,0.865,0.684
1859,0.865,0.684
1860,0.32,0.557
1861,-0.554,0.457
1862,-2.275,0.566
1863,0.865,0.684
1866,-0.161,0.535
1867,-0.724,0.456
1868,0.865,0.684
1870,-0.974,0.455
1872,0.053,0.522
1873,-0.603,0.476
1874,-0.306,0.522
1875,-0.01,0.511
1876,0.175,0.546
1883,0.056,0.527
1884,0.238,0.538
1885,-1.723,0.49
1886,0.309,0.576
1890,-0.847,0.485
1891,0.865,0.684
1892,-0.627,0.474
1894,0.865,0.684
1895,-0.394,0.477
1897,-0.075,0.516
1898,-1.112,0.456
1899,-0.15,0.513
1900,0.865,0.684
1901,-0.992,0.469
1903,-0.01,0.511
1904,-0.64,0.476
1905,0.865,0.684
1906,0.865,0.684
1907,0.194,0.566
1908,0.865,0.684
1909,0.865,0.684
1910,0.865,0.684
1911,-0.735,0.476
1912,-0.748,0.473
1913,0.309,0.576
1915,0.045,0.539
1916,0.32,0.557
1919,-0.725,0.475
1920,-0.652,0.457
1921,0.175,0.546
1922,-0.387,0.504
1923,-0.643,0.475
1924,0.865,0.684
1925,-1.19,0.488
1926,-0.075,0.516
1927,0.865,0.684
1929,-0.286,0.482
1930,-0.549,0.498
1932,0.682,0.708
1934,0.865,0.684
1935,-0.202,0.494
1936,0.865,0.684
1937,-0.494,0.496
1938,0.865,0.684
1939,0.865,0.684
1941,-1.894,0.518
1942,0.238,0.538
1943,-0.332,0.474
1945,-0.632,0.473
1946,0.865,0.684
1947,0.865,0.684
1948,-0.143,0.524
1949,0.32,0.557
1951,0.865,0.684
1952,0.447,0.59
1953,0.865,0.684
1954,-0.306,0.522
1955,0.865,0.684
1958,-0.712,0.457
1959,0.865,0.684
1960,-0.712,0.457
1961,-0.998,0.481
1962,-0.882,0.508
1964,-1.994,0.521
1965,0.235,0.539
1966,0.865,0.684
1967,-0.882,0.508
1968,-0.924,0.467
1969,0.865,0.684
1970,-1.184,0.469
1971,-1.144,0.456
1972,0.865,0.684
1973,-0.93,0.472
1974,-0.114,0.506
1975,-0.588,0.485
1976,0.235,0.539
1978,0.865,0.684
1981,-0.286,0.482
1982,-0.387,0.504
1984,0.865,0.684
1985,0.865,0.684
1987,-0.332,0.474
1989,-0.788,0.48
1990,-0.612,0.484
1991,-0.01,0.511
1992,0.865,0.684
1993,-1.894,0.518
1994,0.865,0.684
1995,-0.771,0.484
1996,-1.793,0.514
1997,-1.473,0.479
1998,0.865,0.684
1999,0.309,0.576
2000,-1.941,0.514
2001,0.865,0.684
2002,0.865,0.684
2004,0.865,0.684
2005,0.865,0.684
2006,0.865,0.684
2007,0.238,0.538
2009,0.007,0.558
2010,0.865,0.684
2011,0.865,0.684
2012,-0.091,0.521
2014,0.865,0.684
2016,-0.306,0.522
2020,0.007,0.558
2021,0.309,0.576
2022,0.865,0.684
2024,0.447,0.59
2026,-0.882,0.508
2027,0.447,0.59
2029,0.865,0.684
2030,0.238,0.538
2031,0.865,0.684
2032,0.238,0.538
2033,0.238,0.538
2034,0.447,0.59
2035,-0.466,0.488
2036,-0.679,0.472
2039,0.865,0.684
2040,0.865,0.684
2041,-1.723,0.49
2042,-0.551,0.506
2043,0.045,0.539
2044,0.865,0.684
2045,-0.646,0.493
2050,0.447,0.59
2051,0.865,0.684
2052,0.865,0.684
2053,-0.554,0.457
2054,0.865,0.684
2056,0.865,0.684
2057,0.865,0.684
2058,0.865,0.684
2059,0.309,0.576
2061,-1.384,0.489
2062,-0.947,0.454
2063,0.865,0.684
2064,-0.652,0.457
2067,-1.031,0.456
2068,0.056,0.527
2069,0.865,0.684
2070,0.865,0.684
2072,0.447,0.59
2074,-0.286,0.482
2076,-0.387,0.481
2079,-0.286,0.479
2080,0.007,0.558
2082,0.309,0.576
2084,-0.646,0.477
2085,0.865,0.684
2088,0.865,0.684
2089,-1.286,0.471
2090,-0.728,0.474
2092,-0.14,0.487
2093,0.865,0.684
2094,-1.088,0.482
2096,0.865,0.684
2097,-0.974,0.455
2099,-0.765,0.456
2100,0.194,0.566
2102,0.32,0.557
2103,-0.091,0.521
2104,-0.47,0.499
2105,-1.793,0.512
2106,0.865,0.684
2107,0.865,0.684
2109,0.238,0.538
2110,-1.326,0.482
2111,0.056,0.527
2113,-0.882,0.508
2114,0.238,0.538
2115,0.238,0.538
2116,-1.625,0.513
2117,-1.186,0.464
2118,0.865,0.684
2119,-0.627,0.474
2120,-1.819,0.508
2121,0.865,0.684
2122,-0.286,0.482
2123,0.865,0.684
2124,-0.588,0.477
2126,0.865,0.684
2127,0.865,0.684
2128,0.235,0.539
2129,0.112,0.53
2130,0.865,0.684
2132,-0.829,0.473
2133,-0.31,0.492
2134,0.865,0.684
2137,-0.378,0.48
2138,0.447,0.59
2139,-0.568,0.477
2140,0.865,0.684
2141,0.865,0.684
2142,-0.205,0.504
2144,-0.37,0.49
2146,0.865,0.684
2148,-0.085,0.497
2149,-0.309,0.5
2150,0.865,0.684
2151,-0.055,0.517
2152,-0.585,0.465
2153,-0.363,0.498
2155,0.865,0.684
2157,-0.091,0.521
2160,-2.275,0.566
2161,0.865,0.684
2162,0.865,0.684
2163,-1.104,0.495
2164,-0.692,0.471
2165,0.865,0.684
2168,-1.068,0.456
2171,0.865,0.684
2174,-0.202,0.494
2175,-0.797,0.494
2177,-0.684,0.456
2178,-0.091,0.521
2179,-0.085,0.497
2180,0.447,0.59
2181,0.865,0.684
2183,-0.755,0.511
2185,0.865,0.684
2187,-2.275,0.566
2188,-0.472,0.471
2189,0.447,0.59
2190,0.865,0.684
2191,0.865,0.684
2193,-0.161,0.535
2195,0.447,0.59
2196,-0.521,0.464
2199,-0.332,0.474
2200,0.865,0.684
2201,0.309,0.576
2202,0.865,0.684
2204,0.447,0.59
2206,0.865,0.684
2207,0.865,0.684
2208,0.238,0.538
2209,0.238,0.538
2210,0.865,0.684
2211,0.865,0.684
2212,0.865,0.684
2213,-0.205,0.504
2214,0.32,0.557
2217,0.865,0.684
2218,0.045,0.539
2219,-0.075,0.516
2221,0.865,0.684
2222,0.865,0.684
2223,0.865,0.684
2224,0.865,0.684
2225,0.865,0.684
2228,0.238,0.538
2229,0.865,0.684
2230,-0.091,0.521
2232,-0.075,0.516
2233,-0.161,0.535
2234,-0.882,0.508
2236,0.238,0.538
2237,0.32,0.557
2238,0.865,0.684
2239,-0.657,0.498
2240,0.865,0.684
2241,0.745,0.722
2242,0.865,0.684
2243,0.865,0.684
2244,0.865,0.684
2245,0.045,0.539
2246,-0.692,0.471
2247,-0.192,0.511
2248,-0.603,0.476
2249,-0.715,0.502
2250,0.016,0.525
2253,0.865,0.684
2254,-0.521,0.464
2256,-0.472,0.471
2257,0.865,0.684
2258,-0.15,0.513
2259,0.865,0.684
2262,-2.275,0.566
2263,0.865,0.684
2264,-0.882,0.508
2265,0.865,0.684
2267,0.865,0.684
2268,-0.24,0.492
2269,0.865,0.684
2270,-1.572,0.518
2272,0.865,0.684
2273,0.865,0.684
2274,0.865,0.684
2275,0.194,0.566
2277,-0.091,0.521
2279,0.865,0.684
2280,-0.755,0.511
2282,0.447,0.59
2283,0.865,0.684
2284,-0.538,0.522
2285,0.865,0.684
2287,0.865,0.684
2288,0.865,0.684
2290,-2.275,0.566
2291,-1.793,0.512
2293,0.238,0.538
2294,-1.766,0.496
2296,-1.221,0.49
2297,0.865,0.684
2300,0.053,0.522
2301,0.865,0.684
2302,0.056,0.527
2303,-0.924,0.462
2306,-0.085,0.497
2307,0.865,0.684
2308,-0.603,0.476
2310,-0.161,0.535
2311,0.016,0.525
2312,0.865,0.684
2314,-0.306,0.522
2315,0.865,0.684
2317,0.447,0.59
2319,0.32,0.557
2320,0.238,0.538
2321,0.865,0.684
2322,-0.84,0.456
2323,0.309,0.576
2324,0.865,0.684
2326,0.865,0.684
2327,0.865,0.684
2328,-0.436,0.508
2331,-1.055,0.465
2333,-0.636,0.457
2334,-1.363,0.472
2337,0.235,0.539
2338,-0.21,0.501
2340,-0.849,0.473
2341,-0.306,0.522
2342,0.865,0.684
2344,0.447,0.59
2346,-2.275,0.566
2347,-0.582,0.506
2349,-0.999,0.455
2350,0.447,0.59
2351,-1.428,0.472
2352,0.865,0.684
2353,-1.249,0.47
2355,0.865,0.684
2357,0.32,0.557
2358,-0.085,0.497
2359,0.175,0.546
2360,-1.011,0.488
2363,0.865,0.684
2364,-0.075,0.516
2365,-0.213,0.599
2366,0.447,0.59
2369,0.056,0.527
2370,-1.148,0.485
2371,0.865,0.684
2372,-0.013,0.509
2373,0.865,0.684
2374,-0.387,0.504
2375,0.447,0.59
2378,0.045,0.539
2379,0.045,0.539
2380,-0.956,0.496
2381,-0.67,0.476
2382,0.865,0.684
2383,0.865,0.684
2385,0.447,0.59
2388,0.056,0.527
2389,0.865,0.684
2392,-0.055,0.517
2393,-0.202,0.494
2394,0.865,0.684
2395,0.32,0.557
2396,0.045,0.539
2398,0.32,0.557
2399,0.32,0.557
2400,-1.793,0.514
2402,0.447,0.59
2403,0.32,0.557
2404,-1.625,0.513
2406,-0.173,0.504
2408,0.235,0.539
2409,0.235,0.539
2410,0.32,0.557
2411,-0.309,0.5
2412,0.865,0.684
2414,0.865,0.684
2415,0.865,0.684
2416,0.007,0.558
2417,0.865,0.684
2419,-0.414,0.481
2420,0.053,0.522
2421,0.309,0.576
2422,0.175,0.546
2423,-1.023,0.491
2426,-0.572,0.496
2427,-0.353,0.489
2428,0.175,0.546
2429,-0.824,0.482
2431,0.865,0.684
2433,0.865,0.684
2434,0.865,0.684
2435,-1.19,0.488
2436,-0.947,0.454
2437,0.194,0.566
2438,0.053,0.522
2440,-0.582,0.506
2442,0.194,0.566
2443,-0.84,0.456
2446,-0.68,0.542
2447,0.865,0.684
2448,0.745,0.722
2449,0.238,0.538
2450,0.447,0.59
2451,0.865,0.684
2452,0.865,0.684
2454,0.235,0.539
2455,-0.075,0.516
2456,-1.9,0.516
2457,-1.366,0.5
2458,0.865,0.684
2460,0.447,0.59
2461,0.194,0.566
2462,-1.249,0.47
2464,0.309,0.576
2465,-0.122,0.504
2466,-0.495,0.494
2469,-0.755,0.511
2472,-0.875,0.456
2473,-0.286,0.482
2475,0.865,0.684
2476,0.865,0.684
2477,0.865,0.684
2478,-0.64,0.476
2479,-0.612,0.484
2480,0.865,0.684
2481,-1.793,0.514
2482,0.053,0.522
2483,0.865,0.684
2485,-0.616,0.502
2486,-0.363,0.498
2487,-0.273,0.507
2489,0.865,0.684
2490,-0.707,0.501
2491,-0.988,0.479
2492,0.865,0.684
2493,-0.932,0.485
2494,0.865,0.684
2495,0.865,0.684
2496,0.32,0.557
2497,0.309,0.576
2498,-0.223,0.5
2499,-1.086,0.519
2500,0.309,0.576
2501,-0.554,0.474
2502,0.32,0.557
2504,0.865,0.684
2505,-0.521,0.464
2507,-0.143,0.524
2508,0.053,0.522
2509,-0.679,0.472
2510,0.865,0.684
2511,-0.956,0.496
2512,-0.829,0.473
2513,-1.464,0.466
2515,0.865,0.684
2516,0.447,0.59
2517,0.865,0.684
2518,-2.275,0.566
2519,-0.31,0.492
2520,0.865,0.684
2521,0.007,0.558
2522,-0.707,0.501
2523,0.865,0.684
2524,-0.075,0.516
2525,-0.173,0.504
2526,0.865,0.684
2527,-0.339,0.668
2530,-1.329,0.496
2531,0.194,0.566
2540,0.865,0.684
2541,0.865,0.684
2542,0.447,0.59
2543,-0.668,0.473
2544,0.007,0.558
2545,0.865,0.684
2546,0.045,0.539
2547,-0.15,0.513
2548,0.238,0.538
2549,-1.219,0.465
2550,0.016,0.525
2551,-0.523,0.5
2552,0.865,0.684
2553,-0.306,0.522
2554,0.865,0.684
2555,0.512,0.757
2556,0.238,0.538
2557,0.865,0.684
2558,-2.275,0.566
2559,-1.994,0.521
2560,0.865,0.684
2561,0.865,0.684
2562,-1.023,0.491
2563,0.007,0.558
2566,-1.345,0.467
2567,-0.572,0.496
2568,0.447,0.59
2569,0.447,0.59
2570,-1.019,0.454
2571,-0.363,0.498
2573,0.615,0.737
2574,-0.309,0.5
2576,0.865,0.684
2577,0.32,0.557
2579,0.865,0.684
2581,-0.684,0.456
2583,0.865,0.684
2584,0.194,0.566
2587,0.865,0.684
2588,0.053,0.522
2590,-0.202,0.494
2591,0.194,0.566
2592,-0.638,0.469
2593,0.865,0.684
2594,0.447,0.59
2595,-0.616,0.502
2596,0.235,0.539
2598,-0.444,0.522
2600,0.865,0.684
2601,-0.309,0.5
2605,0.016,0.525
2607,0.865,0.684
2608,-1.211,0.476
2611,0.007,0.558
2612,0.007,0.558
2614,0.865,0.684
2615,-0.407,0.496
2617,-1.124,0.481
2618,0.235,0.539
2619,-0.636,0.457
2621,0.865,0.684
2622,-1.994,0.521
2623,0.865,0.684
2625,0.175,0.546
2628,-1.609,0.488
2629,0.309,0.576
2631,0.745,0.722
2632,-1.087,0.463
2634,-0.306,0.522
2635,0.309,0.576
2636,0.238,0.538
2637,-1.093,0.479
2640,-0.407,0.496
2641,0.045,0.539
2642,-0.407,0.496
2643,0.865,0.684
2644,0.865,0.684
2645,0.682,0.708
2646,-0.085,0.497
2648,0.865,0.684
2649,-1.994,0.524
2650,0.865,0.684
2651,0.238,0.538
2652,-0.421,0.472
2653,-1.302,0.456
2654,0.865,0.684
2655,-0.286,0.482
2656,0.865,0.684
2657,0.865,0.684
2659,-0.882,0.508
2660,0.865,0.684
2662,-0.807,0.585
2663,0.078,0.575
2664,-0.968,0.479
2666,0.865,0.684
2668,0.865,0.684
2669,0.007,0.558
2670,0.238,0.538
2671,0.865,0.684
2673,-0.312,0.497
2674,0.175,0.546
2675,-0.495,0.494
2676,-0.603,0.476
2677,0.194,0.566
2678,0.32,0.557
2679,-1.068,0.456
2680,-0.397,0.495
2681,-0.895,0.456
2682,-1.148,0.485
2683,-0.15,0.513
2686,-1.293,0.463
2687,-0.968,0.479
2688,-1.366,0.5
2689,0.447,0.59
2690,0.32,0.557
2691,-0.828,0.457
2692,-0.307,0.547
2693,-0.968,0.456
2694,0.007,0.558
2695,0.056,0.527
2698,0.865,0.684
2700,0.865,0.684
2701,0.865,0.684
2703,-0.516,0.505
2704,0.309,0.576
2706,-1.411,0.59
2707,0.447,0.59
2708,0.865,0.684
2710,0.194,0.566
2711,-0.295,0.507
2712,-1.561,0.48
2713,-0.161,0.535
2715,0.045,0.539
2716,0.865,0.684
2717,-0.836,0.496
2719,0.865,0.684
2720,0.865,0.684
2721,0.865,0.684
2722,0.865,0.684
2723,0.865,0.684
2724,-0.309,0.5
2725,0.865,0.684
2726,0.007,0.558
2728,-0.646,0.493
2729,-0.205,0.504
2730,0.865,0.684
2731,0.865,0.684
2732,-0.668,0.473
2733,-1.313,0.491
2734,0.865,0.684
2735,-0.055,0.517
2736,0.865,0.684
2737,0.175,0.546
2738,-0.488,0.465
2739,-0.961,0.474
2740,-0.849,0.48
2741,-0.646,0.493
2743,0.865,0.684
2744,0.865,0.684
2745,0.112,0.53
2746,-0.978,0.484
2747,0.447,0.59
2748,0.865,0.684
2750,-0.363,0.498
2751,0.865,0.684
2752,0.238,0.538
2753,-0.091,0.521
2754,-0.387,0.504
2755,-1.179,0.498
2756,-0.811,0.477
2757,-0.707,0.501
2758,0.175,0.546
2759,-0.085,0.497
2762,0.865,0.684
2763,0.682,0.708
2764,-0.306,0.522
2765,-0.206,0.502
2766,-0.554,0.457
2767,0.309,0.576
2768,-0.84,0.456
2769,-0.676,0.464
2770,0.238,0.538
2771,-0.274,0.49
2772,0.865,0.684
2773,0.447,0.59
2774,-2.275,0.566
2775,-0.383,0.477
2776,-0.822,0.476
2777,0.007,0.558
2779,0.865,0.684
2780,0.238,0.538
2781,0.865,0.684
2784,-1.9,0.516
2785,0.865,0.684
2786,-2.275,0.566
2787,0.865,0.684
2789,-0.549,0.498
2790,0.32,0.557
2791,0.007,0.558
2792,0.865,0.684
2794,-2.275,0.566
2795,-0.939,0.455
2796,0.865,0.684
2797,-0.554,0.477
2798,-0.588,0.477
2799,0.865,0.684
2800,0.865,0.684
2801,0.112,0.53
2802,0.865,0.684
2804,0.447,0.59
2805,-1.994,0.521
2806,-0.295,0.507
2807,0.194,0.566
2808,-0.642,0.489
2810,0.309,0.576
2811,-0.755,0.511
2812,-0.055,0.517
2813,-0.588,0.485
2814,-1.031,0.456
2815,-0.442,0.597
2816,0.447,0.59
2817,0.447,0.59
2818,-0.797,0.494
2819,0.053,0.522
2820,-0.173,0.504
2821,0.865,0.684
2823,-0.95,0.482
2824,-0.309,0.5
2825,0.865,0.684
2826,0.238,0.538
2827,0.194,0.566
2828,-0.936,0.455
2829,-0.495,0.494
2830,0.194,0.566
2832,0.32,0.557
2833,-0.205,0.504
2835,0.865,0.684
2836,0.016,0.525
2837,0.056,0.527
2838,-1.152,0.463
2839,-0.794,0.487
2840,-1.723,0.49
2842,-2.275,0.566
2843,-0.24,0.492
2844,-0.582,0.506
2845,-0.843,0.456
2847,0.865,0.684
2848,0.447,0.59
2849,-0.013,0.509
2850,-0.091,0.521
2851,-0.755,0.511
2853,0.235,0.539
2854,-0.377,0.477
2855,0.865,0.684
2857,0.007,0.604
2858,-0.14,0.487
2859,0.865,0.684
2860,0.053,0.522
2861,0.865,0.684
2862,0.309,0.576
2865,0.238,0.538
2866,-1.584,0.491
2869,0.175,0.546
2870,0.865,0.684
2871,0.309,0.576
2872,0.447,0.59
2874,-0.01,0.511
2875,-1.17,0.49
2876,0.309,0.576
2880,-0.202,0.494
2881,0.865,0.684
2882,-1.301,0.491
2883,-0.202,0.494
2884,0.865,0.684
2885,0.865,0.684
2886,-0.733,0.456
2889,0.865,0.684
2890,-1.094,0.455
2891,-0.085,0.497
2892,0.865,0.684
2893,-0.085,0.497
2894,0.238,0.538
2895,0.078,0.575
2896,-1.17,0.49
2897,0.865,0.684
2898,-0.15,0.513
2901,0.007,0.558
2903,0.447,0.59
2904,-1.301,0.491
2906,-0.386,0.512
2907,0.32,0.557
2908,0.447,0.59
2909,0.865,0.684
2911,0.865,0.684
2912,-0.436,0.508
2913,-0.582,0.506
2914,0.865,0.684
2915,-1.003,0.504
2916,0.865,0.684
2917,-0.364,0.503
2918,0.32,0.557
2919,-0.643,0.475
2920,-0.588,0.477
2922,0.194,0.566
2923,-0.013,0.509
2925,0.865,0.684
2926,0.865,0.684
2927,-2.275,0.566
2928,0.865,0.684
2929,-0.01,0.511
2930,0.053,0.522
2931,-0.999,0.455
2933,-0.748,0.473
2934,-0.603,0.476
2936,-0.31,0.492
2937,0.865,0.684
2939,-0.911,0.558
2940,-0.055,0.517
2941,-0.551,0.506
2942,0.238,0.538
2943,0.078,0.575
2944,-1.606,0.481
2945,-0.332,0.474
2946,-1.12,0.464
2947,-0.01,0.511
2949,-1.045,0.463
2950,-1.612,0.486
2951,0.447,0.59
2952,-0.161,0.535
2955,0.309,0.576
2956,-0.561,0.568
2957,0.865,0.684
2958,-0.01,0.511
2959,-1.423,0.479
2960,0.194,0.566
2962,-0.802,0.463
2963,-0.494,0.496
2964,0.238,0.538
2965,-0.01,0.511
2966,0.053,0.522
2968,-0.998,0.481
2969,-0.797,0.494
2970,-0.461,0.479
2971,-1.229,0.482
2973,-1.366,0.5
2974,-0.055,0.517
2976,0.865,0.684
2977,-0.192,0.511
2979,-0.055,0.517
2980,-1.302,0.456
2981,-0.892,0.456
2982,-0.395,0.479
10182,-0.395,0.479
2985,-1.177,0.474
2986,0.194,0.566
2987,0.32,0.557
2988,0.865,0.684
2989,0.865,0.684
2992,0.865,0.684
2993,0.865,0.684
2994,0.056,0.527
2995,-0.427,0.472
2997,0.447,0.59
2998,0.865,0.684
2999,0.309,0.576
3002,0.865,0.684
3003,0.175,0.546
3005,0.447,0.59
3006,-0.651,0.468
3009,0.053,0.522
3010,0.865,0.684
3011,-0.653,0.464
3012,0.865,0.684
3014,0.865,0.684
3015,0.865,0.684
3016,-0.495,0.494
3017,-0.684,0.456
3018,0.865,0.684
3020,0.865,0.684
3021,-0.01,0.511
3022,-0.512,0.479
3023,-0.494,0.496
3026,-0.01,0.511
3027,0.865,0.684
3029,-0.809,0.473
3030,0.175,0.546
3031,-0.591,0.478
3033,0.865,0.684
3034,0.865,0.684
3036,-0.087,0.495
3037,0.045,0.539
3039,-0.194,0.548
3040,0.865,0.684
3041,0.194,0.566
3043,0.865,0.684
3044,0.865,0.684
3045,-1.176,0.463
3046,0.865,0.684
3047,-0.273,0.507
3048,0.194,0.566
3049,-0.01,0.511
3052,0.007,0.558
3054,-1.625,0.513
3055,-0.286,0.482
3056,-0.66,0.475
3057,0.194,0.566
3058,-0.514,0.471
3059,0.007,0.558
3060,-0.173,0.504
3061,-0.115,0.505
3062,0.447,0.59
3063,-0.273,0.507
3064,-0.516,0.505
3066,-0.66,0.475
3067,0.175,0.546
3068,-0.46,0.487
3069,0.447,0.59
3071,-0.777,0.491
3072,0.007,0.558
3075,0.016,0.525
3076,-0.988,0.477
3077,-0.636,0.457
3081,0.007,0.558
3082,-0.851,0.48
3083,0.32,0.557
3084,-0.309,0.5
3085,-0.223,0.5
3088,-1.941,0.514
3089,-0.173,0.504
3090,-0.18,0.51
3091,-0.075,0.516
3093,-0.309,0.5
3095,-1.029,0.474
3096,0.447,0.59
3097,-0.757,0.535
3098,0.447,0.59
3099,0.865,0.684
3107,0.309,0.576
3109,0.865,0.684
3110,0.865,0.684
3111,-0.353,0.489
3112,0.865,0.684
3113,0.865,0.684
3114,0.865,0.684
3115,-0.15,0.513
3116,-0.202,0.491
3120,-0.849,0.473
3122,-0.594,0.491
3123,0.865,0.684
3124,0.175,0.546
3127,0.865,0.684
3128,0.007,0.558
3130,-0.603,0.476
3131,-1.894,0.503
3132,0.865,0.684
3133,-0.013,0.509
3134,-0.998,0.462
3135,-0.114,0.506
3136,-2.275,0.566
3138,-0.091,0.521
3139,-1.376,0.501
3142,-0.087,0.495
3143,-1.085,0.463
3144,-0.161,0.535
3145,-1.259,0.47
3147,0.447,0.59
3148,-0.332,0.474
3150,0.447,0.59
3151,-1.328,0.482
3152,0.865,0.684
3154,-0.538,0.476
3156,-0.591,0.47
3159,0.056,0.527
3160,0.865,0.684
3161,0.175,0.546
3163,0.865,0.684
3164,-0.612,0.463
3165,0.238,0.538
3167,-0.377,0.477
3168,-1.136,0.465
3169,0.238,0.538
3170,0.447,0.59
3171,-0.863,0.479
3172,-0.739,0.456
3173,0.865,0.684
3174,0.32,0.557
3175,0.32,0.557
3177,-0.273,0.507
3181,-0.828,0.457
3183,0.238,0.538
3184,-1.329,0.496
3185,-0.01,0.511
3186,-0.627,0.474
3187,0.447,0.59
3190,-0.514,0.471
3191,0.865,0.684
3192,-0.01,0.511
3194,0.865,0.684
3195,-0.085,0.497
3196,-1.093,0.479
3197,-0.173,0.504
3198,-0.746,0.457
3199,-0.538,0.476
3200,0.865,0.684
3201,0.112,0.53
3202,0.045,0.539
3203,-1.104,0.495
3204,-0.386,0.466
3206,-0.461,0.479
3209,0.045,0.539
3212,0.865,0.684
3213,-0.551,0.506
3214,-0.638,0.469
3215,0.447,0.59
3217,0.447,0.59
3218,0.194,0.566
3220,0.447,0.59
3221,-0.777,0.491
3222,0.112,0.53
3223,0.309,0.576
3225,0.865,0.684
3226,0.016,0.525
3227,0.007,0.558
3228,-0.205,0.504
3230,-0.055,0.517
3232,-0.013,0.509
3233,-0.386,0.512
3234,0.865,0.684
3235,0.238,0.538
3238,0.865,0.684
3239,-0.286,0.482
3240,-2.275,0.566
3242,-0.494,0.496
3243,-0.013,0.509
3244,0.056,0.527
3245,-1.136,0.48
3247,0.309,0.576
3248,-0.968,0.479
3249,-0.489,0.508
3253,0.865,0.684
3254,-0.549,0.498
3256,0.865,0.684
3257,-1.004,0.474
3258,0.865,0.684
3259,-0.173,0.504
3260,0.865,0.684
3261,-1.5,0.488
3264,-0.989,0.463
3265,-0.707,0.501
3266,-0.643,0.475
3268,-2.275,0.566
3271,-0.756,0.481
3272,0.447,0.59
3274,-0.205,0.504
3275,-0.652,0.457
3276,-1.038,0.475
3279,-0.554,0.457
3280,0.238,0.538
3281,0.447,0.59
3282,0.007,0.558
3283,0.053,0.522
3284,0.865,0.684
3285,0.053,0.522
3286,0.865,0.684
3287,0.402,0.832
3288,-0.863,0.479
3289,-0.075,0.516
3290,-0.055,0.517
3291,-1.256,0.567
3292,0.052,0.563
3294,0.865,0.684
3295,-0.521,0.476
3296,-0.091,0.521
3297,-0.01,0.511
3299,0.865,0.684
3301,0.865,0.684
3306,0.007,0.558
3307,-1.382,0.467
3310,-0.998,0.481
3311,0.447,0.59
3312,0.045,0.539
3313,0.865,0.684
3314,0.865,0.684
3315,0.865,0.684
3316,-0.274,0.5
3318,-1.17,0.49
3319,-0.286,0.479
3320,-0.205,0.504
3321,0.865,0.684
3322,-0.364,0.503
3324,-0.603,0.476
3326,0.865,0.684
3327,0.865,0.684
3330,-0.18,0.51
3336,0.865,0.684
3340,-0.335,0.513
3341,-0.365,0.506
3342,0.865,0.684
3344,-0.93,0.472
3345,-0.309,0.5
3346,0.865,0.684
3347,-1.186,0.464
3350,-0.075,0.516
3352,0.309,0.576
3354,-0.881,0.481
3355,0.194,0.566
3358,-0.055,0.517
3360,0.682,0.708
3361,0.865,0.684
3362,0.447,0.59
3364,-0.708,0.474
3366,-0.77,0.467
3372,-0.161,0.535
3374,0.865,0.684
3377,-0.76,0.468
3378,0.447,0.59
3382,-0.829,0.473
3384,0.447,0.59
3386,-0.14,0.487
3387,0.865,0.684
3388,-0.467,0.48
3389,0.865,0.684
3390,0.007,0.558
3392,0.053,0.522
3394,0.865,0.684
3397,0.865,0.684
3398,0.045,0.539
3399,0.447,0.59
3402,0.865,0.684
3404,-0.091,0.521
3405,0.865,0.684
3406,-1.005,0.466
3407,0.865,0.684
3408,-1.313,0.491
3411,-0.24,0.492
3412,-0.15,0.513
3414,-0.114,0.506
3415,0.865,0.684
3416,0.865,0.684
3418,-1.703,0.504
3419,-0.306,0.522
3420,0.007,0.558
3421,0.865,0.684
3422,0.865,0.684
3423,-0.286,0.482
3424,0.865,0.684
3428,0.447,0.59
3430,0.865,0.684
3432,0.865,0.684
3433,0.865,0.684
3434,-0.436,0.508
3435,-1.194,0.471
3437,-0.603,0.476
3438,0.865,0.684
3439,0.865,0.684
3440,0.865,0.684
3441,0.865,0.684
3443,0.865,0.684
3445,-0.947,0.454
3446,-1.385,0.478
3448,0.238,0.538
3450,-0.332,0.474
3451,0.865,0.684
3452,0.865,0.684
3455,0.865,0.684
3456,-0.523,0.5
3457,-1.35,0.471
3458,0.865,0.684
3460,-0.652,0.457
3461,-0.122,0.504
3462,-1.128,0.49
3463,-0.657,0.498
3464,-1.994,0.524
3465,0.865,0.684
3466,0.865,0.684
3467,-1.416,0.484
3469,-0.721,0.482
3517,0.865,0.684
3519,-1.819,0.508
3520,0.053,0.522
3521,0.865,0.684
3522,-0.516,0.505
3523,-0.431,0.478
3525,0.235,0.539
3526,0.056,0.527
3528,-0.417,0.539
3531,0.865,0.684
3532,-0.332,0.474
3534,-1.187,0.472
3536,0.865,0.684
3537,-0.46,0.487
3538,-0.554,0.457
3539,-0.087,0.495
3540,0.447,0.59
3541,-1.128,0.49
3544,0.865,0.684
3546,0.309,0.576
3548,0.865,0.684
3549,-0.786,0.475
3551,0.865,0.684
3553,0.175,0.546
3555,-0.205,0.504
3556,0.865,0.684
3557,-0.554,0.457
3559,-0.733,0.456
3560,0.865,0.684
3561,0.865,0.684
3562,-0.202,0.491
3563,0.045,0.539
3564,-0.313,0.513
3570,-0.286,0.482
3571,0.865,0.684
3572,-1.326,0.472
3575,0.865,0.684
3576,0.865,0.684
3577,0.447,0.59
3578,-0.013,0.509
3579,0.865,0.684
3582,0.865,0.684
3583,-0.013,0.509
3584,-0.671,0.47
3585,0.865,0.684
3587,0.175,0.546
3588,0.865,0.684
3589,-1.195,0.488
3590,0.865,0.684
3594,0.865,0.684
3595,0.447,0.59
3596,0.32,0.557
3597,-0.161,0.535
3598,0.235,0.539
3599,-0.93,0.472
3600,-0.638,0.469
3601,0.865,0.684
3602,0.865,0.684
3604,0.309,0.576
3607,0.865,0.684
3610,0.447,0.59
3611,-2.275,0.566
3615,0.865,0.684
3616,0.865,0.684
3617,-0.461,0.479
3619,-0.826,0.482
3620,-1.473,0.479
3621,-0.516,0.505
3622,0.865,0.684
3624,-1.416,0.475
3625,-0.332,0.474
3626,0.175,0.546
3630,0.447,0.59
3634,0.865,0.684
3635,0.615,0.737
3636,-2.275,0.566
3637,0.865,0.684
3638,-0.055,0.517
3640,-0.192,0.511
3643,-0.467,0.48
3644,-0.085,0.497
3646,-0.636,0.457
3647,-0.161,0.535
3650,0.238,0.538
3651,-1.17,0.49
3653,-0.817,0.476
3654,0.007,0.558
10193,0.865,0.684
3658,0.865,0.684
3661,0.32,0.557
3662,0.865,0.684
3663,0.865,0.684
3666,-0.14,0.487
3667,0.865,0.684
3673,-1.557,0.481
3716,-0.486,0.477
3717,0.016,0.525
3718,0.238,0.538
3719,-1.464,0.504
3720,-0.286,0.479
3722,0.865,0.684
3723,0.045,0.539
3724,0.865,0.684
3725,-1.572,0.518
3726,0.865,0.684
3727,-0.01,0.511
3729,0.865,0.684
3730,0.865,0.684
3733,-0.762,0.474
3735,0.865,0.684
3737,0.865,0.684
3738,0.238,0.538
3739,0.194,0.566
3740,-1.017,0.472
3741,0.016,0.525
3742,0.865,0.684
3744,0.865,0.684
3747,-0.378,0.48
3748,0.865,0.684
3751,-1.062,0.485
3754,0.007,0.558
3755,-0.756,0.481
3756,-0.075,0.516
3757,0.175,0.546
3758,-0.679,0.485
3759,0.865,0.684
3760,0.865,0.684
3761,0.865,0.684
3762,0.016,0.525
3763,0.447,0.59
3766,-0.636,0.457
3767,0.865,0.684
3768,-0.173,0.504
3769,0.682,0.708
3770,-1.366,0.5
3771,-0.421,0.472
3772,0.865,0.684
3773,0.865,0.684
3776,0.865,0.684
3777,-1.28,0.471
3778,0.056,0.527
3779,0.447,0.59
3780,-0.161,0.535
3782,0.175,0.546
3783,0.194,0.566
3785,-0.467,0.48
3786,-0.461,0.479
3787,0.309,0.576
3788,-0.436,0.508
3790,0.865,0.684
3791,-0.551,0.506
3792,0.865,0.684
3793,0.865,0.684
3794,-0.947,0.454
3795,-0.551,0.506
3796,0.32,0.557
3798,0.865,0.684
3799,0.238,0.538
3802,0.865,0.684
3803,0.235,0.539
3805,-0.579,0.464
3806,0.865,0.684
3807,-0.554,0.457
3809,0.865,0.684
3811,0.865,0.684
3812,-0.538,0.476
3813,-0.666,0.473
3815,-1.249,0.477
3816,0.007,0.558
3817,0.865,0.684
3820,-0.085,0.497
3821,-0.554,0.457
3822,-0.591,0.478
3823,-1.356,0.484
3829,0.32,0.557
3833,0.309,0.576
3834,-0.01,0.511
3837,-0.554,0.457
3838,-0.075,0.516
3840,0.865,0.684
3842,0.447,0.59
3844,-0.306,0.522
3845,-0.882,0.508
3846,-0.115,0.505
3849,0.007,0.558
3850,0.447,0.59
3851,-0.15,0.513
3852,-0.551,0.506
3853,-1.063,0.457
3854,0.447,0.59
3855,0.053,0.522
3858,0.865,0.684
3860,0.007,0.558
3862,-1.612,0.486
3865,-0.516,0.505
3866,-0.15,0.513
3868,0.238,0.538
3869,-0.523,0.5
3870,0.865,0.684
3871,-1.757,0.498
3872,0.238,0.538
3873,-0.719,0.463
3874,-0.115,0.505
3875,-1.366,0.5
3876,0.865,0.684
3877,-1.221,0.49
3878,0.865,0.684
3879,-0.161,0.535
3880,-1.371,0.471
3882,-0.387,0.504
3883,0.82,0.705
3884,0.865,0.684
3885,0.053,0.522
3886,-0.47,0.499
3887,-0.467,0.48
3889,0.194,0.566
3890,0.865,0.684
3891,-0.492,0.485
3893,-1.61,0.495
3894,0.447,0.59
3895,0.447,0.59
3896,0.865,0.684
3898,-0.46,0.5
3899,0.053,0.522
3900,0.045,0.539
3901,0.865,0.684
3902,-0.603,0.476
3903,0.32,0.557
3904,0.865,0.684
3905,-1.819,0.508
3906,0.194,0.566
3907,0.865,0.684
3909,0.865,0.684
3911,-2.112,0.588
3912,0.194,0.566
3914,0.194,0.566
3915,-0.833,0.457
3916,0.447,0.59
3917,0.865,0.684
3918,0.865,0.684
3919,-0.516,0.505
3920,-0.15,0.513
3921,0.053,0.522
3922,0.865,0.684
3924,0.447,0.59
3926,-0.739,0.456
3927,0.447,0.59
3928,0.32,0.557
3929,-0.478,0.465
3930,-0.657,0.498
3932,-0.636,0.457
3933,0.865,0.684
3934,-1.366,0.5
3935,0.406,0.805
3936,0.865,0.684
3937,-1.52,0.477
3939,-1.087,0.463
3940,-0.15,0.513
3942,-1.02,0.558
3943,-0.755,0.511
3944,0.865,0.684
3945,-0.636,0.457
3946,0.865,0.684
3947,0.309,0.576
3949,0.865,0.684
3950,0.865,0.684
3951,0.238,0.538
3953,0.865,0.684
3955,0.865,0.684
3956,0.865,0.684
3957,0.175,0.546
3958,0.447,0.59
3962,-0.165,0.612
3963,0.865,0.684
3965,-0.202,0.491
3966,-1.48,0.478
3970,-0.915,0.456
3973,-0.486,0.477
3974,0.865,0.684
3975,-0.14,0.487
3976,0.865,0.684
3977,-0.01,0.511
3979,-0.013,0.509
3983,-0.114,0.506
3985,0.865,0.684
3986,-0.777,0.491
3987,0.865,0.684
3990,-1.687,0.482
3991,-0.459,0.476
3993,0.865,0.684
3996,0.007,0.604
3998,-0.161,0.535
3999,0.447,0.59
4002,-2.275,0.566
4003,0.865,0.684
4004,0.447,0.59
4005,-0.353,0.489
4006,0.865,0.684
4008,0.447,0.59
4009,-0.075,0.516
4011,-1.52,0.477
4013,0.32,0.557
4015,0.865,0.684
4017,0.447,0.59
4018,0.865,0.684
4019,0.865,0.684
4020,0.32,0.557
4021,-0.652,0.457
4022,-0.473,0.475
4024,-0.306,0.522
4025,-0.273,0.507
4030,0.238,0.538
4034,0.007,0.558
4036,-0.15,0.513
4037,-0.15,0.513
4038,-0.295,0.507
4039,0.865,0.684
4041,-0.395,0.479
4042,0.865,0.684
4043,0.053,0.522
4044,0.238,0.538
4045,0.32,0.557
4052,-1.819,0.508
4058,-0.554,0.474
4059,0.112,0.53
4060,-1.392,0.465
4061,-0.979,0.455
4062,0.447,0.59
4063,-1.561,0.48
4067,0.512,0.757
4068,-0.64,0.476
4069,-0.091,0.521
4071,0.007,0.558
4072,0.512,0.757
4074,-2.275,0.566
4075,0.104,0.592
4076,0.865,0.684
4078,-0.914,0.481
4079,0.865,0.684
4080,0.238,0.538
4081,-1.366,0.5
4082,0.865,0.684
4083,0.045,0.539
4084,-1.543,0.486
4086,-0.46,0.487
4087,-1.308,0.492
4089,0.447,0.59
4090,-0.93,0.472
4091,-0.378,0.48
4093,-0.115,0.505
4095,-0.055,0.517
4096,-0.725,0.475
4097,0.865,0.684
4098,-0.075,0.516
4100,-0.551,0.506
4102,-0.427,0.472
4103,0.007,0.558
4105,-0.115,0.505
4106,0.865,0.684
4107,-1.112,0.456
4109,0.056,0.527
4110,-2.275,0.566
4112,0.447,0.59
4113,0.865,0.684
4114,0.235,0.539
4115,0.194,0.566
4116,0.447,0.59
4117,0.865,0.684
4118,-0.712,0.457
4120,0.309,0.576
4121,0.865,0.684
4124,0.865,0.684
4125,-2.275,0.566
4126,0.865,0.684
4127,0.32,0.557
4129,0.865,0.684
4130,-0.936,0.455
4131,0.865,0.684
4133,0.309,0.576
4134,-0.498,0.479
4135,0.175,0.546
4136,-1.011,0.488
4137,0.309,0.576
4138,0.865,0.684
4143,0.865,0.684
4144,-0.205,0.504
4145,0.745,0.722
4146,0.865,0.684
4148,-0.122,0.504
4149,0.865,0.684
4150,0.865,0.684
4152,-0.608,0.481
4153,-1.366,0.5
4155,0.865,0.684
4157,0.865,0.684
4158,-0.677,0.49
4160,0.865,0.684
4161,-2.275,0.566
4163,0.865,0.684
4164,-0.684,0.456
4166,0.238,0.538
4168,-1.313,0.491
4169,-0.286,0.479
4171,0.309,0.576
4172,-0.591,0.474
4173,-0.31,0.492
4174,-0.467,0.48
4175,-0.588,0.477
4176,-0.286,0.482
4177,0.865,0.684
4178,0.865,0.684
4180,0.865,0.684
4182,-0.588,0.485
4183,0.447,0.59
4184,-0.93,0.472
4185,-0.714,0.457
4187,-0.386,0.486
4188,0.447,0.59
4189,0.865,0.684
4191,0.238,0.538
4192,0.32,0.557
4194,-0.205,0.504
4196,-0.304,0.488
4197,-0.684,0.456
4198,-0.313,0.513
4199,0.194,0.566
4200,0.865,0.684
4201,0.865,0.684
4202,-2.275,0.566
4203,-0.387,0.504
4204,0.865,0.684
4207,0.865,0.684
4208,-1.582,0.491
4210,0.238,0.538
4211,-0.013,0.509
4212,0.865,0.684
4213,0.865,0.684
4214,0.238,0.538
4215,-1.216,0.494
4216,-0.603,0.476
4217,-0.01,0.511
4220,0.865,0.684
4221,-0.14,0.487
4222,-0.754,0.486
4224,0.865,0.684
4226,-0.588,0.477
4229,0.194,0.566
4230,-0.313,0.513
4233,0.865,0.684
4238,0.235,0.539
4240,-0.378,0.48
4241,0.238,0.538
4242,-0.192,0.511
4243,0.865,0.684
10134,0.016,0.525
10091,-0.989,0.463
10105,0.865,0.684
4251,0.238,0.538
4253,0.865,0.684
4254,0.865,0.684
10094,-0.559,0.47
4256,0.447,0.59
10166,0.865,0.684
10118,0.865,0.684
4260,0.053,0.522
4262,0.447,0.59
10111,-1.572,0.518
4267,-0.591,0.47
10181,0.865,0.684
10108,-1.275,0.499
4270,-0.78,0.455
4272,-0.273,0.507
4274,-0.414,0.481
4275,0.309,0.576
4276,0.235,0.539
4277,-1.146,0.456
10119,0.007,0.558
10163,0.865,0.684
10133,-0.554,0.457
4281,-2.275,0.566
10123,0.447,0.59
10143,-0.686,0.494
10180,0.865,0.684
10160,-0.856,0.483
4287,0.309,0.576
10158,-0.087,0.495
10097,-1.023,0.491
10113,-0.21,0.501
4291,0.865,0.684
10106,-0.14,0.487
4294,-0.76,0.468
4296,-0.915,0.456
10135,0.865,0.684
4299,0.32,0.557
10174,-0.013,0.509
4301,-0.114,0.506
4304,-0.516,0.505
4308,-0.616,0.502
4309,0.007,0.558
10102,0.865,0.684
10138,0.32,0.557
4315,-1.04,0.484
4318,-0.085,0.497
4319,0.865,0.684
4320,0.235,0.539
4321,0.865,0.684
10171,-0.585,0.465
4324,0.865,0.684
10129,0.865,0.684
10156,0.238,0.538
10227,0.007,0.558
10112,-0.306,0.522
10147,-0.755,0.511
10124,0.865,0.684
4333,0.865,0.684
4334,-1.051,0.455
10139,-0.636,0.457
10122,-0.714,0.457
10179,0.865,0.684
10140,0.865,0.684
10132,-1.793,0.512
4340,-0.202,0.491
4341,0.175,0.546
4342,-1.053,0.466
10167,-0.087,0.495
10161,-0.202,0.491
4345,-0.733,0.456
4346,-0.588,0.477
4347,-0.554,0.457
4348,0.32,0.557
4349,0.007,0.558
10202,0.238,0.538
10192,-0.421,0.472
4353,0.865,0.684
4354,-0.313,0.513
4355,-1.202,0.529
10232,-1.269,0.469
4358,0.053,0.522
4360,-0.161,0.535
10206,-0.122,0.504
4363,-0.013,0.509
10211,-0.37,0.49
10207,0.238,0.538
4366,-0.15,0.513
10230,0.238,0.538
10205,-0.459,0.476
10221,0.309,0.576
4372,0.32,0.557
4373,-0.286,0.482
4374,0.865,0.684
4375,-0.295,0.507
4377,0.238,0.538
4378,-0.332,0.474
4379,0.007,0.558
4382,0.194,0.566
4385,0.238,0.538
10209,-0.932,0.485
10198,-1.341,0.491
10208,0.481,0.854
4392,0.309,0.576
10215,0.045,0.539
4395,-0.202,0.494
4403,0.238,0.538
10222,0.447,0.59
10229,0.309,0.576
4409,0.865,0.684
4411,0.865,0.684
4413,-0.755,0.511
4414,0.865,0.684
10200,0.309,0.576
10214,0.447,0.59
4422,0.865,0.684
10199,-0.762,0.474
4426,-1.633,0.489
10224,-0.755,0.511
10220,-0.591,0.474
4430,0.238,0.538
4433,-0.961,0.474
4435,0.865,0.684
4436,-0.313,0.513
4438,0.865,0.684
4439,0.039,0.648
10194,-1.27,0.464
4441,0.045,0.539
10226,-1.35,0.464
10212,0.32,0.557
4447,0.194,0.566
10228,-0.173,0.504
4449,-1.31,0.717
10219,0.32,0.557
4451,-0.161,0.535
4452,-0.863,0.479
4453,-0.205,0.504
4454,0.865,0.684
10225,-0.161,0.535
4458,-1.23,0.456
10195,0.231,0.601
4460,0.865,0.684
4461,-0.755,0.511
4466,0.865,0.684
4468,0.309,0.576
4469,-0.712,0.457
4470,0.056,0.527
4471,-0.31,0.492
4472,-0.143,0.524
4473,0.309,0.576
4474,-0.075,0.516
4476,-0.143,0.524
4478,0.235,0.539
10204,0.865,0.684
4483,-0.14,0.487
10234,-0.274,0.5
4490,0.865,0.684
10231,0.865,0.684
10196,0.447,0.59
10216,0.447,0.59
4497,-0.914,0.481
4499,-0.882,0.508
4500,-0.756,0.481
4502,0.865,0.684
4504,-0.721,0.482
4506,-0.24,0.492
4507,-0.89,0.477
4508,-0.748,0.473
4509,0.865,0.684
4510,0.745,0.722
4511,-0.304,0.488
4512,0.865,0.684
4514,0.309,0.576
4515,-0.974,0.455
4516,-1.302,0.456
4518,0.32,0.557
4519,-0.202,0.494
4520,0.447,0.59
4521,0.865,0.684
4522,0.235,0.539
4525,0.238,0.538
4528,0.235,0.539
4530,0.865,0.684
4531,0.865,0.684
4532,0.865,0.684
4534,-0.085,0.497
4535,0.447,0.59
4536,0.865,0.684
4538,-0.903,0.457
4539,-0.18,0.51
4540,0.865,0.684
4541,-1.301,0.491
4542,-0.01,0.511
4543,-0.01,0.511
4544,0.309,0.576
4545,-0.075,0.516
4547,0.865,0.684
4548,0.238,0.538
4550,-0.608,0.481
4551,0.32,0.557
4553,0.007,0.558
4554,-0.636,0.457
4555,-0.087,0.495
4556,0.865,0.684
4558,-0.715,0.502
4559,0.865,0.684
4560,-0.378,0.48
4562,0.447,0.59
4565,-1.994,0.524
4566,-0.646,0.493
10235,-0.31,0.492
4568,0.447,0.59
4569,-1.329,0.496
4570,0.865,0.684
4571,0.194,0.566
4574,0.32,0.557
4575,0.865,0.684
4576,0.865,0.684
4577,-2.275,0.566
4578,0.32,0.557
4581,-0.762,0.474
4582,0.447,0.59
4584,-0.431,0.478
4585,0.865,0.684
4586,0.175,0.546
4587,0.309,0.576
4588,0.175,0.546
4590,0.865,0.684
4591,-0.974,0.455
4592,-0.956,0.496
4593,-0.407,0.496
4595,0.865,0.684
4596,-0.36,0.503
4597,-0.652,0.457
4598,-1.506,0.485
4600,0.865,0.684
4602,0.447,0.59
4606,0.32,0.557
4607,0.865,0.684
4608,0.865,0.684
4610,0.447,0.59
4612,-0.387,0.504
4613,0.865,0.684
4614,0.865,0.684
4615,-0.819,0.479
4616,0.865,0.684
4618,0.865,0.684
4619,0.865,0.684
4620,0.865,0.684
4623,0.309,0.576
4625,-0.01,0.511
4626,0.865,0.684
4627,0.865,0.684
4628,0.865,0.684
4629,-2.275,0.566
4630,-0.306,0.522
4631,0.865,0.684
4632,-1.234,0.521
4633,-0.686,0.494
4634,0.238,0.538
4635,0.865,0.684
4636,-1.078,0.474
4638,-0.42,0.493
4639,-0.724,0.456
4640,0.865,0.684
4641,0.865,0.684
4643,-0.755,0.511
4644,-2.275,0.566
4645,-0.771,0.455
4646,-0.24,0.492
4647,-0.205,0.504
4648,0.194,0.566
4650,0.238,0.538
4651,-0.949,0.47
4652,-0.286,0.482
4653,-0.387,0.504
4654,0.447,0.59
4656,0.865,0.684
4657,-1.61,0.495
4658,0.865,0.684
4659,-0.085,0.497
4661,0.447,0.59
4662,0.235,0.539
4664,0.32,0.557
4665,0.056,0.527
4667,-0.31,0.492
4668,-0.771,0.484
4670,0.865,0.684
4671,0.865,0.684
4673,0.235,0.539
4676,0.865,0.684
4677,0.309,0.576
4678,-0.085,0.497
4679,-0.24,0.492
4681,0.865,0.684
4682,0.056,0.527
4683,-1.572,0.518
4684,0.447,0.59
4685,0.865,0.684
4686,-0.192,0.511
4687,0.865,0.684
4690,0.007,0.558
4692,0.447,0.59
4693,-0.31,0.489
4694,0.865,0.684
4696,0.238,0.538
4697,0.447,0.59
4698,-0.707,0.501
4699,-0.643,0.475
4700,0.865,0.684
4701,0.045,0.539
4702,0.865,0.684
4703,-1.685,0.484
4704,-1.572,0.518
4705,-0.849,0.48
10217,0.865,0.684
4707,-0.551,0.506
4709,0.007,0.558
4710,-0.407,0.496
4712,-0.241,0.485
4714,-0.436,0.508
4715,0.053,0.522
4717,0.865,0.684
4718,-1.757,0.498
4719,0.865,0.684
4720,-1.329,0.496
4721,0.235,0.539
4722,0.865,0.684
4723,-1.703,0.504
4724,0.309,0.576
4726,-1.157,0.486
4727,0.865,0.684
4728,-0.122,0.504
4732,0.447,0.59
4733,-0.554,0.457
4735,-1.093,0.479
4736,-0.286,0.482
4738,-0.386,0.512
4739,0.865,0.684
4740,0.175,0.546
4741,-0.554,0.457
4742,0.865,0.684
4743,0.194,0.566
4744,-0.312,0.497
4746,-0.202,0.494
4747,0.865,0.684
4748,0.447,0.59
4749,0.447,0.59
4750,-0.274,0.5
4751,0.865,0.684
4752,0.865,0.684
4753,-0.295,0.507
4754,-0.085,0.497
4756,0.309,0.576
4757,-1.11,0.472
4758,0.045,0.539
4759,-0.24,0.492
4761,0.32,0.557
4763,0.447,0.59
4765,-2.275,0.566
4766,-0.192,0.511
4767,0.235,0.539
4768,-0.273,0.507
4769,0.865,0.684
4770,-0.386,0.512
4771,0.865,0.684
4772,0.238,0.538
4773,-0.312,0.497
4775,-0.582,0.506
4776,-0.996,0.474
4777,0.865,0.684
4779,-0.14,0.487
4780,0.238,0.538
4781,0.045,0.539
4783,-0.657,0.498
4787,-1.068,0.456
4788,-0.091,0.521
4790,-0.087,0.495
4792,0.447,0.59
4793,0.865,0.684
4794,0.175,0.546
4796,0.865,0.684
4800,0.016,0.525
4801,0.865,0.684
4802,0.865,0.684
4803,-0.24,0.492
4804,-0.521,0.476
4805,-1.023,0.491
4806,0.016,0.525
4808,-0.205,0.504
4809,0.309,0.576
4810,0.053,0.522
4811,0.865,0.684
4812,0.865,0.684
4813,-0.914,0.481
4815,0.238,0.538
4816,0.194,0.566
4817,0.32,0.557
4818,-0.37,0.49
4819,0.865,0.684
4821,0.865,0.684
4822,0.865,0.684
4824,-0.95,0.482
4825,-0.055,0.517
4826,0.447,0.59
4829,0.194,0.566
4830,-0.878,0.456
4831,0.865,0.684
4832,-0.378,0.48
4833,-0.306,0.522
4835,0.045,0.539
4836,-1.522,0.485
4837,-1.387,0.478
4838,-0.15,0.513
4839,-1.146,0.456
4840,0.865,0.684
4841,0.447,0.59
4844,0.235,0.539
4845,-1.504,0.507
4846,0.045,0.539
4847,-0.608,0.481
4848,0.447,0.59
4850,-1.326,0.482
4851,0.194,0.566
4852,0.865,0.684
4855,0.447,0.59
4856,0.865,0.684
4857,0.447,0.59
4858,0.235,0.539
4859,-0.82,0.455
4860,0.865,0.684
4861,0.865,0.684
4862,-0.087,0.495
4863,0.865,0.684
4864,-0.15,0.513
4865,0.235,0.539
4866,-0.075,0.516
4867,0.865,0.684
4868,0.32,0.557
4871,-1.572,0.518
4872,0.309,0.576
4874,-0.554,0.457
4876,-0.192,0.511
4878,-0.884,0.479
4879,-0.686,0.494
4880,-0.829,0.473
4881,0.865,0.684
4883,-0.24,0.492
4884,-0.588,0.477
4885,0.016,0.525
4886,0.447,0.59
4888,-0.849,0.473
4889,0.865,0.684
4891,-0.908,0.475
4892,-0.733,0.456
4893,-0.085,0.497
4895,-0.297,0.715
4897,-1.078,0.463